[
{"id":"15192","rater_nick":"BrutusRex","rated_nick":"[nin]","created_at":"1348602716.38702","rating":"10","notes":"awesome friend"},
{"id":"15210","rater_nick":"Coolio-","rated_nick":"[nin]","created_at":"1348605878.13799","rating":"9","notes":"many many trades"},
{"id":"15213","rater_nick":"noulol","rated_nick":"[nin]","created_at":"1348605943.44097","rating":"5","notes":null},
{"id":"15256","rater_nick":"luke-jr","rated_nick":"[nin]","created_at":"1348626274.23133","rating":"-10","notes":"This is not a legitimate account, it is a doppelganger Coolio- attempting to force me to remove his rating."},
{"id":"15261","rater_nick":"Ssateneth","rated_nick":"[nin]","created_at":"1348626416.3795","rating":"-10","notes":"See Luke-Jr's rating."},
{"id":"15293","rater_nick":"Luceo","rated_nick":"[nin]","created_at":"1348691824.16381","rating":"-10","notes":"Coolio- sockpuppet"},
{"id":"15598","rater_nick":"aethero","rated_nick":"[nin]","created_at":"1349209322.12545","rating":"-10","notes":"Sockpuppet account"}
]
