[
{"id":"19145","rater_nick":"weeboo","rated_nick":"[snake]","created_at":"1356731525.21354","rating":"1","notes":"Bought BTC for PPUSD, smooth trade."},
{"id":"19944","rater_nick":"Aaron_TangCryp","rated_nick":"[snake]","created_at":"1359004716.2026","rating":"4","notes":"Great job doing a banner for me, Great artist and did the work in the time I was in the shower very impressed"},
{"id":"23034","rater_nick":"dohse","rated_nick":"[snake]","created_at":"1365090539.66807","rating":"2","notes":"his btc for my paypal, easy transaction"}
]
