[
{"id":"11905","rater_nick":"a5m0","rated_nick":"_jesus_","created_at":"1340146950.98613","rating":"1","notes":"provided ID and bought btc for dwolla"},
{"id":"22406","rater_nick":"diatonic","rated_nick":"_jesus_","created_at":"1364329298.31007","rating":"1","notes":"Small transaction my BTC for his Dwolla. Also died for my sins."},
{"id":"22877","rater_nick":"bigtip","rated_nick":"_jesus_","created_at":"1364895507.0041","rating":"1","notes":"quick payment, also died for my many sins"},
{"id":"24158","rater_nick":"bitdragon","rated_nick":"_jesus_","created_at":"1366354283.53553","rating":"2","notes":"Two smooth transactions for Prepaid CC & Money Order"}
]
