[
{"id":"2789","rater_nick":"sweeper","rated_nick":"_joe","created_at":"1305925330.49468","rating":"10","notes":null},
{"id":"2796","rater_nick":"Namegduf","rated_nick":"_joe","created_at":"1305929703.37198","rating":"1","notes":null},
{"id":"2867","rater_nick":"jgarzik","rated_nick":"_joe","created_at":"1306115047.86156","rating":"2","notes":null},
{"id":"2899","rater_nick":"Sonata","rated_nick":"_joe","created_at":"1306085477.86199","rating":"1","notes":"Quick transaction, great buyer"},
{"id":"2924","rater_nick":"dinox","rated_nick":"_joe","created_at":"1307735101.54002","rating":"2","notes":"MTGUSD->PP, np"},
{"id":"3028","rater_nick":"black8","rated_nick":"_joe","created_at":"1306264336.50624","rating":"1","notes":"paided back a 2 btc loan"},
{"id":"3181","rater_nick":"jindel","rated_nick":"_joe","created_at":"1306519067.30008","rating":"2","notes":"bought $200 of BTC from _joe, very helpful\/patient."},
{"id":"5415","rater_nick":"witten","rated_nick":"_joe","created_at":"1308531758.79881","rating":"1","notes":"A++++++++++++++++++plusplus"},
{"id":"5418","rater_nick":"Bloom85","rated_nick":"_joe","created_at":"1308534622.74965","rating":"1","notes":"helpful and prompt"},
{"id":"5571","rater_nick":"samlander","rated_nick":"_joe","created_at":"1308779863.25232","rating":"1","notes":"good guy, made good on a difficult transaction.. will do business with again"}
]
