[
{"id":"3455","rater_nick":"KieranCassel","rated_nick":"_Steve_","created_at":"1306969074.69125","rating":"1","notes":null},
{"id":"3510","rater_nick":"roxy","rated_nick":"_Steve_","created_at":"1307010627.78023","rating":"1","notes":"successfull paypal transfer"},
{"id":"5446","rater_nick":"MichaelNightTime","rated_nick":"_Steve_","created_at":"1308592586.40921","rating":"1","notes":"Purchased my music. Easy transaction."},
{"id":"16809","rater_nick":"techmrw","rated_nick":"_Steve_","created_at":"1351784801.51501","rating":"-1","notes":"WARNING: Nick squatter is using this identity. This person is NOT who he claims to be. Don't get scammed. I will remove this rating if you identify, enforce and auth to gribble."}
]
