[
{"id":"21666","rater_nick":"BCB","rated_nick":"_tetsuo_","created_at":"1363971701.96616","rating":"4","notes":"My Paypal for His Bitcoin. Mostly Smooth."},
{"id":"21752","rater_nick":"Immuzikation","rated_nick":"_tetsuo_","created_at":"1364402426.68177","rating":"3","notes":"My PP for BTC. Multiple transactions. Smooth!"},
{"id":"22422","rater_nick":"gaantr2","rated_nick":"_tetsuo_","created_at":"1364339764.41863","rating":"2","notes":"very good trader, very patient, worked with me when we had an issue. He sent first. Highly recommended."},
{"id":"23932","rater_nick":"madberry","rated_nick":"_tetsuo_","created_at":"1366595985.56465","rating":"-1","notes":"Please register and enforce your nick with nickserv. PM me after and I will remove the neg rating.."}
]
