[
{"id":"6553","rater_nick":"random_cat","rated_nick":"a215","created_at":"1312591946.694","rating":"1","notes":"gave him some btc for paypal usd"},
{"id":"6970","rater_nick":"imsaguy","rated_nick":"a215","created_at":"1314794783.59215","rating":"1","notes":"Sold 4 btc for Amazon GC. Used copumpkin as escrow, I sent first."},
{"id":"7368","rater_nick":"DeLorean719","rated_nick":"a215","created_at":"1318122423.70479","rating":"1","notes":"1st trade with this guy, would definitely trade again"},
{"id":"8211","rater_nick":"gigavps","rated_nick":"a215","created_at":"1324262435.99973","rating":"1","notes":"smooth paypal transaction"},
{"id":"11340","rater_nick":"ne0futur","rated_nick":"a215","created_at":"1338521769.34595","rating":"1","notes":"welcome in my woT !"},
{"id":"11368","rater_nick":"osmosis","rated_nick":"a215","created_at":"1338619306.52975","rating":"1","notes":"gave him btc for paypal"},
{"id":"18575","rater_nick":"episking-","rated_nick":"a215","created_at":"1355163211.8029","rating":"1","notes":"my BTC for his PPUSD."},
{"id":"29930","rater_nick":"tryptus","rated_nick":"a215","created_at":"1384846719.32094","rating":"2","notes":"My BTC for his ppUSD.  0.5 BTC.  Smooth as milk."},
{"id":"29934","rater_nick":"diatonic","rated_nick":"a215","created_at":"1377729871.44604","rating":"1","notes":"My BTC for his PPUSD."},
{"id":"31717","rater_nick":"moochm","rated_nick":"a215","created_at":"1384837689.94876","rating":"3","notes":"Traded BTC for USD\/pp honest and quick"},
{"id":"33631","rater_nick":"sturles","rated_nick":"a215","created_at":"1391891814.1846","rating":"1","notes":"PayPal"},
{"id":"33632","rater_nick":"arbitrage","rated_nick":"a215","created_at":"1391898692.46476","rating":"1","notes":"ppusd for btc. hasnt screwed me yet."},
{"id":"33969","rater_nick":"csm","rated_nick":"a215","created_at":"1393273920.58559","rating":"1","notes":"triple digit purchase of BTC via PayPal"},
{"id":"37403","rater_nick":"TheButterZone","rated_nick":"a215","created_at":"1420786479.15672","rating":"-1","notes":"Unsolicited PM pushing me to take PayPal when my orderbook entry doesn't say I take it"}
]
