[
{"id":"9147","rater_nick":"splatster","rated_nick":"a5m0","created_at":"1329362918.78971","rating":"2","notes":"Bought a YubiKey from him"},
{"id":"9182","rater_nick":"unclemantis","rated_nick":"a5m0","created_at":"1329533575.59433","rating":"1","notes":"knows his stuff. Pleasure."},
{"id":"9290","rater_nick":"DBordello","rated_nick":"a5m0","created_at":"1329858454.45952","rating":"1","notes":"Traded BTC for BTC. Smooth"},
{"id":"9348","rater_nick":"MBS","rated_nick":"a5m0","created_at":"1344910340.67242","rating":"2","notes":"Sold him a dockstar, some ram, and some serve.com credit"},
{"id":"9467","rater_nick":"nanotube","rated_nick":"a5m0","created_at":"1330664416.69846","rating":"1","notes":null},
{"id":"9468","rater_nick":"imsaguy","rated_nick":"a5m0","created_at":"1330667589.16604","rating":"1","notes":"sold me some 5830s, so far so good."},
{"id":"9608","rater_nick":"CaptainDDL","rated_nick":"a5m0","created_at":"1332708752.49928","rating":"1","notes":"Bought 1 Yubikey via #bitcoin-auctions, quick delivery."},
{"id":"9983","rater_nick":"cal1fub3ralle5","rated_nick":"a5m0","created_at":"1332819460.72274","rating":"1","notes":"bought 22 btc with moneypak"},
{"id":"10311","rater_nick":"james","rated_nick":"a5m0","created_at":"1334423217.17216","rating":"1","notes":"good trader"},
{"id":"10318","rater_nick":"awesomeo","rated_nick":"a5m0","created_at":"1334428888.31413","rating":"1","notes":"Easy, instant transaction. Thanks."},
{"id":"10447","rater_nick":"draco49","rated_nick":"a5m0","created_at":"1334945801.87345","rating":"1","notes":"Sold me a shiny, new Yubikey. Quick shipping."},
{"id":"11856","rater_nick":"JGuest","rated_nick":"a5m0","created_at":"1340046998.00274","rating":"1","notes":"small transaction recieved btc for ppusd"},
{"id":"11871","rater_nick":"dooglus","rated_nick":"a5m0","created_at":"1340069134.01241","rating":"1","notes":"I bought BTC for PayPal. Smooth transaction."},
{"id":"11906","rater_nick":"_jesus_","rated_nick":"a5m0","created_at":"1340147025.77863","rating":"1","notes":"sold btc for dwolla"},
{"id":"12044","rater_nick":"Luceo","rated_nick":"a5m0","created_at":"1341448247.1384","rating":"2","notes":"Always a pleasure to deal with, repeat buyer and never had a difficult transaction."},
{"id":"12054","rater_nick":"windwaker_","rated_nick":"a5m0","created_at":"1340580450.01754","rating":"1","notes":"fast, a pleasure to work with"},
{"id":"12056","rater_nick":"rubin110","rated_nick":"a5m0","created_at":"1340583424.18516","rating":"1","notes":"bought btc over paypal awesome!"},
{"id":"12143","rater_nick":"easystevey","rated_nick":"a5m0","created_at":"1340771096.78164","rating":"1","notes":"quick and easy MP for BTC exchange"},
{"id":"12146","rater_nick":"MysteryBanshee","rated_nick":"a5m0","created_at":"1340783181.01614","rating":"1","notes":"sent me solidcoin"},
{"id":"12188","rater_nick":"aethero","rated_nick":"a5m0","created_at":"1350338044.78766","rating":"5","notes":"Bought IT services, gox usd, yubi key, laptop, and more from him. Multiple smooth transactions."},
{"id":"12250","rater_nick":"justinm001","rated_nick":"a5m0","created_at":"1341217003.43884","rating":"2","notes":"I bought 2 Yubikeys, was a good deal - thanks :)"},
{"id":"12371","rater_nick":"rg","rated_nick":"a5m0","created_at":"1347118945.83726","rating":"1","notes":"and i say HEY what a wonderful kind of day. where you learn to work and play and get along with eachother!"},
{"id":"12374","rater_nick":"noitev","rated_nick":"a5m0","created_at":"1341477522.3976","rating":"1","notes":"thanks for the speedy service :)"},
{"id":"12404","rater_nick":"lunchboxelby","rated_nick":"a5m0","created_at":"1341615342.57685","rating":"1","notes":"bought 10 btc for dwolla"},
{"id":"12459","rater_nick":"SupaDupaJenkins","rated_nick":"a5m0","created_at":"1347257940.73312","rating":"3","notes":"have a loan out with him working on fast repayment honest trader who I've borrowed from and bought coins from before :)"},
{"id":"12466","rater_nick":"BlueVM","rated_nick":"a5m0","created_at":"1341819799.93407","rating":"1","notes":"Bought 2 btc with ppusd, thanks for everything."},
{"id":"12521","rater_nick":"GlooBoy","rated_nick":"a5m0","created_at":"1341963855.6008","rating":"1","notes":"CG for BTC mmmm, Pizza"},
{"id":"12694","rater_nick":"mcorlett","rated_nick":"a5m0","created_at":"1342381668.99541","rating":"1","notes":"Sold me games."},
{"id":"12774","rater_nick":"eremes","rated_nick":"a5m0","created_at":"1342544190.95412","rating":"1","notes":"sold him a game for btcs"},
{"id":"12841","rater_nick":"shdzz","rated_nick":"a5m0","created_at":"1342658912.91294","rating":"1","notes":"Sold me BTC for PPUSD, easy transaction, thanks!"},
{"id":"12923","rater_nick":"copumpkin","rated_nick":"a5m0","created_at":"1349153329.67082","rating":"2","notes":"omg knows math"},
{"id":"13303","rater_nick":"spongebob88","rated_nick":"a5m0","created_at":"1344029161.88196","rating":"1","notes":"bought MLG pass for me for BTC"},
{"id":"13411","rater_nick":"danieldaniel","rated_nick":"a5m0","created_at":"1350939885.87248","rating":"2","notes":"Lesbians"},
{"id":"13712","rater_nick":"lucidlepidoptera","rated_nick":"a5m0","created_at":"1345071645.27084","rating":"1","notes":"bought foodage from bitpantry!"},
{"id":"13719","rater_nick":"mvrak","rated_nick":"a5m0","created_at":"1345086250.91273","rating":"1","notes":"my pizza for his coins"},
{"id":"16971","rater_nick":"fabrizziop","rated_nick":"a5m0","created_at":"1352169866.08508","rating":"2","notes":"he provides me a voip service, honored my deposit"},
{"id":"18554","rater_nick":"Jamesonwa","rated_nick":"a5m0","created_at":"1355130319.25844","rating":"1","notes":"Traded my $640 for his btc"},
{"id":"18590","rater_nick":"Rankor2","rated_nick":"a5m0","created_at":"1355194820.94195","rating":"1","notes":"btc for my moneypak"},
{"id":"18623","rater_nick":"freewil","rated_nick":"a5m0","created_at":"1355405392.06853","rating":"3","notes":"sold me 200 btc upfront"},
{"id":"18806","rater_nick":"rudd-o","rated_nick":"a5m0","created_at":"1355981272.54132","rating":"3","notes":"I sent cash first, he paid bitcoin, right away, three figures, no problems, standup and knowledgeable guy"},
{"id":"19640","rater_nick":"ElevatedDownfall","rated_nick":"a5m0","created_at":"1358149048.30478","rating":"2","notes":"he's been around the OTC awhile, and I definitely trust him. Also won .81 BTC in #bitcoin-gameshow on 1\/14\/2013"},
{"id":"19641","rater_nick":"c4pt","rated_nick":"a5m0","created_at":"1358149681.1227","rating":"1","notes":"sold me BTC for PPUSD"},
{"id":"19762","rater_nick":"isokivi","rated_nick":"a5m0","created_at":"1358518854.16785","rating":"1","notes":"A smooth transaction, he bought a bitcoin keychain."},
{"id":"19763","rater_nick":"thestringpuller","rated_nick":"a5m0","created_at":"1358519181.67999","rating":"2","notes":"sold me pi Azelphur did escrow"},
{"id":"19844","rater_nick":"arij","rated_nick":"a5m0","created_at":"1359343628.01666","rating":"4","notes":"multiple good trades, various methods"},
{"id":"20330","rater_nick":"occulta","rated_nick":"a5m0","created_at":"1362056477.93677","rating":"2","notes":"Purchased 2nd Amazon GC"},
{"id":"20746","rater_nick":"Synops","rated_nick":"a5m0","created_at":"1361396755.92061","rating":"2","notes":"Fast deal. Instant gox (btc) exchange for my serve."},
{"id":"20790","rater_nick":"grubles","rated_nick":"a5m0","created_at":"1361576474.89342","rating":"2","notes":"traded gpus"},
{"id":"20872","rater_nick":"Karmaon","rated_nick":"a5m0","created_at":"1362013120.23538","rating":"2","notes":"Nice"},
{"id":"21795","rater_nick":"swhitt","rated_nick":"a5m0","created_at":"1363921782.31444","rating":"1","notes":"Small exchange, my BoA USD for his BTC."},
{"id":"22629","rater_nick":"dirkdizzler","rated_nick":"a5m0","created_at":"1364501261.74192","rating":"10","notes":"super trader."},
{"id":"22630","rater_nick":"gtlz","rated_nick":"a5m0","created_at":"1364501888.17186","rating":"1","notes":"Sold him items for btc, paid promptly upon receipt. Nice guy."},
{"id":"22649","rater_nick":"tweeeaks","rated_nick":"a5m0","created_at":"1388290145.58891","rating":"5","notes":"Many smooth deals, my hardware for his BTC - good dude, he's in my crew."},
{"id":"22669","rater_nick":"ATC","rated_nick":"a5m0","created_at":"1364533394.51782","rating":"3","notes":"Purchased HD 6970 GPU from him for BTC. Shipped quickly and performs as advertised. Thanks!"},
{"id":"23162","rater_nick":"Ex0deus","rated_nick":"a5m0","created_at":"1365277092.49203","rating":"2","notes":"Great deal on some SATA HDD's. Shipped very fast."},
{"id":"23179","rater_nick":"kidd0","rated_nick":"a5m0","created_at":"1365399507.18431","rating":"2","notes":"another successful BTC purchase... 25 BTC i sent money first and he came through again, thanks"},
{"id":"24469","rater_nick":"zerodrama","rated_nick":"a5m0","created_at":"1366865291.01646","rating":"3","notes":"great lender, touched my card"},
{"id":"25077","rater_nick":"jcpham","rated_nick":"a5m0","created_at":"1369068390.26139","rating":"1","notes":"ITEM NOT AS DESCRIBED. IF THIS WERE EBAY, I'D FILE A DISPUTE AGAINST YOU. HAVE A NICE DAY. TOO HEAVY TO SHIP BACK. WASTE OF TIME. da4c53eeeecb2554c50b220dbf8a42a33ca476722141a20ae0081e0ec7fd5942"},
{"id":"25078","rater_nick":"d34th","rated_nick":"a5m0","created_at":"1367944625.01024","rating":"1","notes":"overviewed many trades between him and arij"},
{"id":"30675","rater_nick":"coingenuity","rated_nick":"a5m0","created_at":"1380652522.68355","rating":"3","notes":"Good guy, always had positive dealings in the past"},
{"id":"35853","rater_nick":"csm","rated_nick":"a5m0","created_at":"1403868046.93269","rating":"1","notes":"regular"},
{"id":"37681","rater_nick":"Blazed","rated_nick":"a5m0","created_at":"1427922822.23836","rating":"1","notes":"dat Soylent"}
]
