[
{"id":"1600","rater_nick":"Glyph","rated_nick":"Aahzmundus","created_at":"1304310940.62387","rating":"1","notes":"honest buyer of BTCs with PayPal"},
{"id":"1671","rater_nick":"coinpal","rated_nick":"Aahzmundus","created_at":"1305113054.9449","rating":"4","notes":"automated CoinPal rating"},
{"id":"1773","rater_nick":"Sonata","rated_nick":"Aahzmundus","created_at":"1304542673.00457","rating":"1","notes":null},
{"id":"1872","rater_nick":"netxshare","rated_nick":"Aahzmundus","created_at":"1304652021.59504","rating":"1","notes":"Smooth transaction would do deal with this person again."},
{"id":"1878","rater_nick":"OVerLoRDI","rated_nick":"Aahzmundus","created_at":"1304653278.1276","rating":"2","notes":null},
{"id":"1890","rater_nick":"io_error","rated_nick":"Aahzmundus","created_at":"1304661920.47445","rating":"1","notes":"Bought 3 carrots for 10 USD"},
{"id":"1898","rater_nick":"frewsxcv","rated_nick":"Aahzmundus","created_at":"1304664332.13673","rating":"1","notes":"good trader -- dwolla -- 3.5btc"},
{"id":"1958","rater_nick":"nebiz","rated_nick":"Aahzmundus","created_at":"1304814471.0323","rating":"1","notes":"sold 30 btc via dwolla, quick and easy, good communication"},
{"id":"1972","rater_nick":"SantiGasm","rated_nick":"Aahzmundus","created_at":"1304824500.71276","rating":"1","notes":"Quick trade, very reliable and trusting."},
{"id":"2146","rater_nick":"Tombom52","rated_nick":"Aahzmundus","created_at":"1305158536.92298","rating":"3","notes":"Good man!"},
{"id":"2193","rater_nick":"LaoShanLong","rated_nick":"Aahzmundus","created_at":"1305161047.86857","rating":"1","notes":"Sold 1.18BTC @ 5.49 Dwolla Each, split transfer fee"},
{"id":"2473","rater_nick":"RylandAlmanza","rated_nick":"Aahzmundus","created_at":"1305488883.67491","rating":"1","notes":"Very honest trader. Allowed me to recieve what I had ordered before paying him, and didn't even want me to use clearcoin. Would and will buy from him again."},
{"id":"26472","rater_nick":"ocminer","rated_nick":"Aahzmundus","created_at":"1371413478.94664","rating":"1","notes":"nice and easy ppusd transaction, would trade again"},
{"id":"29767","rater_nick":"LocalBitcoins","rated_nick":"Aahzmundus","created_at":"1377251887.41596","rating":"1","notes":"Has 100% feedback score on LocalBitcoins.com with 2 confirmed trades. See: https:\/\/localbitcoins.com\/p\/Aahzmundus\/"}
]
