[
{"id":"7834","rater_nick":"gigavps","rated_nick":"aakselrod","created_at":"1322859579.25785","rating":"2","notes":"multiple paypal tranactions"},
{"id":"8054","rater_nick":"ocminer","rated_nick":"aakselrod","created_at":"1323292509.28036","rating":"2","notes":"everyting fine, nice and easy ppusd transaction, thanks"},
{"id":"8412","rater_nick":"jcpham","rated_nick":"aakselrod","created_at":"1325261771.56832","rating":"1","notes":"smooth PP transaction"},
{"id":"8487","rater_nick":"rg","rated_nick":"aakselrod","created_at":"1325781733.76956","rating":"1","notes":"successful ppusd->btc"},
{"id":"8518","rater_nick":"imsaguy","rated_nick":"aakselrod","created_at":"1325891398.97797","rating":"1","notes":"traded some NMC for USD."},
{"id":"8583","rater_nick":"coomalley","rated_nick":"aakselrod","created_at":"1326304609.92014","rating":"1","notes":"Great BTC>PPUSD exchange very fast and friendly"},
{"id":"8876","rater_nick":"Sid_Itious","rated_nick":"aakselrod","created_at":"1328043914.97118","rating":"10","notes":"Long time IRL friend"},
{"id":"8877","rater_nick":"sgornick","rated_nick":"aakselrod","created_at":"1328044624.82541","rating":"1","notes":"Sold a small amount of bitcoin (which I didn't even have yet) for aakselrod's PPUSD. Really helped me out. Great trx!"},
{"id":"8896","rater_nick":"DingoRabiit","rated_nick":"aakselrod","created_at":"1328127924.27768","rating":"1","notes":"Rally nice guy!, Has a Damn confusing requirement to rate him tho, Lol."},
{"id":"12313","rater_nick":"IveBeenBit","rated_nick":"aakselrod","created_at":"1341331863.51316","rating":"6","notes":"Nice guy and very helpful. I've known him for a long time IRL."}
]
