[
{"id":"2819","rater_nick":"kcanini","rated_nick":"aaksut","created_at":"1305966265.00346","rating":"1","notes":"I sold 10 bitcoins to aaksut through Paypal. Prompt payment. Thanks!"},
{"id":"2886","rater_nick":"divergenta","rated_nick":"aaksut","created_at":"1306079594.00151","rating":"2","notes":"sold him btc for ppusd. worked out fine"},
{"id":"2890","rater_nick":"bitcoinTrader","rated_nick":"aaksut","created_at":"1306687248.65123","rating":"6","notes":"multiple paypal transactions"},
{"id":"2972","rater_nick":"underyx","rated_nick":"aaksut","created_at":"1306161026.10046","rating":"1","notes":"smooth transaction"},
{"id":"2974","rater_nick":"sweeper","rated_nick":"aaksut","created_at":"1306162007.46651","rating":"1","notes":"fast ppusd tx would do business again"},
{"id":"2980","rater_nick":"johnlockwood","rated_nick":"aaksut","created_at":"1306166344.27437","rating":"1","notes":"thanks for the smooth transaction"},
{"id":"3148","rater_nick":"Shocky","rated_nick":"aaksut","created_at":"1306463954.22867","rating":"1","notes":"this man here is a real poetry lover"},
{"id":"3150","rater_nick":"jgarzik","rated_nick":"aaksut","created_at":"1307189946.0805","rating":"3","notes":null},
{"id":"3259","rater_nick":"LaoShanLong","rated_nick":"aaksut","created_at":"1306720458.98012","rating":"1","notes":"1.09 BTC @ 8.3 PPUSD Each"},
{"id":"3264","rater_nick":"durando","rated_nick":"aaksut","created_at":"1306728111.42479","rating":"1","notes":"guy took a chance on me when i was brand new and even gave me .02btc to get me started then sold me 1"},
{"id":"3800","rater_nick":"FooDSt4mP","rated_nick":"aaksut","created_at":"1307172632.29985","rating":"3","notes":null},
{"id":"3987","rater_nick":"ne0futur","rated_nick":"aaksut","created_at":"1307277901.52223","rating":"1","notes":"first transaction 1 btc"},
{"id":"3996","rater_nick":"inyuki","rated_nick":"aaksut","created_at":"1307284586.90781","rating":"1","notes":null},
{"id":"4169","rater_nick":"MILF","rated_nick":"aaksut","created_at":"1307369392.0123","rating":"1","notes":"transaction went well"},
{"id":"16487","rater_nick":"fbastage","rated_nick":"aaksut","created_at":"1351082374.89277","rating":"-3","notes":"WARNING: this nick is not set to ENFORCE. a name squatter is sitting on this name conning people with this person's rating."},
{"id":"17070","rater_nick":"techmrw","rated_nick":"aaksut","created_at":"1352309203.70037","rating":"-1","notes":"WARNING: Nick squatter is using this identity. This person is NOT who he claims to be. If you are the genuine user of this identity, set enforce to this nickname and auth to gribble and I will remove this rating."}
]
