[
{"id":"17104","rater_nick":"MBS","rated_nick":"AAP-","created_at":"1352350129.16659","rating":"3","notes":"Sold him many bitcoins for paypal"},
{"id":"17109","rater_nick":"AndrewNTH","rated_nick":"AAP-","created_at":"1352352725.03749","rating":"1","notes":"nice guy, paid me absurd prices for 2 btc via paypal, also should quit smoking"},
{"id":"18403","rater_nick":"Ex0deus","rated_nick":"AAP-","created_at":"1356601555.54982","rating":"2","notes":"Multiple btc to ppusd transactions. always pays first. stand up member of the community!"},
{"id":"18469","rater_nick":"BCB","rated_nick":"AAP-","created_at":"1362703203.34828","rating":"5","notes":"multiple paypal to bitcoin transactions. Always smooth."},
{"id":"18780","rater_nick":"camolist","rated_nick":"AAP-","created_at":"1355826907.30018","rating":"1","notes":"sold him btc for serve. thanks!"},
{"id":"18804","rater_nick":"episking-","rated_nick":"AAP-","created_at":"1355894676.11657","rating":"1","notes":"my BTC for his PPUSD, small TX."},
{"id":"19422","rater_nick":"Immuzikation","rated_nick":"AAP-","created_at":"1362309736.42885","rating":"2","notes":"Multiple transactions. My BTC for MP\/PP. Smooth!"},
{"id":"19614","rater_nick":"aethero","rated_nick":"AAP-","created_at":"1358356416.55685","rating":"2","notes":"Multiple transactions"},
{"id":"19645","rater_nick":"yoyoceramic","rated_nick":"AAP-","created_at":"1364351863.70197","rating":"5","notes":"Several small transactions nearing 1000 dollars. He sends me PPUSD in exchange for my BTC. He was friendly and responsive when I brought to his attention an outstanding payment he owed me. Would do business with again."},
{"id":"20341","rater_nick":"ne0futur","rated_nick":"AAP-","created_at":"1360309229.84511","rating":"1","notes":"first small transaction to get you in my WoT"},
{"id":"20343","rater_nick":"knokturnl","rated_nick":"AAP-","created_at":"1360741387.04831","rating":"2","notes":"Several transactions, my BTC for his PPUSD. Smooth transaction every time."},
{"id":"20475","rater_nick":"Ssateneth","rated_nick":"AAP-","created_at":"1360662424.78738","rating":"1","notes":"I sold him BTC for his PPUSD. Medium-small transaction."},
{"id":"20796","rater_nick":"foggyb","rated_nick":"AAP-","created_at":"1361603461.35468","rating":"1","notes":"Sold him some BTC for PPUSD."},
{"id":"21674","rater_nick":"Billdr","rated_nick":"AAP-","created_at":"1363763648.29249","rating":"1","notes":"Fast btc for paypal transaction."}
]
