[
{"id":"19865","rater_nick":"episking-","rated_nick":"Aaron_TangCryp","created_at":"1358796997.76603","rating":"1","notes":"my BTC for his 2x Moneypaks -- He sent first. Thanks!!"},
{"id":"19866","rater_nick":"yoyoceramic","rated_nick":"Aaron_TangCryp","created_at":"1363301633.99334","rating":"5","notes":"Made good on a 7BTC loan and followed through with paying back in full despite related diffulties. Have done several MoneyPak transactions with this user, always worked out well. Thank you!"},
{"id":"19868","rater_nick":"danieldaniel","rated_nick":"Aaron_TangCryp","created_at":"1358800028.99208","rating":"1","notes":"ToysRNoobs GC -> BTC. 100% legit."},
{"id":"19886","rater_nick":"x0Jakeyboy0x","rated_nick":"Aaron_TangCryp","created_at":"1358829003.76685","rating":"2","notes":"Sold a $15 Amazon Giftcard via Oybee"},
{"id":"19889","rater_nick":"ATC","rated_nick":"Aaron_TangCryp","created_at":"1358831655.6342","rating":"5","notes":"Regular trading partner, always honest, multiple transactions in $200-$500 range for BTC, gold and silver..."},
{"id":"19911","rater_nick":"BukkakePizza","rated_nick":"Aaron_TangCryp","created_at":"1358914520.0066","rating":"9","notes":"Sold me for slightly below market price out of niceness. he is legit"},
{"id":"19923","rater_nick":"abracadabra","rated_nick":"Aaron_TangCryp","created_at":"1358962975.20264","rating":"1","notes":"quick, easy transaction, good communication, responsive"},
{"id":"19942","rater_nick":"mojo","rated_nick":"Aaron_TangCryp","created_at":"1359004528.38195","rating":"1","notes":"everything was smooth, thanks for your help!"},
{"id":"19943","rater_nick":"[snake]","rated_nick":"Aaron_TangCryp","created_at":"1359004691.14131","rating":"4","notes":"was great working with, I made him a logo, and he liked it, and game me btc for it. also gave me tons of compliments."},
{"id":"19958","rater_nick":"stalers","rated_nick":"Aaron_TangCryp","created_at":"1359055107.93375","rating":"-10","notes":"SCAMMER!!!"},
{"id":"19991","rater_nick":"camolist","rated_nick":"Aaron_TangCryp","created_at":"1359157575.21168","rating":"1","notes":"sold me 3 canadian 1 oz silver coins by bitcointalk auction, thanks!"},
{"id":"20156","rater_nick":"johnthedong","rated_nick":"Aaron_TangCryp","created_at":"1359609317.14867","rating":"2","notes":"Acted as escrow for his multiple deals, all goes without a hitch. Very professional!"},
{"id":"20442","rater_nick":"BTCfreeme","rated_nick":"Aaron_TangCryp","created_at":"1360564313.36298","rating":"2","notes":"first timer, i asked him to be gentle, he was, would recommend ;)"},
{"id":"20468","rater_nick":"parachan","rated_nick":"Aaron_TangCryp","created_at":"1360643928.7166","rating":"1","notes":"very helpful\/smooth BTC for amazon purchase!"},
{"id":"20477","rater_nick":"webbcoin","rated_nick":"Aaron_TangCryp","created_at":"1360665758.03885","rating":"1","notes":"Fast 78 USD Amazon Gift card transaction"},
{"id":"20499","rater_nick":"beethoven8201","rated_nick":"Aaron_TangCryp","created_at":"1360814621.22646","rating":"2","notes":"paid back a loan of 2 BTC in 24 hours on schedule"},
{"id":"20521","rater_nick":"deathman","rated_nick":"Aaron_TangCryp","created_at":"1360889534.83144","rating":"4","notes":"Another exchange successful"},
{"id":"20634","rater_nick":"pyroarchy","rated_nick":"Aaron_TangCryp","created_at":"1361173210.14358","rating":"1","notes":"small btc for logo, thanks"},
{"id":"20658","rater_nick":"Synops","rated_nick":"Aaron_TangCryp","created_at":"1361563719.53442","rating":"3","notes":"Easy and quick exchange, will use again and recommend to others! Many Transactions."},
{"id":"20751","rater_nick":"nickware","rated_nick":"Aaron_TangCryp","created_at":"1361412382.33176","rating":"1","notes":"my BTC for his Walmart - smooth transaction! Thanks!"},
{"id":"20754","rater_nick":"swhitt","rated_nick":"Aaron_TangCryp","created_at":"1361420608.69151","rating":"1","notes":"Quick BTC for amazon giftcard transfer. Nice guy, polite."},
{"id":"20765","rater_nick":"serp","rated_nick":"Aaron_TangCryp","created_at":"1361486541.44535","rating":"1","notes":"My btc for his silver"},
{"id":"20798","rater_nick":"SoulKhan","rated_nick":"Aaron_TangCryp","created_at":"1361765456.39171","rating":"1","notes":"Small, short term loan. Late payment, but made up for it with the extra btc."},
{"id":"21021","rater_nick":"abrkn","rated_nick":"Aaron_TangCryp","created_at":"1362207877.21273","rating":"1","notes":"bought amazon gift card. good price & fast"},
{"id":"21079","rater_nick":"franko11","rated_nick":"Aaron_TangCryp","created_at":"1362372876.87012","rating":"3","notes":null},
{"id":"21083","rater_nick":"Darkneo","rated_nick":"Aaron_TangCryp","created_at":"1362373616.20761","rating":"2","notes":"Sold me BTC for PP, transaction was fast and we've talked constantly for about 5 months"},
{"id":"21109","rater_nick":"jerbroch","rated_nick":"Aaron_TangCryp","created_at":"1362435380.77758","rating":"1","notes":"Smooth instant PayPal transaction :)"},
{"id":"21119","rater_nick":"babbler","rated_nick":"Aaron_TangCryp","created_at":"1362440695.61048","rating":"1","notes":"Easy trade PPUSD->BTC Thanks"},
{"id":"21124","rater_nick":"Mad7Scientist","rated_nick":"Aaron_TangCryp","created_at":"1362448297.4559","rating":"1","notes":"bought 3 btc from me with paypal"},
{"id":"21132","rater_nick":"xetamine","rated_nick":"Aaron_TangCryp","created_at":"1362459588.2555","rating":"3","notes":"i paid 200+ ppusd for bitcoin, great transaction, guy went the extra mile for me :)"},
{"id":"21139","rater_nick":"T3mpn4me","rated_nick":"Aaron_TangCryp","created_at":"1364046663.51608","rating":"2","notes":"Verified."},
{"id":"21159","rater_nick":"Kiba","rated_nick":"Aaron_TangCryp","created_at":"1362517883.0192","rating":"1","notes":"transaction a failure, but got refunded anyway."},
{"id":"21249","rater_nick":"BCB","rated_nick":"Aaron_TangCryp","created_at":"1363738922.40966","rating":"2","notes":"Paypal for Bitcoin Trade. Smooth."},
{"id":"21255","rater_nick":"kblessinggr","rated_nick":"Aaron_TangCryp","created_at":"1362712460.80604","rating":"1","notes":"he fed me loose bits *nom nom*"},
{"id":"21258","rater_nick":"GlooBoy","rated_nick":"Aaron_TangCryp","created_at":"1393594099.77494","rating":"-10","notes":"This nick is being squatted by a SCAMMER. DO NOT TRADE. - will change this rating when the real Aaron shows up and protects it - OriginalRating: -1 cant run a honest contest.."},
{"id":"21259","rater_nick":"aethero","rated_nick":"Aaron_TangCryp","created_at":"1364536439.04188","rating":"7","notes":null},
{"id":"21316","rater_nick":"grapevine","rated_nick":"Aaron_TangCryp","created_at":"1363810487.61907","rating":"2","notes":"lent 7btc, paid back fast, my pp for his btc"},
{"id":"21516","rater_nick":"astanix","rated_nick":"Aaron_TangCryp","created_at":"1363288163.82341","rating":"1","notes":"silver."},
{"id":"21719","rater_nick":"bonks","rated_nick":"Aaron_TangCryp","created_at":"1363814547.58565","rating":"1","notes":"Received my silver bullion won from an IRC contest, via coinabul.com."},
{"id":"21817","rater_nick":"msm595","rated_nick":"Aaron_TangCryp","created_at":"1363988217.38501","rating":"1","notes":"Very helpful, quick transaction, bought my amazon for btc"},
{"id":"21867","rater_nick":"Craynon","rated_nick":"Aaron_TangCryp","created_at":"1364075462.11288","rating":"1","notes":"Gave a reward for doing a survey without offering it previously"},
{"id":"21868","rater_nick":"MmmmYah","rated_nick":"Aaron_TangCryp","created_at":"1364076514.08179","rating":"1","notes":"cool survey nice guy"},
{"id":"22082","rater_nick":"TheButterZone","rated_nick":"Aaron_TangCryp","created_at":"1364506934.69539","rating":"1","notes":"Scotiabank silver for my BTC, great price, thanks!"},
{"id":"22437","rater_nick":"Ssateneth","rated_nick":"Aaron_TangCryp","created_at":"1364428773.36106","rating":"1","notes":"I loaned him 1.5 BTC for a couple hours. Was paid back with a decent amount of interest. Thank you very much."},
{"id":"22661","rater_nick":"Jason","rated_nick":"Aaron_TangCryp","created_at":"1364521922.48829","rating":"2","notes":"Did work for him. He paid as promised."},
{"id":"25643","rater_nick":"BitHub","rated_nick":"Aaron_TangCryp","created_at":"1369300605.84783","rating":"-1","notes":"still owes me that special 1btc bonus, remember brah?"},
{"id":"25873","rater_nick":"B0g4r7","rated_nick":"Aaron_TangCryp","created_at":"1369855486.17331","rating":"-1","notes":"Sold me some bad wal-mart codes. Owes me $700 in refunds for weeks now. Will change rating when repaid."},
{"id":"31183","rater_nick":"quickcoin","rated_nick":"Aaron_TangCryp","created_at":"1382958113.36743","rating":"1","notes":"Excellent trade, my BTC for his MP. Smooth."}
]
