[
{"id":"961","rater_nick":"mndrix","rated_nick":"AbeSkray","created_at":"1304002118.91541","rating":"3","notes":"a number of successful transactions"},
{"id":"1108","rater_nick":"coinpal","rated_nick":"AbeSkray","created_at":"1305285798.26054","rating":"5","notes":"automated CoinPal rating"},
{"id":"1197","rater_nick":"Keefe","rated_nick":"AbeSkray","created_at":"1303263457.99911","rating":"1","notes":null},
{"id":"1199","rater_nick":"brocktice","rated_nick":"AbeSkray","created_at":"1303264358.25127","rating":"1","notes":"Purchased goods from me, good transaction!"}
]
