[
{"id":"23444","rater_nick":"BCB","rated_nick":"abourget","created_at":"1365517172.10359","rating":"1","notes":"Paypal to Bitcoin Smooth."},
{"id":"23587","rater_nick":"rhodon","rated_nick":"abourget","created_at":"1365624892.68044","rating":"1","notes":"Smooth transaction. Quick payment. Welcome to BTC!"},
{"id":"23713","rater_nick":"pacpac","rated_nick":"abourget","created_at":"1365745621.53535","rating":"1","notes":"smooth ppusd"},
{"id":"23840","rater_nick":"chex","rated_nick":"abourget","created_at":"1365869399.76722","rating":"1","notes":"Great buyer! Traded .2 BTC."},
{"id":"23889","rater_nick":"MmmmYah","rated_nick":"abourget","created_at":"1365912089.44005","rating":"1","notes":"quick sell of my btc for his ppusd"},
{"id":"23945","rater_nick":"Grevex","rated_nick":"abourget","created_at":"1365981622.21071","rating":"1","notes":"Very helpful to newcomers, solves problems together, trustworthy."}
]
