[
{"id":"9488","rater_nick":"Jezzz","rated_nick":"abracadabra","created_at":"1330750591.66791","rating":"8","notes":"Many transactions. All successful."},
{"id":"9493","rater_nick":"reeses","rated_nick":"abracadabra","created_at":"1330797471.96226","rating":"1","notes":"fast payment for services rendered"},
{"id":"9738","rater_nick":"nefanon","rated_nick":"abracadabra","created_at":"1331872526.63873","rating":"1","notes":"Friendly guy, sold me 2 BTC for PPUSD"},
{"id":"9740","rater_nick":"dothackers","rated_nick":"abracadabra","created_at":"1332197943.43112","rating":"2","notes":"fast quick easy awesome! ppusd for btc!"},
{"id":"10487","rater_nick":"w00ly","rated_nick":"abracadabra","created_at":"1335132374.8537","rating":"2","notes":"2nd giftcard\/btc transaction"},
{"id":"10491","rater_nick":"lux","rated_nick":"abracadabra","created_at":"1335359289.31923","rating":"2","notes":"Sold me 6BTC"},
{"id":"10500","rater_nick":"ChriMarg","rated_nick":"abracadabra","created_at":"1335138757.79124","rating":"1","notes":"easy transaction. will do it again. recommended!"},
{"id":"10503","rater_nick":"koogan","rated_nick":"abracadabra","created_at":"1335144492.92657","rating":"10","notes":null},
{"id":"10517","rater_nick":"BlackBison","rated_nick":"abracadabra","created_at":"1335190386.02139","rating":"1","notes":"bought btc from him for pp, fast trade thanks"},
{"id":"10529","rater_nick":"Valalvax","rated_nick":"abracadabra","created_at":"1335216937.34141","rating":"3","notes":"Multiple good transactions"},
{"id":"10658","rater_nick":"bitbitcoin78","rated_nick":"abracadabra","created_at":"1335749895.65245","rating":"2","notes":"Long transaction, kept me updated, went smoothly in the end :)"},
{"id":"11005","rater_nick":"ageis","rated_nick":"abracadabra","created_at":"1337302484.16425","rating":"1","notes":"sold me BTC for PPUSD. quick, easy transaction"},
{"id":"14664","rater_nick":"DutchBrat","rated_nick":"abracadabra","created_at":"1347375892.29404","rating":"1","notes":"Sold him 5 GPUs, payment to escrow, BTC released same day as GPUs were delivered. Excellent !"},
{"id":"14853","rater_nick":"DBordello","rated_nick":"abracadabra","created_at":"1347853076.88718","rating":"3","notes":"Met him in alley with GPUs and a QR code. He paid me BTC and did not rape\/murder me."},
{"id":"16102","rater_nick":"RicRock","rated_nick":"abracadabra","created_at":"1350242441.3005","rating":"1","notes":"Purchased 5830 from me, I shipped first and he paid immediately upon receipt of goods. Solid"},
{"id":"16975","rater_nick":"aethero","rated_nick":"abracadabra","created_at":"1352174310.39211","rating":"1","notes":"Purchased his BTC for my USD"},
{"id":"17106","rater_nick":"bonks","rated_nick":"abracadabra","created_at":"1352351306.8361","rating":"1","notes":"Sold him an X6500 FPGA Miner for BTC"},
{"id":"18743","rater_nick":"camolist","rated_nick":"abracadabra","created_at":"1355712880.67494","rating":"1","notes":"sold bfl singles for btc all went very smooth"},
{"id":"18910","rater_nick":"Calder","rated_nick":"abracadabra","created_at":"1356109301.84005","rating":"2","notes":"Nice guy, bought ~13 BTC for $180 in person.  Received Bitcoins as promised, no bobcats."},
{"id":"19624","rater_nick":"ronsunrise","rated_nick":"abracadabra","created_at":"1358886591.84975","rating":"3","notes":"nice guy, bought his BTC for USD a couple times, fast and reliable, knows where to grab a good taco."},
{"id":"19734","rater_nick":"C0keZer0","rated_nick":"abracadabra","created_at":"1358387967.44191","rating":"2","notes":"trusting, trustworthy, cool dude"},
{"id":"19922","rater_nick":"Aaron_TangCryp","rated_nick":"abracadabra","created_at":"1358962933.85832","rating":"1","notes":"smoothtransaction everything went well"},
{"id":"19975","rater_nick":"jcpham","rated_nick":"abracadabra","created_at":"1359086480.81723","rating":"1","notes":"mines more coin than kimjongcom"},
{"id":"20496","rater_nick":"blinkier","rated_nick":"abracadabra","created_at":"1360724563.65368","rating":"1","notes":"Sold him some hardware and got my coins. Pleasant to deal with."}
]
