[
{"id":"15901","rater_nick":"AnonX","rated_nick":"abrkn","created_at":"1355082695.10057","rating":"7","notes":"Made 10kUSD+ in trades, no problems, very communicative and great trading partner"},
{"id":"15936","rater_nick":"sturles","rated_nick":"abrkn","created_at":"1349889914.38814","rating":"1","notes":"PayPal"},
{"id":"16262","rater_nick":"bladezor","rated_nick":"abrkn","created_at":"1350618636.92059","rating":"1","notes":"No hassle, super fast service"},
{"id":"17775","rater_nick":"LovEnPeacE","rated_nick":"abrkn","created_at":"1353576359.88544","rating":"1","notes":"Sent neteller for BTC easy and fast transaction"},
{"id":"17847","rater_nick":"aegis","rated_nick":"abrkn","created_at":"1353707385.69315","rating":"1","notes":"Excllent sale and quick response"},
{"id":"18039","rater_nick":"straybrake1","rated_nick":"abrkn","created_at":"1354073222.71925","rating":"1","notes":"Fast, easy transaction, thx."},
{"id":"18178","rater_nick":"danieldaniel","rated_nick":"abrkn","created_at":"1378932644.74003","rating":"2","notes":"Few tx's"},
{"id":"18179","rater_nick":"nj8668","rated_nick":"abrkn","created_at":"1354386475.45853","rating":"1","notes":"Sold me BTC for PPUSD, fast and easy. Thanks"},
{"id":"18250","rater_nick":"Dali","rated_nick":"abrkn","created_at":"1354802864.44885","rating":"3","notes":null},
{"id":"18269","rater_nick":"xempew","rated_nick":"abrkn","created_at":"1354594009.16952","rating":"1","notes":"Smooth, fast transaction."},
{"id":"18285","rater_nick":"designdream","rated_nick":"abrkn","created_at":"1354631595.46933","rating":"1","notes":"bought small amount of BTC via paypal. I was unrated. Great first transaction. thanks!"},
{"id":"18531","rater_nick":"kasvag0r1an","rated_nick":"abrkn","created_at":"1355057423.5384","rating":"1","notes":"Quick transaction, BTC for PPUSD. Very helpful."},
{"id":"18540","rater_nick":"alex_fun","rated_nick":"abrkn","created_at":"1355100630.27305","rating":"1","notes":"fun guy"},
{"id":"19344","rater_nick":"swhitt","rated_nick":"abrkn","created_at":"1357288878.31558","rating":"1","notes":null},
{"id":"20971","rater_nick":"arij","rated_nick":"abrkn","created_at":"1362158832.66527","rating":"1","notes":"sold me xrp for btc"},
{"id":"21022","rater_nick":"Aaron_TangCryp","rated_nick":"abrkn","created_at":"1362209113.60346","rating":"1","notes":"My Amazon GC for his BTC simple trade"},
{"id":"21089","rater_nick":"jerbroch","rated_nick":"abrkn","created_at":"1362409707.74616","rating":"1","notes":"Smooth Paypal transaction. Instant! Thanks!"},
{"id":"21190","rater_nick":"ecks-otc","rated_nick":"abrkn","created_at":"1362553085.2295","rating":"1","notes":"PPUSD to BTC, smooth transaction."},
{"id":"31089","rater_nick":"TheButterZone","rated_nick":"abrkn","created_at":"1382510358.60178","rating":"1","notes":"Paid bounty for Justcoin testing"}
]
