[
{"id":"3439","rater_nick":"andrew12","rated_nick":"acamus","created_at":"1306963393.12262","rating":"1","notes":null},
{"id":"3460","rater_nick":"thebrasse","rated_nick":"acamus","created_at":"1306972840.49286","rating":"1","notes":"no problems, bougt btc for ppd"},
{"id":"3602","rater_nick":"Shocky","rated_nick":"acamus","created_at":"1307059601.90831","rating":"1","notes":"generous fellow sent .02 USD to my mtgox."},
{"id":"4116","rater_nick":"T3mpn4me","rated_nick":"acamus","created_at":"1307335537.00215","rating":"1","notes":"Fisrt Option Trade fast"},
{"id":"4389","rater_nick":"haydent","rated_nick":"acamus","created_at":"1307540848.87195","rating":"3","notes":"traded 18btc for 517usd paypal through clearcoin, helpfull trader"},
{"id":"4529","rater_nick":"toffoo","rated_nick":"acamus","created_at":"1307585425.35216","rating":"1","notes":"bets like a man, loses like a man, and pays up like a man! ;) congratulations on losing the channel's first quanto binary option bet"},
{"id":"5250","rater_nick":"maddmike","rated_nick":"acamus","created_at":"1308155933.3375","rating":"1","notes":"bought 1 btc and everything went quite well :)"},
{"id":"5683","rater_nick":"palsecam","rated_nick":"acamus","created_at":"1308980389.76201","rating":"1","notes":"smooth and fast tx"},
{"id":"5692","rater_nick":"Some-Dude","rated_nick":"acamus","created_at":"1308987075.1926","rating":"2","notes":"Good trade BTC for PPUSD"},
{"id":"6416","rater_nick":"osmosis","rated_nick":"acamus","created_at":"1311893784.54851","rating":"1","notes":"smooth trade btc for dwolla"},
{"id":"6726","rater_nick":"gfinn","rated_nick":"acamus","created_at":"1313964445.41456","rating":"-5","notes":"He disappeared after I sent him cash and did not release BTC from escrow; after almost 4 weeks, he released the funds after prodding from rapeghost. He claimed to not have received the cash; his landlord probably stole it. If true, it's partly due to the ambiguous address he gave me. I wish he had come on to discuss it with me. Will not deal with him again."}
]
