[
{"id":"15319","rater_nick":"bonks","rated_nick":"acemeister","created_at":"1349154563.90906","rating":"-1","notes":"Scammer. http:\/\/pastebin.itradebtc.com\/scammers.html"},
{"id":"15322","rater_nick":"jcpham","rated_nick":"acemeister","created_at":"1371147116.86489","rating":"-10","notes":null},
{"id":"15576","rater_nick":"TheButterZone","rated_nick":"acemeister","created_at":"1360652900.19797","rating":"-10","notes":"Known scammer, Tim James Wheat, uses own PP account>fuzzyshark44@gmail.com\u00a0Details: http:\/\/bitcoinpolice.org\/viewtopic.php?pid=634"}
]
