[
{"id":"30722","rater_nick":"wahbaduck","rated_nick":"acidfreak","created_at":"1381643057.57054","rating":"3","notes":"my pp for his btc multiple transactions, 0 problems"},
{"id":"30726","rater_nick":"Kelticfox","rated_nick":"acidfreak","created_at":"1381072544.3783","rating":"1","notes":"BTC for PP transaction. Update: Rumours are that AcidFreak is Blitz-, though there is no evidence to support this and user says is not true."},
{"id":"30727","rater_nick":"puma1337","rated_nick":"acidfreak","created_at":"1380893198.94859","rating":"1","notes":"i purchased 4btc via ppusd from him, easy and quick. thanks"},
{"id":"30793","rater_nick":"PhillyDude","rated_nick":"acidfreak","created_at":"1381801404.33855","rating":"3","notes":"Multiple transactions, both ways. WU & PP."},
{"id":"30796","rater_nick":"TrustedCoinHu","rated_nick":"acidfreak","created_at":"1381160784.02799","rating":"1","notes":"My PPUSD for his 3 BTC, smooth, thanks!"},
{"id":"30823","rater_nick":"Blazed","rated_nick":"acidfreak","created_at":"1381457657.06344","rating":"2","notes":"couple deals my PayPal for his BTC smooth"},
{"id":"30826","rater_nick":"zkoynz","rated_nick":"acidfreak","created_at":"1381757185.84159","rating":"2","notes":"My PPUSD for his BTC. multiple txn Will trade again."},
{"id":"30831","rater_nick":"therealNano","rated_nick":"acidfreak","created_at":"1381376497.31879","rating":"3","notes":"multiple smooth transactions"},
{"id":"30833","rater_nick":"strawfan","rated_nick":"acidfreak","created_at":"1381331810.62885","rating":"1","notes":"my PP$ for there BTC"},
{"id":"30872","rater_nick":"blisscan","rated_nick":"acidfreak","created_at":"1381585443.06248","rating":"1","notes":"my 30EUR PP for his 0.24 btc"},
{"id":"30894","rater_nick":"genericpersona","rated_nick":"acidfreak","created_at":"1381717782.01841","rating":"1","notes":"PPUSD for his BTC: legit guy who sent first, was very patient, and sold at a fair price."},
{"id":"30922","rater_nick":"DoctorBTC","rated_nick":"acidfreak","created_at":"1381792665.8362","rating":"1","notes":"His 1 BTC for my PPUSD."},
{"id":"30925","rater_nick":"broz","rated_nick":"acidfreak","created_at":"1381810243.18174","rating":"1","notes":"btc for my ppusd"},
{"id":"30930","rater_nick":"poiuytrez","rated_nick":"acidfreak","created_at":"1381827054.49361","rating":"1","notes":"Bought 1BTC via PayPal. Thank you for the transaction"},
{"id":"30937","rater_nick":"Rallye","rated_nick":"acidfreak","created_at":"1381843714.05988","rating":"1","notes":"My 578USD for his BTC - extremely accommodating, thank you!"},
{"id":"32189","rater_nick":"MrPony","rated_nick":"acidfreak","created_at":"1385847228.56679","rating":"-1","notes":"Changed story several times, got pushy, and admits to lying. I have Screenshots."},
{"id":"32191","rater_nick":"arij","rated_nick":"acidfreak","created_at":"1385847821.17472","rating":"-10","notes":"same person as blitz- name\/account match on paypal"},
{"id":"32192","rater_nick":"AriGold","rated_nick":"acidfreak","created_at":"1385848438.40119","rating":"-10","notes":"tried scamming me for paypal,"},
{"id":"32194","rater_nick":"BigBitz","rated_nick":"acidfreak","created_at":"1385853729.81608","rating":"-10","notes":"Scammer aka blitz-"},
{"id":"32425","rater_nick":"Apocalyptic","rated_nick":"acidfreak","created_at":"1386571273.74195","rating":"-4","notes":"Seems to be scamming"},
{"id":"32426","rater_nick":"rg","rated_nick":"acidfreak","created_at":"1386571292.9622","rating":"-10","notes":"SUP BLITZ-. faggot. not even the good kind of fag"}
]
