[
{"id":"9012","rater_nick":"ocminer","rated_nick":"AcidicChip","created_at":"1328725820.12389","rating":"1","notes":"nice and easy ppusd transaction, thanks !"},
{"id":"9095","rater_nick":"Framedragger","rated_nick":"AcidicChip","created_at":"1335285413.46512","rating":"2","notes":"Two flawless transactions -- he once bought some BTC for PPUSD and sent first, the second TX was larger - he sold BTC for PPUSD and he sent first. No problems, awesome rate at that. Would do business again."},
{"id":"9849","rater_nick":"mod6","rated_nick":"AcidicChip","created_at":"1332228583.14527","rating":"1","notes":"Bought BTC for MP USD. Smooth and easy tx, nice guy. He sent first! Thanks!"},
{"id":"9855","rater_nick":"easystevey","rated_nick":"AcidicChip","created_at":"1332269753.17713","rating":"1","notes":"sent MP for BTC easy deal"},
{"id":"9970","rater_nick":"Greed","rated_nick":"AcidicChip","created_at":"1332779123.06371","rating":"2","notes":"Very kind fellow, lent money to a pal in need."},
{"id":"10750","rater_nick":"Digital_Janitor","rated_nick":"AcidicChip","created_at":"1336105773.3037","rating":"5","notes":"Excellent transaction"},
{"id":"35768","rater_nick":"csm","rated_nick":"AcidicChip","created_at":"1403481405.46856","rating":"1","notes":null}
]
