[
{"id":"21793","rater_nick":"edmontonreliable","rated_nick":"activemember","created_at":"1363921107.32429","rating":"3","notes":"My Bitcoin his $1000, trustworthy nice guy. No BS."},
{"id":"24136","rater_nick":"Bitexchanger","rated_nick":"activemember","created_at":"1368756979.52389","rating":"10","notes":"Extremely trustworthy. Hassle free. Always prompt."},
{"id":"24355","rater_nick":"Lemon","rated_nick":"activemember","created_at":"1366655179.96721","rating":"1","notes":"Potential nick squatter. Ensure authed before trading."},
{"id":"24948","rater_nick":"beefsock","rated_nick":"activemember","created_at":"1367700492.33919","rating":"1","notes":"Smooth transaction. Created graphic work for BTC."},
{"id":"25124","rater_nick":"BTCOxygen","rated_nick":"activemember","created_at":"1368039292.46368","rating":"2","notes":"bought china coins from him - Fast trade"},
{"id":"25970","rater_nick":"coolty","rated_nick":"activemember","created_at":"1370314514.39545","rating":"2","notes":"Paid me some BTC to do Linux Admin stuff"},
{"id":"26918","rater_nick":"Rawted","rated_nick":"activemember","created_at":"1372526407.0607","rating":"-1","notes":"Secure your damn nick"}
]
