[
{"id":"8100","rater_nick":"DeLorean719","rated_nick":"AD80HD","created_at":"1323555770.72475","rating":"1","notes":"Paid up 1 btc for a contest! Thanks again"},
{"id":"8101","rater_nick":"imsaguy","rated_nick":"AD80HD","created_at":"1325484965.04418","rating":"1","notes":"Bought Mtgox with PPUSD"},
{"id":"8102","rater_nick":"danieldaniel","rated_nick":"AD80HD","created_at":"1323555942.00517","rating":"1","notes":":D Free bitcoin"},
{"id":"8103","rater_nick":"octopusdarling","rated_nick":"AD80HD","created_at":"1323555946.17187","rating":"2","notes":"Swift and polite, and sent first!"},
{"id":"8104","rater_nick":"maclof","rated_nick":"AD80HD","created_at":"1323556026.70987","rating":"1","notes":"free bitcoin =D"},
{"id":"8267","rater_nick":"Phraust","rated_nick":"AD80HD","created_at":"1324506586.18861","rating":"1","notes":"Awesome guy, gave me a bitcoin for some help!"},
{"id":"8273","rater_nick":"mrlinuxguy","rated_nick":"AD80HD","created_at":"1324509943.3362","rating":"1","notes":"I Bought BTC from him for Paypal USD"},
{"id":"8275","rater_nick":"detrate","rated_nick":"AD80HD","created_at":"1324780654.69379","rating":"4","notes":"smooth and fast transaction as usual, we both realized a mistake was made and that was resolved quickly and painlessly"},
{"id":"8329","rater_nick":"diacetyl","rated_nick":"AD80HD","created_at":"1324696016.24043","rating":"1","notes":"Bought 25 BTC via PPUSD"},
{"id":"8347","rater_nick":"GaroadRan","rated_nick":"AD80HD","created_at":"1324867513.33699","rating":"1","notes":"Nice guy, he bought 218 mtgoxUSD from me, and we divided fee in 2"},
{"id":"8356","rater_nick":"allanlw","rated_nick":"AD80HD","created_at":"1324936814.44491","rating":"1","notes":"Sold me BTC for PPUSD. Would do business with again."},
{"id":"8444","rater_nick":"rabbit67890","rated_nick":"AD80HD","created_at":"1325484582.08831","rating":"1","notes":"AD80HD Sold my $20 MtGox code to him for PayPal funds. Was also painless, fast, and trustworthy!"}
]
