[
{"id":"17518","rater_nick":"BCB","rated_nick":"adamjgmiller","created_at":"1353196164.71946","rating":"1","notes":"PP==>BTC 100+ Easy"},
{"id":"17528","rater_nick":"gineta","rated_nick":"adamjgmiller","created_at":"1353260347.22903","rating":"5","notes":"very trusted user good"},
{"id":"17538","rater_nick":"savetheinternet","rated_nick":"adamjgmiller","created_at":"1353277913.66101","rating":"3","notes":"Bought my BTC with a Western Union Money Transfer (and one smallish PPUSD transaction)."},
{"id":"17539","rater_nick":"sturles","rated_nick":"adamjgmiller","created_at":"1353223195.23047","rating":"1","notes":"One PPUSD\/BTC trade"},
{"id":"17752","rater_nick":"Azelphur","rated_nick":"adamjgmiller","created_at":"1353525220.08118","rating":"2","notes":"Bought 100 BTC from me via xoom."},
{"id":"17766","rater_nick":"majinx","rated_nick":"adamjgmiller","created_at":"1353554907.30187","rating":"1","notes":"small btc for PP tx. No issues."},
{"id":"17767","rater_nick":"Michail1","rated_nick":"adamjgmiller","created_at":"1353555652.71987","rating":"2","notes":"4fig dollar for my BTC. Wire and stuff. Fast. Smooth."},
{"id":"20987","rater_nick":"episking-","rated_nick":"adamjgmiller","created_at":"1362178121.30053","rating":"1","notes":"his $1000 domestic wire for my BTC. Good guy so far! Thanks!"},
{"id":"21842","rater_nick":"TradeFortress","rated_nick":"adamjgmiller","created_at":"1364031281.98867","rating":"2","notes":"bought 20 BTC, smooth trade"},
{"id":"23707","rater_nick":"rican_kid","rated_nick":"adamjgmiller","created_at":"1365741656.36262","rating":"2","notes":"very smooth transaction"},
{"id":"23729","rater_nick":"keebler","rated_nick":"adamjgmiller","created_at":"1365786589.31912","rating":"2","notes":"Bought 1BTC for $90PPUSD, very smooth transaction, and awesome seller."},
{"id":"23731","rater_nick":"skywalker594","rated_nick":"adamjgmiller","created_at":"1365788765.99257","rating":"3","notes":"super smooth transactions by PP A***** BTC trader"},
{"id":"23766","rater_nick":"bonks","rated_nick":"adamjgmiller","created_at":"1365800969.10088","rating":"1","notes":"Sold him BTCs via wire. Seems like a good guy. Would trade with again!"},
{"id":"32066","rater_nick":"io_error","rated_nick":"adamjgmiller","created_at":"1385577608.69802","rating":"-10","notes":"Ripped off for USD 185"}
]
