[
{"id":"13477","rater_nick":"aethero","rated_nick":"addie","created_at":"1345145956.55934","rating":"1","notes":"One small trade. Bought my custom MP for his BTC at his request. We have not traded large amounts."},
{"id":"13936","rater_nick":"saylord","rated_nick":"addie","created_at":"1345564466.34748","rating":"1","notes":"exchanged a $1000 moneypak for coins nice and"},
{"id":"14020","rater_nick":"nanotube","rated_nick":"addie","created_at":"1345780384.18263","rating":"-10","notes":"shilled own rating"},
{"id":"14440","rater_nick":"fbastage","rated_nick":"addie","created_at":"1347003780.8521","rating":"-3","notes":"suspected scammer"}
]
