[
{"id":"19060","rater_nick":"ph0x","rated_nick":"adinxn","created_at":"1356557079.82359","rating":"1","notes":"Took the time to learn how to auth, and use gribble."},
{"id":"19065","rater_nick":"jezta","rated_nick":"adinxn","created_at":"1356558859.34795","rating":"1","notes":"paypal->bitcoin"},
{"id":"19073","rater_nick":"Oldsport","rated_nick":"adinxn","created_at":"1356567064.57347","rating":"1","notes":"bought agc quick transact"},
{"id":"19079","rater_nick":"BeholdGlow","rated_nick":"adinxn","created_at":"1357181306.90032","rating":"10","notes":"the odds are in your favor"},
{"id":"19090","rater_nick":"nyRednek","rated_nick":"adinxn","created_at":"1356622880.67059","rating":"1","notes":"donated BTC, thanks, man"},
{"id":"19098","rater_nick":"uranamuse","rated_nick":"adinxn","created_at":"1356639481.30149","rating":"3","notes":"Paypal>BTC Went very swell and he helped me thru every step. My goto guy!"},
{"id":"19129","rater_nick":"jcpham","rated_nick":"adinxn","created_at":"1356718745.5859","rating":"1","notes":"Purchased his amazon for BTC"},
{"id":"19161","rater_nick":"Ohgee","rated_nick":"adinxn","created_at":"1356753407.21615","rating":"2","notes":"Fast easy transaction, PP for BTC trade"},
{"id":"19163","rater_nick":"arij","rated_nick":"adinxn","created_at":"1356759142.13638","rating":"1","notes":"sent me 1 btc for pp. thanks"},
{"id":"19165","rater_nick":"LIERO","rated_nick":"adinxn","created_at":"1356761481.277","rating":"2","notes":"purchased btc with paypal, smooth transaction"},
{"id":"19200","rater_nick":"ElevatedDownfall","rated_nick":"adinxn","created_at":"1356822581.77547","rating":"1","notes":"super quick egift, thanks a bunch!"},
{"id":"19246","rater_nick":"skonke","rated_nick":"adinxn","created_at":"1356993196.69002","rating":"5","notes":"AGC to BTC went smooth"},
{"id":"19250","rater_nick":"BukkakePizza","rated_nick":"adinxn","created_at":"1356995318.52374","rating":"2","notes":"BTC for my amazon gift card. Helped me set up eWalllet.\""},
{"id":"19257","rater_nick":"BCB","rated_nick":"adinxn","created_at":"1357169110.61411","rating":"1","notes":"PPUSD=>BTC After a bumpy start he made good."},
{"id":"19288","rater_nick":"Mamma","rated_nick":"adinxn","created_at":"1357153814.93849","rating":"2","notes":"helped me out with my second purchase too - smoother"},
{"id":"19290","rater_nick":"zapsoda","rated_nick":"adinxn","created_at":"1357153866.55528","rating":"1","notes":"Placed a call for me :D"},
{"id":"19299","rater_nick":"elPato","rated_nick":"adinxn","created_at":"1357168391.97256","rating":"1","notes":"Helped me authorize and get set up with OTC."},
{"id":"19304","rater_nick":"dynamite`","rated_nick":"adinxn","created_at":"1357176219.66992","rating":"1","notes":"smooth transaction btc purchase"}
]
