[
{"id":"36966","rater_nick":"ben_vulpes","rated_nick":"adlai","created_at":"1413559686.21654","rating":"1","notes":"seems sane"},
{"id":"37254","rater_nick":"mircea_popescu","rated_nick":"adlai","created_at":"1417555776.162","rating":"1","notes":"lisp"},
{"id":"37505","rater_nick":"dignork","rated_nick":"adlai","created_at":"1422468054.23087","rating":"3","notes":"meatspace dealer"},
{"id":"37841","rater_nick":"belcher","rated_nick":"adlai","created_at":"1431651568.34378","rating":"2","notes":"contributed code to joinmarket and iv talked with him sometimes"}
]
