[
{"id":"20682","rater_nick":"Sacrelicious","rated_nick":"adteyh","created_at":"1361276092.33382","rating":"1","notes":"Small transaction for paypal. BTC arrived as agreed upon very quickly."},
{"id":"20683","rater_nick":"markus","rated_nick":"adteyh","created_at":"1361276225.12719","rating":"1","notes":"tiny transaction of my paypal for my btc"},
{"id":"20687","rater_nick":"eleet89","rated_nick":"adteyh","created_at":"1361283538.22425","rating":"1","notes":"Excellent seller , everything went fine."},
{"id":"29756","rater_nick":"LocalBitcoins","rated_nick":"adteyh","created_at":"1377250857.75887","rating":"1","notes":"Has 100% feedback score on LocalBitcoins.com with 3 confirmed trades. See: https:\/\/localbitcoins.com\/p\/Nasbypark\/"},
{"id":"38550","rater_nick":"episking-","rated_nick":"adteyh","created_at":"1497279838.02911","rating":"2","notes":"my usd for their btc, they sent first. Thanks!!"}
]
