[
{"id":"17822","rater_nick":"abrkn","rated_nick":"aegis","created_at":"1353847547.54415","rating":"1","notes":"paypal"},
{"id":"17824","rater_nick":"tenakha","rated_nick":"aegis","created_at":"1353667408.60713","rating":"1","notes":"bought coin via PP. So far so good. Will update if required."},
{"id":"17969","rater_nick":"sturles","rated_nick":"aegis","created_at":"1386410074.89069","rating":"2","notes":"A couple of PPUSD\/BTC trades."},
{"id":"32021","rater_nick":"kye","rated_nick":"aegis","created_at":"1385545961.41537","rating":"1","notes":"sold him btc for his ppusd, small transaction, flawless."},
{"id":"32405","rater_nick":"caerian","rated_nick":"aegis","created_at":"1392702454.7923","rating":"2","notes":"multiple ppusd->btc transactions, always smooth"},
{"id":"32720","rater_nick":"trilogy456","rated_nick":"aegis","created_at":"1392099459.85913","rating":"4","notes":"several medium sized PPUSD transactions for my BTC since Dec. 2013. Total >$1500"},
{"id":"32750","rater_nick":"boonies4u","rated_nick":"aegis","created_at":"1387430244.9537","rating":"1","notes":"bought my BTC for PPUSD"},
{"id":"32871","rater_nick":"hoova53","rated_nick":"aegis","created_at":"1387866896.59984","rating":"1","notes":"Smooth transaction. My moneypak for his BTC"},
{"id":"32878","rater_nick":"cryptobanks","rated_nick":"aegis","created_at":"1387879307.01245","rating":"1","notes":"My PPUSD for his BTC. Easy transacation. Will trade again."},
{"id":"33674","rater_nick":"anduck","rated_nick":"aegis","created_at":"1405726526.36266","rating":"-2","notes":"have traded btc for his ppUSD. negative rating because of his personal harrassing, lies and for those reasons general untrustworthiness"},
{"id":"33888","rater_nick":"arij","rated_nick":"aegis","created_at":"1392921584.97695","rating":"2","notes":"quick trade, trustworthy in my book"},
{"id":"34251","rater_nick":"csm","rated_nick":"aegis","created_at":"1395611831.71472","rating":"1","notes":null},
{"id":"34460","rater_nick":"Wolf`","rated_nick":"aegis","created_at":"1404783171.01286","rating":"5","notes":"Many, many trades, always my BTC for his PPUSD, once my bullion for his PPUSD, never an issue."},
{"id":"34757","rater_nick":"zeus93","rated_nick":"aegis","created_at":"1399240006.51788","rating":"3","notes":"multiple transaction always good thanks"},
{"id":"35145","rater_nick":"danielpbarron","rated_nick":"aegis","created_at":"1405903839.28367","rating":"-3","notes":"good at pgp; several smooth cash in the mail deals, used escrow; but, this http:\/\/bitcoinstats.com\/irc\/bitcoin-otc\/logs\/2014\/07\/21#l1405902308"},
{"id":"35254","rater_nick":"bigtip","rated_nick":"aegis","created_at":"1403207153.82539","rating":"3","notes":"many deals PPUSD and largers Moneypak, thank u sir!"},
{"id":"35260","rater_nick":"clearwater","rated_nick":"aegis","created_at":"1400061523.99482","rating":"1","notes":"Holding PPUSD (waiting to ensure no chargebacks)"},
{"id":"35279","rater_nick":"genericpersona","rated_nick":"aegis","created_at":"1459049061.34979","rating":"5","notes":"many trades, many lonely nights he spent by my side; show some respect"},
{"id":"35290","rater_nick":"biggestnaf","rated_nick":"aegis","created_at":"1400381550.83538","rating":"1","notes":"My MP for his BTC, Smooth \/ fast transaction! A+!"},
{"id":"35345","rater_nick":"peezr","rated_nick":"aegis","created_at":"1400822512.23974","rating":"1","notes":"My BTC for his PPUSD, Fair and professional. Thanks!"},
{"id":"35516","rater_nick":"Jamesonwa","rated_nick":"aegis","created_at":"1401915740.91758","rating":"1","notes":"my btc for his paypal (~$229 will update if things change)"},
{"id":"35522","rater_nick":"Immuzikation","rated_nick":"aegis","created_at":"1405952106.86939","rating":"3","notes":"Multiple transactions. Soooo smoooth!"},
{"id":"35534","rater_nick":"yang","rated_nick":"aegis","created_at":"1402042427.93014","rating":"2","notes":"Two trades BTC for PPUSD"},
{"id":"35586","rater_nick":"stqism","rated_nick":"aegis","created_at":"1402283422.89062","rating":"1","notes":"Smooth trade"},
{"id":"35603","rater_nick":"ne0futur","rated_nick":"aegis","created_at":"1402437576.40224","rating":"2","notes":"PP for BTC, fast and easy"},
{"id":"35636","rater_nick":"daneZ","rated_nick":"aegis","created_at":"1402679491.36602","rating":"1","notes":"Patience trader"},
{"id":"35655","rater_nick":"Ex0deus","rated_nick":"aegis","created_at":"1402698985.41532","rating":"1","notes":"first smooth BTC => PPUSD txn."},
{"id":"35718","rater_nick":"crazy_legs","rated_nick":"aegis","created_at":"1403231344.40255","rating":"1","notes":"dwolla for .24 btc thanks"},
{"id":"35837","rater_nick":"pyroarchy","rated_nick":"aegis","created_at":"1403840075.7393","rating":"1","notes":"bought small btc from me via pp, smooth and eazy"},
{"id":"35838","rater_nick":"Tperks","rated_nick":"aegis","created_at":"1403840203.53748","rating":"1","notes":"My BTC for his PPUSD Smooth Transaction"},
{"id":"35857","rater_nick":"njcarlos","rated_nick":"aegis","created_at":"1403918786.36891","rating":"1","notes":"Micro amount of my BTC for his PPUSD. First transaction but seems like a trustworthy fellow w\/ good conversation and insight."},
{"id":"35860","rater_nick":"nushor","rated_nick":"aegis","created_at":"1403936973.276","rating":"1","notes":"my BTC for his PPUSD. Pleasure to work with."},
{"id":"36028","rater_nick":"Belsage","rated_nick":"aegis","created_at":"1405298566.43995","rating":"1","notes":"His MP for my BTC."},
{"id":"36029","rater_nick":"gawzirabaws","rated_nick":"aegis","created_at":"1406068087.44862","rating":"2","notes":"lightning fast, trustworthy, painless, patient; my BTC and risk for his ~$500 USD each thru B of A or MoneyPak on multiple occasions."},
{"id":"38309","rater_nick":"cluelessperson","rated_nick":"aegis","created_at":"1459195550.28475","rating":"1","notes":"My BTC for his BoA. Quick and painless."}
]
