[
{"id":"34217","rater_nick":"Rozal","rated_nick":"Aeiri","created_at":"1395284986.29689","rating":"1","notes":"Smooth easy transaction. Sent him BTC to buy something on Amazon prime for me. Great natured guy, enjoyable."},
{"id":"34219","rater_nick":"stqism","rated_nick":"Aeiri","created_at":"1395293101.04477","rating":"1","notes":"Smooth trade, BTC for google wallet"},
{"id":"34326","rater_nick":"Rhoruns","rated_nick":"Aeiri","created_at":"1395889509.92486","rating":"1","notes":"A breeze to exchange with. BTC to Google USD. Thanks! :)"},
{"id":"34542","rater_nick":"ThePendulum","rated_nick":"Aeiri","created_at":"1397247641.71661","rating":"1","notes":"His BTC for my PPUSD. Lube unnecessary."},
{"id":"34544","rater_nick":"starsoccer","rated_nick":"Aeiri","created_at":"1397249362.9777","rating":"1","notes":"good trade, my ppusd for his btc"}
]
