[
{"id":"853","rater_nick":"mndrix","rated_nick":"aeMaeth","created_at":"1301439895.52296","rating":"1","notes":null},
{"id":"1126","rater_nick":"coinpal","rated_nick":"aeMaeth","created_at":"1305285813.86393","rating":"5","notes":"automated CoinPal rating"},
{"id":"1298","rater_nick":"Keefe","rated_nick":"aeMaeth","created_at":"1303692429.76732","rating":"1","notes":null},
{"id":"1312","rater_nick":"Cusipzzz","rated_nick":"aeMaeth","created_at":"1343884032.66797","rating":"3","notes":"multiple transactions in 2011, was lazy to update rating"},
{"id":"1976","rater_nick":"Drise","rated_nick":"aeMaeth","created_at":"1304834508.82783","rating":"1","notes":"good sale, found me on here from forums to sell"},
{"id":"2185","rater_nick":"gdoteof","rated_nick":"aeMaeth","created_at":"1305140911.61573","rating":"1","notes":"cheap dev work delivered quickly"},
{"id":"2777","rater_nick":"Namegduf","rated_nick":"aeMaeth","created_at":"1305918293.69318","rating":"1","notes":null},
{"id":"3755","rater_nick":"spendbitcoins","rated_nick":"aeMaeth","created_at":"1307145595.91924","rating":"1","notes":null},
{"id":"5082","rater_nick":"dcash","rated_nick":"aeMaeth","created_at":"1307953911.03064","rating":"1","notes":"successful, small amazonpmtUSD tx"},
{"id":"5794","rater_nick":"johnlockwood","rated_nick":"aeMaeth","created_at":"1309275019.64244","rating":"1","notes":"nice an easy transaction"},
{"id":"7010","rater_nick":"sYN4P515","rated_nick":"aeMaeth","created_at":"1315045654.01373","rating":"3","notes":"payment recieved promptly"},
{"id":"13175","rater_nick":"krysta","rated_nick":"aeMaeth","created_at":"1343605141.69119","rating":"1","notes":null},
{"id":"14508","rater_nick":"uw","rated_nick":"aeMaeth","created_at":"1347088482.17682","rating":"1","notes":"kindly provided a service"}
]
