[
{"id":"22682","rater_nick":"dohse","rated_nick":"aerojohn","created_at":"1364844234.04399","rating":"2","notes":"multiple cash deposits for my btc, never an issue"},
{"id":"22825","rater_nick":"yincrash","rated_nick":"aerojohn","created_at":"1364784482.13239","rating":"1","notes":"fast payment for some BTC"},
{"id":"23409","rater_nick":"LocalBitcoins","rated_nick":"aerojohn","created_at":"1366028664.17776","rating":"1","notes":"Has 100% feedback score on LocalBitcoins.com with 5 confirmed trades. See: https:\/\/localbitcoins.com\/p\/AeroJohn\/"},
{"id":"23704","rater_nick":"TheButterZone","rated_nick":"aerojohn","created_at":"1365731686.86284","rating":"-1","notes":"Consistently, dishonestly claims PayPal gift prevents chargeback problems, despite being roundly debunked every time, defends his indefensible claims with more dishonesty. Screenshot: http:\/\/db.tt\/ETVOnid9"}
]
