[
{"id":"10715","rater_nick":"Rafael1000","rated_nick":"aethero","created_at":"1336100491.56709","rating":"3","notes":"Nice seller, I can trust him !"},
{"id":"10753","rater_nick":"spawn-","rated_nick":"aethero","created_at":"1336112580.43311","rating":"3","notes":"very smooth PPUSD\/BTC multiple transactions!"},
{"id":"10754","rater_nick":"llanox","rated_nick":"aethero","created_at":"1355461959.8593","rating":"3","notes":"Bought btc off him a few times, and sold him a Roku a while back"},
{"id":"10767","rater_nick":"toffoo","rated_nick":"aethero","created_at":"1337393146.49069","rating":"2","notes":"Two trades with Dwolla, honest and professional"},
{"id":"10773","rater_nick":"bonks","rated_nick":"aethero","created_at":"1374261111.21829","rating":"-1","notes":"Did a couple successful trades with him, but since then he has disappeared with other people's money."},
{"id":"10804","rater_nick":"rg","rated_nick":"aethero","created_at":"1374999240.09432","rating":"-10","notes":"You really let us all down man."},
{"id":"10811","rater_nick":"guruvan","rated_nick":"aethero","created_at":"1348348633.44705","rating":"2","notes":"have spoken w\/ aethero on many occasions, and seen him around since he came to OTC. Made a trade 9\/22\/12 goxusd for his ppusd. quick trade! recommended trader."},
{"id":"10825","rater_nick":"DeLorean719","rated_nick":"aethero","created_at":"1336446292.72611","rating":"1","notes":"Wells fargo for mtgox usd exchange. No problems. Would trade again."},
{"id":"10907","rater_nick":"mrkent","rated_nick":"aethero","created_at":"1337393494.88579","rating":"3","notes":"lent him a significant amount of btc, he was tracking me down to pay me back :)"},
{"id":"10936","rater_nick":"Loggie","rated_nick":"aethero","created_at":"1336861123.71066","rating":"2","notes":"prompt, friendly, and helpful"},
{"id":"10937","rater_nick":"Kuda","rated_nick":"aethero","created_at":"1336865351.18521","rating":"1","notes":"Smooth transaction - thanks!"},
{"id":"11029","rater_nick":"Keefe","rated_nick":"aethero","created_at":"1337395643.63052","rating":"3","notes":null},
{"id":"11031","rater_nick":"speed_racer8","rated_nick":"aethero","created_at":"1337459419.26167","rating":"1","notes":"fast btc pp, good guy"},
{"id":"11071","rater_nick":"grepix","rated_nick":"aethero","created_at":"1338868976.89533","rating":"2","notes":"quick and easy btc4ppUSD (2 transactions)"},
{"id":"11091","rater_nick":"Metabank","rated_nick":"aethero","created_at":"1349474856.78207","rating":"2","notes":"multiple gox->pp tx, thanks"},
{"id":"11149","rater_nick":"Mad7Scientist","rated_nick":"aethero","created_at":"1350188182.51812","rating":"3","notes":"Bought 10 BTC with PP, 15.86 CITM, 2.75 PP, 8.89 PP"},
{"id":"11151","rater_nick":"Tulkos","rated_nick":"aethero","created_at":"1337827476.3094","rating":"1","notes":"good fast trade, would trade again"},
{"id":"11168","rater_nick":"DigitalDNA","rated_nick":"aethero","created_at":"1338077511.24855","rating":"2","notes":"bought mt gox USD patient while I mess around with Yubi key"},
{"id":"11169","rater_nick":"TehZomBro","rated_nick":"aethero","created_at":"1342733388.74328","rating":"5","notes":"When lucid\/aethero were unable to fulfil my order, they were kind enough to send the money back at their expense. Very communicative and professional. Also one good WU for BTC trade and some PP."},
{"id":"11188","rater_nick":"Geno1","rated_nick":"aethero","created_at":"1337916910.92781","rating":"1","notes":"smooth BTC for PPUSD transaction"},
{"id":"11226","rater_nick":"gmturner","rated_nick":"aethero","created_at":"1338073245.81047","rating":"1","notes":"Quick, easy PPUSD<->MTGOXUSD transaction, would transact again"},
{"id":"11229","rater_nick":"vragnaroda","rated_nick":"aethero","created_at":"1338073952.49568","rating":"1","notes":"Honest"},
{"id":"11245","rater_nick":"ErebusBat","rated_nick":"aethero","created_at":"1338130537.42649","rating":"1","notes":"Based in how he handled a dispute on 27May2012, I would do business with him."},
{"id":"11247","rater_nick":"fizzisist","rated_nick":"aethero","created_at":"1338142790.69813","rating":"1","notes":"Paid with PPUSD for my MTGOXUSD"},
{"id":"11259","rater_nick":"abstinence","rated_nick":"aethero","created_at":"1338165749.32913","rating":"1","notes":"quick and easy btc for ppusd nice one!"},
{"id":"11297","rater_nick":"weenfan","rated_nick":"aethero","created_at":"1338345850.41927","rating":"2","notes":"solid transaction! .. Thanks!"},
{"id":"11390","rater_nick":"ne0futur","rated_nick":"aethero","created_at":"1369885030.95569","rating":"-3","notes":"7 weeks already"},
{"id":"11397","rater_nick":"Matokira","rated_nick":"aethero","created_at":"1339183681.26945","rating":"10","notes":"Drove 9 hours to make a cash deposit on a huge trade. Cannot say enough."},
{"id":"11446","rater_nick":"JWU42","rated_nick":"aethero","created_at":"1380816129.70641","rating":"-10","notes":"HUGE SCAMMER (I have been told)"},
{"id":"11469","rater_nick":"Coolio-","rated_nick":"aethero","created_at":"1352168896.33668","rating":"-10","notes":null},
{"id":"11482","rater_nick":"NASDAQEnema","rated_nick":"aethero","created_at":"1338933067.24265","rating":"3","notes":"great discount on rates for a favor trust for large amounts"},
{"id":"11493","rater_nick":"Squid","rated_nick":"aethero","created_at":"1338950406.7118","rating":"1","notes":"bought btc with ppusd through quickbitcoins, will trade again"},
{"id":"11601","rater_nick":"starsoccer","rated_nick":"aethero","created_at":"1373476334.38127","rating":"-1","notes":"scammed a lot of people and seems to have defaulted on a loan"},
{"id":"11659","rater_nick":"nckrazze-","rated_nick":"aethero","created_at":"1339484335.78491","rating":"2","notes":"awesome guy! sold him my gpu for a fair price, paid in full even after the bitcoin price went up!"},
{"id":"11690","rater_nick":"moartr4dez","rated_nick":"aethero","created_at":"1339543922.43618","rating":"1","notes":"Sold BTC for very favorable rate in USD. Helpful!"},
{"id":"11775","rater_nick":"TimothyA","rated_nick":"aethero","created_at":"1339854777.67213","rating":"1","notes":"Bought bitcoins, got them."},
{"id":"11794","rater_nick":"osmosis","rated_nick":"aethero","created_at":"1339901190.56811","rating":"1","notes":"great trade"},
{"id":"11912","rater_nick":"benfenster","rated_nick":"aethero","created_at":"1340159993.43071","rating":"5","notes":"great seller, have done multiple transactions, great prices, on time, my go to btc seller"},
{"id":"11943","rater_nick":"a5m0","rated_nick":"aethero","created_at":"1355090458.02431","rating":"4","notes":"Sold him a yubikey and later 6 months of vps, one micro-loan and lots of goxusd and a laptop"},
{"id":"11970","rater_nick":"lucidlepidoptera","rated_nick":"aethero","created_at":"1351094918.77203","rating":"10","notes":"the most reliable and trustworthy person i know, i trust him so much i married him!"},
{"id":"11988","rater_nick":"Luceo","rated_nick":"aethero","created_at":"1363212818.73944","rating":"8","notes":"Worked with over a period of about 9 months, great repeat client, always pays on time, also works with ZIGGAP trusted Bitcoin buying platform."},
{"id":"11998","rater_nick":"SELLINGLINDENS","rated_nick":"aethero","created_at":"1340421739.60341","rating":"1","notes":"Cool guy gave me a penny #100 woo"},
{"id":"12002","rater_nick":"_5Gigahertz","rated_nick":"aethero","created_at":"1340431510.86559","rating":"1","notes":"Fast transaction for btc quick and easy."},
{"id":"12004","rater_nick":"Gweebo","rated_nick":"aethero","created_at":"1340434038.56392","rating":"2","notes":"Extremely helpful"},
{"id":"12014","rater_nick":"aq83","rated_nick":"aethero","created_at":"1340482128.36646","rating":"1","notes":"fast and easy trade, recommended"},
{"id":"12022","rater_nick":"fsk141","rated_nick":"aethero","created_at":"1342725873.53392","rating":"1","notes":"Purchased pizza in trade for BTC"},
{"id":"12024","rater_nick":"bigd555","rated_nick":"aethero","created_at":"1340508494.66274","rating":"2","notes":"I used his website and nifty new verification system. It doesn't take too long to do and this is a great, trusted seller. I would buy from him again"},
{"id":"12026","rater_nick":"Phraust","rated_nick":"aethero","created_at":"1370137664.25881","rating":"-10","notes":"Heard you ran off with a bunch of people's money. shame on you."},
{"id":"12095","rater_nick":"djabbour","rated_nick":"aethero","created_at":"1340692199.77417","rating":"2","notes":"Traded twice through his service. Would come back, thanks for quick and easy trades."},
{"id":"12184","rater_nick":"THOR_","rated_nick":"aethero","created_at":"1340927370.08966","rating":"2","notes":null},
{"id":"12191","rater_nick":"Thirdphaze","rated_nick":"aethero","created_at":"1343872669.34978","rating":"3","notes":"Traded me BTC for my MP, Went very smooth and very fast even gave me a great deal for making such a large purchase. Will be doing bussiness again and recommend others do as well."},
{"id":"12198","rater_nick":"projectshifter","rated_nick":"aethero","created_at":"1362104280.60613","rating":"8","notes":"many btc\/cc\/pp transactions, smooth, always great to work with, thanks again"},
{"id":"12222","rater_nick":"anduck","rated_nick":"aethero","created_at":"1397078259.65503","rating":"-10","notes":"defaulted"},
{"id":"12225","rater_nick":"Prost","rated_nick":"aethero","created_at":"1341103858.63914","rating":"2","notes":"Bought BTC with CC, all good and arrived quick. Done via quickbitcoins.net"},
{"id":"12259","rater_nick":"outrexian","rated_nick":"aethero","created_at":"1341241004.11016","rating":"3","notes":"Quick and easy transaction!"},
{"id":"12416","rater_nick":"gege","rated_nick":"aethero","created_at":"1341681985.25028","rating":"1","notes":"Sold me BTC for my $50 MoneyPak, very helpful, thanks!"},
{"id":"12417","rater_nick":"easystevey","rated_nick":"aethero","created_at":"1346987783.85604","rating":"7","notes":"many transactions, all awesome"},
{"id":"12435","rater_nick":"bitchen","rated_nick":"aethero","created_at":"1341726863.3576","rating":"1","notes":"fast trade for MP -> btc, thanks!"},
{"id":"12454","rater_nick":"PopPooB","rated_nick":"aethero","created_at":"1341781424.68165","rating":"3","notes":"Gave me a small BTC loan Great guy"},
{"id":"12762","rater_nick":"zooko","rated_nick":"aethero","created_at":"1342497768.76888","rating":"1","notes":"successfully bought Bitcoin from him for USD"},
{"id":"12788","rater_nick":"gruvfunk","rated_nick":"aethero","created_at":"1342560482.30094","rating":"1","notes":"his BTC for my amazon - wonderful human being."},
{"id":"12845","rater_nick":"pochiraccoon","rated_nick":"aethero","created_at":"1342672966.06998","rating":"1","notes":"Made a 0.5 BTC Bet on coin flip i won and was paid"},
{"id":"12886","rater_nick":"Gladamas","rated_nick":"aethero","created_at":"1403806559.57896","rating":"-6","notes":"Probably a scammer. Used to be very trusted, then walked away with loans worth thousands of USD. Original rating: +5, Multiple transactions, Chase QP, MoneyPaks, etc."},
{"id":"13013","rater_nick":"gigavps","rated_nick":"aethero","created_at":"1343161150.76969","rating":"1","notes":"gox for dwolla trade. all good"},
{"id":"13031","rater_nick":"Ssateneth","rated_nick":"aethero","created_at":"1367177691.05593","rating":"-5","notes":"allegedly ran off with 750,000 USD worth of fiat and bitcoins. also http:\/\/www.reddit.com\/r\/Bitcoin\/comments\/1crk44\/did_anybody_else_just_see_this_posted_and_quickly\/"},
{"id":"13035","rater_nick":"anonz","rated_nick":"aethero","created_at":"1343217541.59944","rating":"1","notes":"helped me register so i payed him."},
{"id":"13042","rater_nick":"novusordo","rated_nick":"aethero","created_at":"1395344335.87487","rating":"-10","notes":"Updating my rating of -1 from many months ago."},
{"id":"13115","rater_nick":"reureu2k3","rated_nick":"aethero","created_at":"1344192826.17353","rating":"2","notes":"Bought my MP for BTC"},
{"id":"13133","rater_nick":"futureghost","rated_nick":"aethero","created_at":"1343430569.26216","rating":"1","notes":"Awesome vendor, traded BTC for my MP. Smooth and fast"},
{"id":"13135","rater_nick":"jjoin","rated_nick":"aethero","created_at":"1345492210.0795","rating":"4","notes":"multiple transactions, has sold me many bitcoins"},
{"id":"13213","rater_nick":"mvrak","rated_nick":"aethero","created_at":"1343699926.00675","rating":"1","notes":"loaned me btc with a bacon collateral"},
{"id":"13253","rater_nick":"babbler","rated_nick":"aethero","created_at":"1343849105.29686","rating":"1","notes":"Easy BTC for MP Thanks"},
{"id":"13264","rater_nick":"Cusipzzz","rated_nick":"aethero","created_at":"1374258677.26509","rating":"-10","notes":null},
{"id":"13353","rater_nick":"lmlj","rated_nick":"aethero","created_at":"1344216190.76305","rating":"1","notes":"Easy, smooth transaction--thanks!"},
{"id":"13388","rater_nick":"plyer21","rated_nick":"aethero","created_at":"1344312055.73521","rating":"1","notes":"bought bitcoin by moneypak"},
{"id":"13478","rater_nick":"addie","rated_nick":"aethero","created_at":"1345145858.77838","rating":"1","notes":"exchanged mp to btc"},
{"id":"13505","rater_nick":"Ravi","rated_nick":"aethero","created_at":"1347629220.53349","rating":"5","notes":"reliable source! and aweosme guy. always on :-D"},
{"id":"13513","rater_nick":"Imperial","rated_nick":"aethero","created_at":"1345068855.6784","rating":"3","notes":"Multiple purchases. Bought his BTC using my MP."},
{"id":"13638","rater_nick":"copumpkin","rated_nick":"aethero","created_at":"1353985569.96357","rating":"-1","notes":"nice guy, but seems to have an unstable disposition to the point that I would not do business with him or recommend that others do so. I don't think he's dishonest, and this rating is not set in stone. If I (passively) observe positive changes in his behavior, this rating will improve. For now, caveat creditor."},
{"id":"13692","rater_nick":"arij","rated_nick":"aethero","created_at":"1380816125.36375","rating":"-4","notes":"stole a whole bunch of btc from the community"},
{"id":"13700","rater_nick":"dragonx","rated_nick":"aethero","created_at":"1345057824.8392","rating":"1","notes":"good smooth transaction"},
{"id":"13746","rater_nick":"unchia313","rated_nick":"aethero","created_at":"1345165250.35912","rating":"1","notes":"trade mp for btc.Nice guy too!"},
{"id":"13847","rater_nick":"Dreary","rated_nick":"aethero","created_at":"1345397214.51201","rating":"4","notes":"Professional, honest, great guy todo business with. Thanks!"},
{"id":"13862","rater_nick":"sebicas","rated_nick":"aethero","created_at":"1345414019.67082","rating":"1","notes":"We had to cancel the trade because of a problem with the bank, but seems like a honest guy"},
{"id":"13904","rater_nick":"Perlboy","rated_nick":"aethero","created_at":"1345510303.97806","rating":"1","notes":"Using aethero to escrow small amount of BTC on a bet with ultramancool. Bet closes Friday 24 August"},
{"id":"13906","rater_nick":"psychedelicpanda","rated_nick":"aethero","created_at":"1345511435.02342","rating":"2","notes":"bought bitcoins from him with moneypak. medium size trade. VERY patient with new user! would buy again!"},
{"id":"13969","rater_nick":"QwertyMan","rated_nick":"aethero","created_at":"1345647486.12624","rating":"1","notes":"Quick easy transaction of MP for BTC."},
{"id":"13995","rater_nick":"BTCBitch","rated_nick":"aethero","created_at":"1345736012.28883","rating":"2","notes":"sold MP for BTC very professional"},
{"id":"14046","rater_nick":"ultramancool","rated_nick":"aethero","created_at":"1345866945.04847","rating":"1","notes":"escrowing bet between myself and Perlboy"},
{"id":"14049","rater_nick":"doseone","rated_nick":"aethero","created_at":"1345867526.43219","rating":"7","notes":null},
{"id":"14062","rater_nick":"bdcs","rated_nick":"aethero","created_at":"1345919394.4738","rating":"5","notes":"Bought large qty of BTC on quickbitcoins.com. Excellent service"},
{"id":"14068","rater_nick":"wunder","rated_nick":"aethero","created_at":"1348976382.95741","rating":"7","notes":"easy as always"},
{"id":"14090","rater_nick":"perplexes","rated_nick":"aethero","created_at":"1346016851.66799","rating":"1","notes":"Super smooth MTGUSD -> BOA transfer, thanks so much. :D"},
{"id":"14142","rater_nick":"Namworld","rated_nick":"aethero","created_at":"1374261179.57193","rating":"-10","notes":"Owes me 22% of Ziggap. Should just hand me the whole thing."},
{"id":"14207","rater_nick":"scarletpimpernel","rated_nick":"aethero","created_at":"1351198552.22547","rating":"2","notes":"multiple orders from a really nice couple! Thanks, both you!"},
{"id":"14258","rater_nick":"computererds","rated_nick":"aethero","created_at":"1346550141.17686","rating":"2","notes":"Excellent serivce, super quick. Will continue to use."},
{"id":"14279","rater_nick":"OgNasty","rated_nick":"aethero","created_at":"1346553031.7433","rating":"1","notes":"Sold a 1g bitcoin"},
{"id":"14311","rater_nick":"AndrewNTH","rated_nick":"aethero","created_at":"1346650317.83977","rating":"1","notes":"He has my credit card details so I guess I trust him somewhat (he also charged my card and gave me an appropriate amount of BTC)"},
{"id":"14349","rater_nick":"coolkid321","rated_nick":"aethero","created_at":"1350339862.00864","rating":"10","notes":"flawless seller my new go to guy for coins"},
{"id":"14351","rater_nick":"Bitdrive","rated_nick":"aethero","created_at":"1346816205.66521","rating":"1","notes":"I bought BTC from quickbitcoins.com w\/CC, fast transation"},
{"id":"14651","rater_nick":"psychedelicrcpan","rated_nick":"aethero","created_at":"1347320614.97493","rating":"3","notes":"Bought BTC from him multiple times using moneypak. great service, fast and easy! Thanks!"},
{"id":"14670","rater_nick":"easyat","rated_nick":"aethero","created_at":"1372897201.54899","rating":"-1","notes":"Ran off with quite a bit of money\/BTC. Will change if all partIES are paid back"},
{"id":"14678","rater_nick":"sic_nic","rated_nick":"aethero","created_at":"1347408580.56501","rating":"1","notes":"Quick easy TX for bank deposit would repeat."},
{"id":"14689","rater_nick":"Tril","rated_nick":"aethero","created_at":"1347419477.18799","rating":"2","notes":"smooth trade 50-100 BTC, helpful"},
{"id":"14698","rater_nick":"_CJ_","rated_nick":"aethero","created_at":"1347456976.27784","rating":"1","notes":"traded bitcoin for mp"},
{"id":"15000","rater_nick":"aimbot","rated_nick":"aethero","created_at":"1348184003.48645","rating":"1","notes":"Fast easy transaction. Traded my moneypak for 7.5 BTC"},
{"id":"15006","rater_nick":"ezah","rated_nick":"aethero","created_at":"1348435097.15378","rating":"4","notes":"great PP-> btc transaction, quick and painless for $100"},
{"id":"15030","rater_nick":"nickware","rated_nick":"aethero","created_at":"1348254888.14162","rating":"1","notes":"Sold BTC for PPUSD -- transaction went well!"},
{"id":"15038","rater_nick":"Patz0rz","rated_nick":"aethero","created_at":"1348279427.95213","rating":"1","notes":"magically turned payment forms into btc for me"},
{"id":"15069","rater_nick":"silvercoin","rated_nick":"aethero","created_at":"1348443574.93968","rating":"1","notes":"Bought BTC for PP"},
{"id":"15098","rater_nick":"btcfaucet","rated_nick":"aethero","created_at":"1348543856.12709","rating":"1","notes":"sold me BTC in a time of need for ppusd"},
{"id":"15240","rater_nick":"wolf13","rated_nick":"aethero","created_at":"1348606950.47341","rating":"5","notes":"great businessman"},
{"id":"15241","rater_nick":"[nin]","rated_nick":"aethero","created_at":"1348606998.83681","rating":"5","notes":"great businessman"},
{"id":"15480","rater_nick":"phungus","rated_nick":"aethero","created_at":"1348956256.31955","rating":"1","notes":"Very nice and easy and quick!"},
{"id":"15514","rater_nick":"forrestv","rated_nick":"aethero","created_at":"1349041645.5109","rating":"1","notes":"successful bitpantry order through him"},
{"id":"15517","rater_nick":"dose1","rated_nick":"aethero","created_at":"1349042051.75101","rating":"1","notes":"small\/medium size MP exchange for BTC"},
{"id":"15563","rater_nick":"AJM","rated_nick":"aethero","created_at":"1349133772.51505","rating":"1","notes":null},
{"id":"15573","rater_nick":"MustelloLLC","rated_nick":"aethero","created_at":"1361081133.90724","rating":"5","notes":"yummy money"},
{"id":"15586","rater_nick":"naqutramas","rated_nick":"aethero","created_at":"1349188908.27513","rating":"2","notes":"Helped me with my first transaction, very friendly and understanding"},
{"id":"15588","rater_nick":"aldur1","rated_nick":"aethero","created_at":"1349384089.91058","rating":"2","notes":"second btc for ppusd, despite ussues with paypal, was paid no issues would highly reccomend for paypal transactions"},
{"id":"15601","rater_nick":"knokturnl","rated_nick":"aethero","created_at":"1349472709.81215","rating":"2","notes":"Large transaction, would do business with again"},
{"id":"15619","rater_nick":"denizen","rated_nick":"aethero","created_at":"1349276281.67131","rating":"1","notes":"Very accomodating, 13BTC for MP at a very fair rate."},
{"id":"15724","rater_nick":"ageis","rated_nick":"aethero","created_at":"1349381256.49314","rating":"1","notes":"redeemed a moneypak for BTC."},
{"id":"15755","rater_nick":"sega01","rated_nick":"aethero","created_at":"1349467367.84257","rating":"1","notes":"Bought 0.1BTC from user. Very responsive and nice to talk to. Thanks!"},
{"id":"15776","rater_nick":"Karmaon","rated_nick":"aethero","created_at":"1349499459.98477","rating":"1","notes":"Swift transaction, A++++++++++++++++++++++++++++++++++++++++++++++++++++++++++++++"},
{"id":"15835","rater_nick":"Joric","rated_nick":"aethero","created_at":"1349644314.36635","rating":"1","notes":"cool guy paid me for creativity"},
{"id":"15836","rater_nick":"wired","rated_nick":"aethero","created_at":"1349646095.5756","rating":"1","notes":"All went smooth, aethero is a kind person. Will do business again, for sure."},
{"id":"15908","rater_nick":"Btcmixers","rated_nick":"aethero","created_at":"1349989109.91266","rating":"2","notes":"sold btc for moneypak"},
{"id":"15922","rater_nick":"Samoi","rated_nick":"aethero","created_at":"1349855701.16903","rating":"1","notes":"quick transaction when I needed very small amount of btc for ppusd"},
{"id":"15940","rater_nick":"unescape","rated_nick":"aethero","created_at":"1349892895.61451","rating":"2","notes":"multiple btc->MP transactions"},
{"id":"15963","rater_nick":"smartperson","rated_nick":"aethero","created_at":"1349908432.51287","rating":"1","notes":"willing to trade me one BTC via APP for a small risk premium"},
{"id":"15970","rater_nick":"Wooly","rated_nick":"aethero","created_at":"1353740624.22645","rating":"2","notes":"he sold btc for my PP, multiple transactions"},
{"id":"15988","rater_nick":"flsixtwo","rated_nick":"aethero","created_at":"1350341003.62462","rating":"6","notes":"Easy as always, never have any worries with aethero."},
{"id":"16030","rater_nick":"silverbull","rated_nick":"aethero","created_at":"1350062928.32785","rating":"2","notes":"Sent me bitcoins after I sent him silver, happy to deal with again"},
{"id":"16041","rater_nick":"anthonyc0603","rated_nick":"aethero","created_at":"1350072698.79174","rating":"1","notes":"Helped me on my first OTC - 1 BTC vs MTGUSD."},
{"id":"16058","rater_nick":"MonocleMan","rated_nick":"aethero","created_at":"1350127285.18118","rating":"1","notes":"Sold my MP for his BTC"},
{"id":"16063","rater_nick":"senseless","rated_nick":"aethero","created_at":"1350145258.97651","rating":"1","notes":"Sold BTC for PPUSD"},
{"id":"16065","rater_nick":"tobyl","rated_nick":"aethero","created_at":"1350145366.26179","rating":"1","notes":"Smooth paypal trade for a couple btc"},
{"id":"16084","rater_nick":"episking-","rated_nick":"aethero","created_at":"1394742562.41755","rating":"-2","notes":"used to be cool, but then screwed a lot of people for a lot of money"},
{"id":"16098","rater_nick":"flyingtown","rated_nick":"aethero","created_at":"1350238597.07417","rating":"1","notes":"I bought 100usd worth of BTC from his website quickbitcoins.net and recieved the coins quick"},
{"id":"16110","rater_nick":"btcbuy314","rated_nick":"aethero","created_at":"1350251740.3635","rating":"1","notes":"bought his btc for my ppusd"},
{"id":"16143","rater_nick":"majinx","rated_nick":"aethero","created_at":"1350308864.74327","rating":"2","notes":null},
{"id":"16147","rater_nick":"DeltronZero","rated_nick":"aethero","created_at":"1353807493.32167","rating":"2","notes":"Multiple transactions, my USD for his BTC"},
{"id":"16153","rater_nick":"stimu","rated_nick":"aethero","created_at":"1357031913.90748","rating":"7","notes":"helpful and trustworthy. Great businessman and a credit to bitcoin-otc."},
{"id":"16169","rater_nick":"tronco","rated_nick":"aethero","created_at":"1357255812.3253","rating":"10","notes":"Always simple. Always flawless."},
{"id":"16186","rater_nick":"manes","rated_nick":"aethero","created_at":"1350970109.20145","rating":"1","notes":"Successful escrow of 50+ USD"},
{"id":"16205","rater_nick":"micahnyne","rated_nick":"aethero","created_at":"1350419519.41918","rating":"1","notes":"did me good for the second time in a row."},
{"id":"16211","rater_nick":"beirdo","rated_nick":"aethero","created_at":"1350429302.47521","rating":"1","notes":"Purchased some beef jerky from his wife with his assistance."},
{"id":"16243","rater_nick":"joecool","rated_nick":"aethero","created_at":"1367800496.27639","rating":"-10","notes":"running through swamps trying to escape imaginary foes while late on payments to many people"},
{"id":"16249","rater_nick":"broken","rated_nick":"aethero","created_at":"1350866298.98276","rating":"2","notes":"Second successful transaction, quick and easy MP."},
{"id":"16277","rater_nick":"dose1one","rated_nick":"aethero","created_at":"1351266139.17299","rating":"3","notes":"several small transactions"},
{"id":"16333","rater_nick":"ctj","rated_nick":"aethero","created_at":"1355463412.78891","rating":"5","notes":"Many transactions with this fellow. My go-to guy. Highly recommended. :)"},
{"id":"16348","rater_nick":"bbhc","rated_nick":"aethero","created_at":"1350848546.05074","rating":"3","notes":"I buy BTC's VIA GDMP's and they come through speedy and perfect everytime!!!"},
{"id":"16412","rater_nick":"robertb","rated_nick":"aethero","created_at":"1350954583.51794","rating":"1","notes":"$250 btc for his moneypak"},
{"id":"16426","rater_nick":"NaruFGT","rated_nick":"aethero","created_at":"1351222366.35393","rating":"1","notes":"Successful Escrow facilitation for a transaction with user Manes.."},
{"id":"16429","rater_nick":"savetheinternet","rated_nick":"aethero","created_at":"1356682883.27106","rating":"5","notes":"Multiple cash by mail transactions and one large-ish MoneyGram exchange. I paid first."},
{"id":"16442","rater_nick":"al_pacino","rated_nick":"aethero","created_at":"1351015338.90984","rating":"1","notes":null},
{"id":"16478","rater_nick":"packt","rated_nick":"aethero","created_at":"1352091941.74322","rating":"10","notes":"always a great transaction"},
{"id":"16501","rater_nick":"beefsock","rated_nick":"aethero","created_at":"1351126317.06596","rating":"1","notes":"nice guy. smooth transaction for my services."},
{"id":"16531","rater_nick":"TheGent","rated_nick":"aethero","created_at":"1351192024.21062","rating":"4","notes":"Investment Relationship"},
{"id":"16534","rater_nick":"techmrw","rated_nick":"aethero","created_at":"1351206489.11162","rating":"1","notes":"QuickBitcoins.net - Yeah"},
{"id":"16575","rater_nick":"Grable","rated_nick":"aethero","created_at":"1351273317.03222","rating":"-9","notes":"Broke contract, did paypal transaction and then tried to scam payment back, lost on paypal, got mad and -8 me, contract stated his first and last name no refund http:\/\/paidmoneyonline.com\/seo-normal-package-order-and-agreement\/"},
{"id":"16591","rater_nick":"bassclef","rated_nick":"aethero","created_at":"1351282810.5216","rating":"10","notes":"great community member, sold Battle.net acocunt with D3 for 1.5BTC worked with me pretty reasonably to overcome lock out issues and get him the account."},
{"id":"16600","rater_nick":"Mitosis","rated_nick":"aethero","created_at":"1351294588.84597","rating":"1","notes":"traded MP -> myBTC Professional, Cautious, Precise. Recalculated trade in my favour. Great trader."},
{"id":"16636","rater_nick":"cellofellow","rated_nick":"aethero","created_at":"1351398862.54581","rating":"1","notes":"Excellent customer service."},
{"id":"16690","rater_nick":"Shrugged","rated_nick":"aethero","created_at":"1353985700.29182","rating":"3","notes":"Has been nothing but honest with me."},
{"id":"16705","rater_nick":"ElevatedDownfall","rated_nick":"aethero","created_at":"1353286426.45518","rating":"10","notes":"multiple ppusd transactions. purchased bitcoincoffee.com from me and is now the owner. he also has completed a few bounties for me, along with a ton of work to do in the future"},
{"id":"16767","rater_nick":"Synops","rated_nick":"aethero","created_at":"1364945928.05935","rating":"-1","notes":"*Currently Late On MULTIPLE BTCjam Loan Payments* Multiple exchanges, very successful and easy, top 5 exchanger on otc!..Ziggap.com very easy to use."},
{"id":"16780","rater_nick":"headRCS","rated_nick":"aethero","created_at":"1351724910.41282","rating":"1","notes":"Sold 19 BTC was quick to pay and a pleasure to deal with."},
{"id":"16850","rater_nick":"BTChero","rated_nick":"aethero","created_at":"1351877661.81995","rating":"2","notes":"Trustworthy"},
{"id":"16863","rater_nick":"whoeverwherever","rated_nick":"aethero","created_at":"1351902317.84191","rating":"2","notes":"Easy & Smooth moneypak -> btc"},
{"id":"16868","rater_nick":"crylina","rated_nick":"aethero","created_at":"1351915870.9899","rating":"1","notes":"bought btc for mp"},
{"id":"16968","rater_nick":"dparrish","rated_nick":"aethero","created_at":"1352581837.13659","rating":"2","notes":"Transactions both ways, for wire and MP"},
{"id":"16976","rater_nick":"abracadabra","rated_nick":"aethero","created_at":"1352174335.91764","rating":"1","notes":"Purchased his USD for my BTC"},
{"id":"17200","rater_nick":"wafflebear937","rated_nick":"aethero","created_at":"1362193746.43074","rating":"3","notes":"Traded BTC for my MP - Thanks"},
{"id":"17225","rater_nick":"komododragon","rated_nick":"aethero","created_at":"1352586075.65137","rating":"1","notes":null},
{"id":"17243","rater_nick":"c4pt","rated_nick":"aethero","created_at":"1352605966.56598","rating":"1","notes":"bought 4.55 btc for 49.41 via PP smooth transaction would recommend"},
{"id":"17246","rater_nick":"Anonyme","rated_nick":"aethero","created_at":"1352609379.76156","rating":"2","notes":"bought 18 btc from him with MP. Good guy."},
{"id":"17363","rater_nick":"AtomicComic","rated_nick":"aethero","created_at":"1353788456.8641","rating":"3","notes":"Multiple BTC->MP \/ MP->BTC A+ guy"},
{"id":"17366","rater_nick":"Greed","rated_nick":"aethero","created_at":"1352921000.23351","rating":"1","notes":null},
{"id":"17384","rater_nick":"pletso","rated_nick":"aethero","created_at":"1352941646.6894","rating":"1","notes":"did a small pp transaction, quick and helpful"},
{"id":"17450","rater_nick":"ph0x","rated_nick":"aethero","created_at":"1353044735.93554","rating":"10","notes":null},
{"id":"17573","rater_nick":"sc4rface","rated_nick":"aethero","created_at":"1353283445.62823","rating":"1","notes":"bought his $375 MP for my MTGOX"},
{"id":"17727","rater_nick":"Fuzzy","rated_nick":"aethero","created_at":"1357925950.73384","rating":"7","notes":"Multiple Large Transactions, easy to work with, Will be back"},
{"id":"17778","rater_nick":"QuantumQrack","rated_nick":"aethero","created_at":"1353593494.47633","rating":"1","notes":"Provided professional escrow service."},
{"id":"17828","rater_nick":"Ploni","rated_nick":"aethero","created_at":"1353679597.24762","rating":"1","notes":"was willing to accept my cc for btc when no one else trusted me yet :)"},
{"id":"17853","rater_nick":"BitAurum","rated_nick":"aethero","created_at":"1353709636.14125","rating":"1","notes":"Helped me break the ice (small first trade), time to get drunk!"},
{"id":"17856","rater_nick":"ktorp","rated_nick":"aethero","created_at":"1353720537.86848","rating":"2","notes":"sent him bitcoin and he bought me an hdmi cord"},
{"id":"17951","rater_nick":"remote","rated_nick":"aethero","created_at":"1353967657.27922","rating":"1","notes":"sent 270$ upfront (WU) and got BTC"},
{"id":"17963","rater_nick":"gmaxwell","rated_nick":"aethero","created_at":"1374258076.95328","rating":"-10","notes":"replacing my '2012-11-27 03:04:53' -2 rating: I told you so. Has since ran out on his loans and scammed a bunch of people."},
{"id":"17966","rater_nick":"surplus-trader","rated_nick":"aethero","created_at":"1353987609.03899","rating":"1","notes":"perfect seller with great deal, my mp for his btc, man of his word. Thanks!!"},
{"id":"17981","rater_nick":"dogshu","rated_nick":"aethero","created_at":"1354051100.1074","rating":"1","notes":"sold me BTC for cash in mail. got me the btc quickly, good trader"},
{"id":"18016","rater_nick":"Jamesonwa","rated_nick":"aethero","created_at":"1361034383.91157","rating":"4","notes":"working on establishing a selling\/buying bitcoin relationship, going well so far.."},
{"id":"18031","rater_nick":"theymos","rated_nick":"aethero","created_at":"1354067737.32015","rating":"1","notes":"I received PPUSD from him."},
{"id":"18088","rater_nick":"honda316","rated_nick":"aethero","created_at":"1356714188.13086","rating":"1","notes":"Hs btc for my mp awesome guy!"},
{"id":"18185","rater_nick":"TheButterZone","rated_nick":"aethero","created_at":"1372363596.97412","rating":"-1","notes":"His BTC for my PP, LTC, and beta testing. But, apparently was building up ratings from as many people as possible so he could disappear with hundreds of thousands of dollars in loaned BTC."},
{"id":"18716","rater_nick":"designdream","rated_nick":"aethero","created_at":"1361139279.97565","rating":"5","notes":"Larger sized transactions. Very solid. Thank you"},
{"id":"18788","rater_nick":"LovEnPeacE","rated_nick":"aethero","created_at":"1358351705.22807","rating":"3","notes":"4 figures traded trusted btc for pp"},
{"id":"18793","rater_nick":"x0Jakeyboy0x","rated_nick":"aethero","created_at":"1356994277.31405","rating":"2","notes":"Several transactions. All smooth."},
{"id":"18800","rater_nick":"noitev","rated_nick":"aethero","created_at":"1355882152.69003","rating":"1","notes":"superfast btc trx for paypal. thanks :)"},
{"id":"18856","rater_nick":"inglian","rated_nick":"aethero","created_at":"1355969244.17703","rating":"1","notes":"Help in resolving lost order during bitcoincoffee.com change of ownership"},
{"id":"18871","rater_nick":"charlierlee","rated_nick":"aethero","created_at":"1356925502.47893","rating":"1","notes":"multiple transactions - smooth"},
{"id":"18873","rater_nick":"polymorphous","rated_nick":"aethero","created_at":"1357611623.86347","rating":"3","notes":"Several smooth txns"},
{"id":"18896","rater_nick":"MarkyRamone","rated_nick":"aethero","created_at":"1356064682.69022","rating":"1","notes":"great seller, thanks for the patience"},
{"id":"18898","rater_nick":"ak102","rated_nick":"aethero","created_at":"1356071247.37756","rating":"1","notes":"bought his BTC with PPUSD"},
{"id":"18909","rater_nick":"sherap","rated_nick":"aethero","created_at":"1356107404.34718","rating":"1","notes":"good BTC seller, very professional"},
{"id":"18925","rater_nick":"tunafizz","rated_nick":"aethero","created_at":"1356159778.09715","rating":"1","notes":"bought 6 btc via PP. friendly and quick seller."},
{"id":"18946","rater_nick":"beethoven8201","rated_nick":"aethero","created_at":"1356205010.3315","rating":"3","notes":"4 figure trade. decent price. smooth transaction"},
{"id":"18948","rater_nick":"Shintita","rated_nick":"aethero","created_at":"1356207436.18878","rating":"1","notes":"Small trade, 1 Btc for PPUSD"},
{"id":"19150","rater_nick":"dooby","rated_nick":"aethero","created_at":"1356736496.57385","rating":"2","notes":"sold 10 btc for serve"},
{"id":"19172","rater_nick":"LIERO","rated_nick":"aethero","created_at":"1356794854.58144","rating":"1","notes":"purchased BTC with paypal, everything was smooth"},
{"id":"19206","rater_nick":"Penguinslovebana","rated_nick":"aethero","created_at":"1360684024.53751","rating":"5","notes":"Multiple times PP for BTC Always a pro"},
{"id":"19320","rater_nick":"phantom1594","rated_nick":"aethero","created_at":"1357243100.2453","rating":"1","notes":"Smooth transaction of his BTC for my MP, Thanks!"},
{"id":"19365","rater_nick":"DingoRabiit","rated_nick":"aethero","created_at":"1359745039.03946","rating":"10","notes":"This rating isnt Entirely related to trade, But the man is a good, Good fellow, Im sure that hes a trustable guy, Im giving him such a high rating because of how... Nice he was. Thankyou Aethero"},
{"id":"19414","rater_nick":"wrench02","rated_nick":"aethero","created_at":"1357455557.08436","rating":"1","notes":"Purchased my MP for his BTC A+"},
{"id":"19439","rater_nick":"djgee","rated_nick":"aethero","created_at":"1361484581.08488","rating":"4","notes":"second speedy transaction, solid guy who is quite generous"},
{"id":"19479","rater_nick":"yoyoceramic","rated_nick":"aethero","created_at":"1357601059.6416","rating":"3","notes":"Thanks for showing me how Mt. Gox redeem code works"},
{"id":"19485","rater_nick":"sgornick","rated_nick":"aethero","created_at":"1357616074.35433","rating":"1","notes":"Aethero helped me out when I needed some PPUSDs."},
{"id":"19615","rater_nick":"AAP-","rated_nick":"aethero","created_at":"1358356448.52778","rating":"2","notes":"Multiple btc tx. always smooth"},
{"id":"19637","rater_nick":"swhitt","rated_nick":"aethero","created_at":"1358140178.24222","rating":"4","notes":"PPUSD -> BTC, verification required but excellent and very smooth"},
{"id":"19674","rater_nick":"wondercow11","rated_nick":"aethero","created_at":"1358228770.23341","rating":"4","notes":"my PPUSD for his BTC. great to deal with!"},
{"id":"19688","rater_nick":"KarmaBytes","rated_nick":"aethero","created_at":"1358286897.75934","rating":"4","notes":"bought my Starbucks egift card for 5.437 BTC, thank you!"},
{"id":"19692","rater_nick":"m0rning","rated_nick":"aethero","created_at":"1358287412.35728","rating":"1","notes":"Purchased MoneyPak for BTC"},
{"id":"19702","rater_nick":"LookingtoBuy","rated_nick":"aethero","created_at":"1358301672.96944","rating":"1","notes":"moneypak-> btc thanks for helping me out"},
{"id":"19732","rater_nick":"bassjax","rated_nick":"aethero","created_at":"1358387640.78353","rating":"2","notes":"quick, easy, friendly"},
{"id":"19735","rater_nick":"gshocka","rated_nick":"aethero","created_at":"1358389893.91314","rating":"1","notes":"bad business"},
{"id":"19808","rater_nick":"marketanarchist","rated_nick":"aethero","created_at":"1358625655.12648","rating":"1","notes":"tx aethero! prefect transaction"},
{"id":"19957","rater_nick":"stalers","rated_nick":"aethero","created_at":"1359055054.67115","rating":"-10","notes":"scammer!"},
{"id":"19994","rater_nick":"opticbit","rated_nick":"aethero","created_at":"1359160121.54859","rating":"2","notes":null},
{"id":"20016","rater_nick":"posiky","rated_nick":"aethero","created_at":"1359226313.2894","rating":"2","notes":"Purchased his bitcoin, smooth and easy transaction!"},
{"id":"20031","rater_nick":"nyRednek","rated_nick":"aethero","created_at":"1362502181.42792","rating":"3","notes":"trustworthy trader, couple of trades, paid for some simple stats work"},
{"id":"20058","rater_nick":"boonies4u","rated_nick":"aethero","created_at":"1359384420.31234","rating":"1","notes":"sold me a few bitcoins for PPUSD fast transaction"},
{"id":"20147","rater_nick":"Jmoney303","rated_nick":"aethero","created_at":"1359588854.53869","rating":"3","notes":"Bought 2 BTC for PP. Very helpful user"},
{"id":"20199","rater_nick":"D-Dimer","rated_nick":"aethero","created_at":"1359725796.08909","rating":"2","notes":"helpful and polite."},
{"id":"20246","rater_nick":"sal002","rated_nick":"aethero","created_at":"1359909930.76527","rating":"1","notes":"Sold BTC for PPUSD"},
{"id":"20274","rater_nick":"Gromz","rated_nick":"aethero","created_at":"1360030895.46468","rating":"1","notes":"Simple and quick transaction. Thanks!"},
{"id":"20317","rater_nick":"UNOE227","rated_nick":"aethero","created_at":"1364539836.08866","rating":"2","notes":"two Simple and quick transaction. Thanks!"},
{"id":"20362","rater_nick":"ghiles234","rated_nick":"aethero","created_at":"1360374202.05903","rating":"3","notes":"2 Very good and fast!"},
{"id":"20409","rater_nick":"mjgrae","rated_nick":"aethero","created_at":"1360514548.18792","rating":"1","notes":"PPUSD -> BTC @ Spot, quick small transaction."},
{"id":"20417","rater_nick":"BigTim","rated_nick":"aethero","created_at":"1360528118.9149","rating":"2","notes":"Bought a small amount of his btc smooth trade!"},
{"id":"20440","rater_nick":"lupine313","rated_nick":"aethero","created_at":"1360554302.66177","rating":"1","notes":"Took a chance on me buy allowing me to purchase PPUSD - quick send! Thanks!"},
{"id":"20497","rater_nick":"Rawted","rated_nick":"aethero","created_at":"1370538463.38175","rating":"-10","notes":"owes 12btc. vanshed from OTC with a $400k debt. Bum ass scammer."},
{"id":"20511","rater_nick":"vigilyn","rated_nick":"aethero","created_at":"1361986345.01074","rating":"4","notes":"Multiple transactions, a pleasure to do business with."},
{"id":"20563","rater_nick":"swiley","rated_nick":"aethero","created_at":"1360956712.63941","rating":"1","notes":"bought small amount of BTC from him with PPUSD very cuoperative"},
{"id":"20573","rater_nick":"Darkshark","rated_nick":"aethero","created_at":"1360991476.16318","rating":"2","notes":"Purchased some BTC from him from my paypal. Excellent trader, Instant send"},
{"id":"20612","rater_nick":"tdiggs","rated_nick":"aethero","created_at":"1362348433.57463","rating":"2","notes":"sold me a MP always a pleasure!"},
{"id":"20794","rater_nick":"montesquieu","rated_nick":"aethero","created_at":"1361583035.20665","rating":"2","notes":"My MoneyPak for his BTC. Thank you!"},
{"id":"20817","rater_nick":"kidcudi09","rated_nick":"aethero","created_at":"1363145258.88655","rating":"2","notes":null},
{"id":"20973","rater_nick":"bdiekh2","rated_nick":"aethero","created_at":"1363740683.20567","rating":"3","notes":"very helpful thank you"},
{"id":"21025","rater_nick":"thickasthieves","rated_nick":"aethero","created_at":"1392158508.58268","rating":"-10","notes":"Sullied everything the WoT stands for. Scammed via Ziggap and BTCJam"},
{"id":"21063","rater_nick":"solca","rated_nick":"aethero","created_at":"1362350100.13259","rating":"2","notes":"Wire to BTC"},
{"id":"21114","rater_nick":"Immuzikation","rated_nick":"aethero","created_at":"1362436116.74195","rating":"1","notes":"My MP for BTC. Smooth!"},
{"id":"21199","rater_nick":"lolwut","rated_nick":"aethero","created_at":"1362599488.04208","rating":"3","notes":"Helpful guy smooth transaction. Would buy again"},
{"id":"21238","rater_nick":"gopher2x","rated_nick":"aethero","created_at":"1362700784.46115","rating":"1","notes":null},
{"id":"21430","rater_nick":"dleonardi","rated_nick":"aethero","created_at":"1363132246.37625","rating":"3","notes":"Only person to accept my credit card. Nice guy, smooth trade"},
{"id":"21604","rater_nick":"simran","rated_nick":"aethero","created_at":"1363565074.08023","rating":"2","notes":"Thanks for trading my useless BTC to PayPal"},
{"id":"21720","rater_nick":"Aaron_TangCryp","rated_nick":"aethero","created_at":"1365196304.81057","rating":"-10","notes":"It has been 1 week now and I haven't seen my funds you've been online twice and I've sent you at least te messages through gribble I have lost a lot of sales thanks to you, Never giving you a loan again"},
{"id":"21751","rater_nick":"Kelticfox","rated_nick":"aethero","created_at":"1457777688.87916","rating":"-10","notes":"Went rogue with over 1479BTC from various sources including 500BTC from Bitfunder & 979.94BTC from BTCJam, ~$393,664 in April 2013. Claimed the 'Bitcoin Cartel' were after him. (Ref: https:\/\/www.reddit.com\/r\/Bitcoin\/comments\/1crk44\/did_anybody_else_just_see_this_posted_and_quickly\/)."},
{"id":"22426","rater_nick":"nobody99","rated_nick":"aethero","created_at":"1364350954.31085","rating":"1","notes":"my MP for his BTC"},
{"id":"22643","rater_nick":"diatonic","rated_nick":"aethero","created_at":"1368474562.43762","rating":"-1","notes":"Sold him an SSD for BTC. His recent absence from #bitcoin-otc has me concerned."},
{"id":"22850","rater_nick":"gtlz","rated_nick":"aethero","created_at":"1364848296.85847","rating":"1","notes":"Bought items from me shipped via USPS. Paid promptly upon receipt. Smooth transaction."},
{"id":"23048","rater_nick":"edmontonreliable","rated_nick":"aethero","created_at":"1365100560.20938","rating":"-10","notes":"Scammed me for 1000 dollars for cash in mail, didn't send with tracking, and we had agreed I was NOT going to be comfortable with this deal unless he sent 100 % with tracking. 3 weeks later no mail, and the kid has not been seen for 3 days."},
{"id":"24055","rater_nick":"CoJaBo","rated_nick":"aethero","created_at":"1366083817.50367","rating":"1","notes":"Did some web stuff for him, he paid promptly. Great first transaction!"},
{"id":"24564","rater_nick":"Usagi","rated_nick":"aethero","created_at":"1367053166.23007","rating":"-5","notes":"apparently ziggap.com seems to have failed, but instead of dealing with it aethero seems to have pulled an ian bakewell and abandoned his shareholders on bitfunder. https:\/\/bitcointalk.org\/index.php?topic=146611.msg1956973#msg1956973"},
{"id":"24850","rater_nick":"jim667","rated_nick":"aethero","created_at":"1367523785.31114","rating":"-10","notes":"Late debt payment on BTCJAM https:\/\/btcjam.com\/listings\/584 . Will remove if repaid."},
{"id":"24997","rater_nick":"danieldaniel","rated_nick":"aethero","created_at":"1372379941.17482","rating":"-10","notes":"Ran ZigGap, which has not paid dividends and is late on his loan. Currently stole 500+ BTC."},
{"id":"25998","rater_nick":"GlooBoy","rated_nick":"aethero","created_at":"1371510502.83057","rating":"-10","notes":"disappeared with 500 coin outstanding btcJams loan -- https:\/\/btcjam.com\/users\/272 -- and all the IPO monies from zaggap est at low 6 digitsUSD total-"},
{"id":"26954","rater_nick":"TheLordOfTime","rated_nick":"aethero","created_at":"1372639153.10649","rating":"-10","notes":null},
{"id":"26955","rater_nick":"someoneweird","rated_nick":"aethero","created_at":"1372639161.83107","rating":"-10","notes":null},
{"id":"27594","rater_nick":"supa5","rated_nick":"aethero","created_at":"1374233188.51577","rating":"-10","notes":"Known Scammer Owes a Ton of People Money His Wife Owes a Ton of Money in BitPantry Orders BitPantry was bought out by BitCoffee His Exchange Failed 30+ bitcoins are owed plus countless amounts more"},
{"id":"27607","rater_nick":"supa4","rated_nick":"aethero","created_at":"1374234128.89447","rating":"-10","notes":"Known Scammer Owes a Ton of People Money His Wife Owes a Ton of Money in BitPantry Orders BitPantry was bought out by BitCoffee His Exchange Failed 30+ bitcoins are owed plus countless amounts more"},
{"id":"27613","rater_nick":"Supa3","rated_nick":"aethero","created_at":"1374234277.82288","rating":"-10","notes":"Known Scammer Owes a Ton of People Money His Wife Owes a Ton of Money in BitPantry Orders BitPantry was bought out by BitCoffee His Exchange Failed 30+ bitcoins are owed plus countless amounts more"},
{"id":"27636","rater_nick":"Supa2","rated_nick":"aethero","created_at":"1374237718.97769","rating":"-10","notes":"Known Scammer Owes a Ton of People Money His Wife Owes a Ton of Money in BitPantry Orders BitPantry was bought out by BitCoffee His Exchange Failed 30+ bitcoins are owed plus countless amounts more"},
{"id":"27644","rater_nick":"Supa","rated_nick":"aethero","created_at":"1374237969.44761","rating":"-10","notes":"Known Scammer Owes a Ton of People Money His Wife Owes a Ton of Money in BitPantry Orders BitPantry was bought out by BitCoffee His Exchange Failed 30+ bitcoins are owed plus countless amounts more"},
{"id":"27662","rater_nick":"Ex0deus","rated_nick":"aethero","created_at":"1374257474.68731","rating":"-10","notes":"danger to the bitcoin community"},
{"id":"30707","rater_nick":"vite","rated_nick":"aethero","created_at":"1380816757.69301","rating":"-10","notes":"general community assessment that he ran off with investor funds of his startup enterprise."},
{"id":"34651","rater_nick":"thestringpuller","rated_nick":"aethero","created_at":"1397521526.96652","rating":"-1","notes":"hmm...what a shame..."},
{"id":"35751","rater_nick":"Hasimir","rated_nick":"aethero","created_at":"1403386576.94223","rating":"-10","notes":"Did a runner with BTC of many people here and elsewhere."},
{"id":"36559","rater_nick":"Jason","rated_nick":"aethero","created_at":"1409086668.42531","rating":"-10","notes":"Ran off with BTC\/USD."}
]
