[
{"id":"7504","rater_nick":"d4rk_sp1r1t","rated_nick":"ageis","created_at":"1319431804.40787","rating":"4","notes":"great! quick service!"},
{"id":"7508","rater_nick":"imsaguy","rated_nick":"ageis","created_at":"1326411238.20453","rating":"4","notes":"He's good. We've traded many times now."},
{"id":"7518","rater_nick":"cory","rated_nick":"ageis","created_at":"1319498414.71648","rating":"1","notes":"He sold me Moneypak for BTC :)"},
{"id":"7543","rater_nick":"rg","rated_nick":"ageis","created_at":"1370350580.33315","rating":"10","notes":"too many irl transactions to count. a+"},
{"id":"7771","rater_nick":"io_error","rated_nick":"ageis","created_at":"1321221884.21933","rating":"1","notes":"Fast smooth PPUSD transaction"},
{"id":"7784","rater_nick":"gigavps","rated_nick":"ageis","created_at":"1321305091.16006","rating":"1","notes":"smooth MoneyPak to btc trade"},
{"id":"7923","rater_nick":"Coolio-","rated_nick":"ageis","created_at":"1322291036.3686","rating":"3","notes":null},
{"id":"8514","rater_nick":"dserrano5","rated_nick":"ageis","created_at":"1325853178.0385","rating":"1","notes":"I bought a t-shirt for him in Spain and he sent BTC without waiting for it to arrive."},
{"id":"10003","rater_nick":"spawn-","rated_nick":"ageis","created_at":"1332981720.87371","rating":"1","notes":"quick business itunes for BTC"},
{"id":"11006","rater_nick":"abracadabra","rated_nick":"ageis","created_at":"1337302554.19047","rating":"1","notes":"quick easy transaction sold him btc for ppusd"},
{"id":"11008","rater_nick":"seco","rated_nick":"ageis","created_at":"1337304855.05437","rating":"1","notes":"Nice and straightforward; We arranged a loan, and he was able to pay me back the same day: Would always repeat :-)"},
{"id":"11815","rater_nick":"akhan08","rated_nick":"ageis","created_at":"1339919170.93558","rating":"1","notes":"Easy quick transaction ppusd->btc"},
{"id":"12285","rater_nick":"Trake","rated_nick":"ageis","created_at":"1341282576.59093","rating":"1","notes":"Smooth and fast transaction. Thanks for taking a chance on me!"},
{"id":"12573","rater_nick":"starsoccer","rated_nick":"ageis","created_at":"1342129836.28228","rating":"2","notes":"some small PP>BTC trades"},
{"id":"12925","rater_nick":"Namworld","rated_nick":"ageis","created_at":"1358713615.7846","rating":"1","notes":"1||Purchased a small amount of BTC from him"},
{"id":"13272","rater_nick":"bonks","rated_nick":"ageis","created_at":"1343880570.56552","rating":"1","notes":"Loaned him PPUSD for two weeks. Paid back on time."},
{"id":"13282","rater_nick":"copumpkin","rated_nick":"ageis","created_at":"1343939990.76337","rating":"3","notes":"lent him some paypal and he paid me back, and have known him (online) for a while. Also, we're in the same geographical area, even though we've never met! massholes represent"},
{"id":"13972","rater_nick":"AnonX","rated_nick":"ageis","created_at":"1345660324.90677","rating":"1","notes":"I loaned him 30PPUSD for 3 days, he sent back promptly"},
{"id":"13973","rater_nick":"reeses","rated_nick":"ageis","created_at":"1345661439.08462","rating":"1","notes":"USD20 loan repaid on schedule"},
{"id":"13976","rater_nick":"pigeons","rated_nick":"ageis","created_at":"1348837141.69647","rating":"2","notes":"good guy"},
{"id":"14194","rater_nick":"Perlboy","rated_nick":"ageis","created_at":"1346296604.30383","rating":"1","notes":"Swapped 25 USD via PPUSD for MTGOXUSD, smooth transaction."},
{"id":"14327","rater_nick":"arij","rated_nick":"ageis","created_at":"1346943863.91324","rating":"2","notes":null},
{"id":"14545","rater_nick":"RickLandman","rated_nick":"ageis","created_at":"1347158605.22137","rating":"1","notes":"good transaction. thanks"},
{"id":"15378","rater_nick":"mircea_popescu","rated_nick":"ageis","created_at":"1348827376.62831","rating":"1","notes":"made a win binary for pympex"},
{"id":"15557","rater_nick":"entheogenx","rated_nick":"ageis","created_at":"1349125423.62679","rating":"1","notes":null},
{"id":"15719","rater_nick":"MustelloLLC","rated_nick":"ageis","created_at":"1349377750.90458","rating":"1","notes":"bought 4 btc for ppusd"},
{"id":"15723","rater_nick":"aethero","rated_nick":"ageis","created_at":"1349381235.62508","rating":"1","notes":"Bought my BTC for him MP"},
{"id":"15842","rater_nick":"rudd-o","rated_nick":"ageis","created_at":"1349654234.44175","rating":"3","notes":"I sent him money and he immediately sent me bitcoin. Trust him."},
{"id":"17178","rater_nick":"phungus","rated_nick":"ageis","created_at":"1352481356.62052","rating":"1","notes":"Loaned him PP, he paid back just like he said. Nice guy, included extra. :-) A+"},
{"id":"17273","rater_nick":"dparrish","rated_nick":"ageis","created_at":"1352676993.70289","rating":"1","notes":"Small transaction for my PPUSD"},
{"id":"23010","rater_nick":"HungDaddy","rated_nick":"ageis","created_at":"1365051843.46142","rating":"1","notes":"Great fast transaction half a coin for pp."},
{"id":"27700","rater_nick":"Jamesonwa","rated_nick":"ageis","created_at":"1376620174.33","rating":"3","notes":"My PP for his BTC, he sends first (~8.5BTC so far)"},
{"id":"27813","rater_nick":"am42","rated_nick":"ageis","created_at":"1374546991.45849","rating":"1","notes":"my pp for his btc quick and smooth"},
{"id":"28629","rater_nick":"BigBitz","rated_nick":"ageis","created_at":"1424134164.07995","rating":"5","notes":"Lots of deals. PPUSD. Always great. Trusted trader!"},
{"id":"32463","rater_nick":"jcpham","rated_nick":"ageis","created_at":"1386711407.97506","rating":"2","notes":"Personal reference"},
{"id":"36381","rater_nick":"danielpbarron","rated_nick":"ageis","created_at":"1407882099.56627","rating":"1","notes":"https:\/\/twitter.com\/ageis"},
{"id":"37837","rater_nick":"markus","rated_nick":"ageis","created_at":"1431642324.20431","rating":"1","notes":"my btc for his ppusd"},
{"id":"38337","rater_nick":"anduck","rated_nick":"ageis","created_at":"1461788864.04378","rating":"1","notes":"his ppusd for my btc, all smooth!"},
{"id":"38559","rater_nick":"HoMM","rated_nick":"ageis","created_at":"1492038129.20076","rating":"1","notes":"My BTC for his $55 PPUSD, all fast and smooth, thanks a lot! ^_^"}
]
