[
{"id":"997","rater_nick":"mndrix","rated_nick":"agricocb","created_at":"1302617703.32199","rating":"4","notes":"via coinpal"},
{"id":"1101","rater_nick":"coinpal","rated_nick":"agricocb","created_at":"1303021207.75337","rating":"4","notes":"automated CoinPal rating"},
{"id":"1472","rater_nick":"sgornick","rated_nick":"agricocb","created_at":"1304112865.31673","rating":"1","notes":"agricocb paid using Dwolla. Great trx."},
{"id":"18574","rater_nick":"gimeee","rated_nick":"agricocb","created_at":"1355163031.44976","rating":"1","notes":"Thanks for the trade!"},
{"id":"23404","rater_nick":"LocalBitcoins","rated_nick":"agricocb","created_at":"1365510133.51493","rating":"1","notes":"Has 100% feedback score on LocalBitcoins.com with 3 confirmed trades. See: https:\/\/localbitcoins.com\/p\/agricocb\/"}
]
