[
{"id":"11331","rater_nick":"Mqrius","rated_nick":"ah-bitcoin","created_at":"1338511617.05113","rating":"4","notes":"Very well-rated trader on bitcoin.de. Rating mainly based on that."},
{"id":"11355","rater_nick":"miernik","rated_nick":"ah-bitcoin","created_at":"1338561954.79721","rating":"2","notes":"had a chat and I see he made over a thousand good trades on bitcoin.de"},
{"id":"11415","rater_nick":"gamambel","rated_nick":"ah-bitcoin","created_at":"1338806001.42438","rating":"5","notes":"did several trades with him"}
]
