[
{"id":"1640","rater_nick":"coinpal","rated_nick":"ahbritto","created_at":"1304717007.70558","rating":"4","notes":"automated CoinPal rating"},
{"id":"3142","rater_nick":"jpierre","rated_nick":"ahbritto","created_at":"1306462252.92786","rating":"1","notes":null},
{"id":"3608","rater_nick":"bitguy","rated_nick":"ahbritto","created_at":"1307063496.47445","rating":"1","notes":"Was a pleasure doing business"},
{"id":"4069","rater_nick":"Keefe","rated_nick":"ahbritto","created_at":"1315185780.57019","rating":"5","notes":null},
{"id":"6721","rater_nick":"jonMenloPark","rated_nick":"ahbritto","created_at":"1313351472.80499","rating":"2","notes":null},
{"id":"13448","rater_nick":"coingenuity","rated_nick":"ahbritto","created_at":"1380652379.46974","rating":"1","notes":"Good person"},
{"id":"18410","rater_nick":"weex","rated_nick":"ahbritto","created_at":"1354873707.6758","rating":"5","notes":"worked with him closely on an important project"}
]
