[
{"id":"2717","rater_nick":"Viro","rated_nick":"ahmedapr27","created_at":"1305837099.28023","rating":"1","notes":"sold 5 btc via paypal"},
{"id":"2977","rater_nick":"MichaelNightTime","rated_nick":"ahmedapr27","created_at":"1306163374.52206","rating":"1","notes":"Successful First transaction"},
{"id":"2984","rater_nick":"astrohacker","rated_nick":"ahmedapr27","created_at":"1306170604.20252","rating":"1","notes":"one good trade, would trade again"},
{"id":"3291","rater_nick":"bou707","rated_nick":"ahmedapr27","created_at":"1306778599.6334","rating":"1","notes":"nice transaction for 5 BTC"},
{"id":"3306","rater_nick":"UniversalComa","rated_nick":"ahmedapr27","created_at":"1306782611.96005","rating":"1","notes":"bought 6btc no problems at all, thank you"},
{"id":"4018","rater_nick":"EvanR","rated_nick":"ahmedapr27","created_at":"1307295134.33229","rating":"1","notes":null},
{"id":"4427","rater_nick":"singpolyma","rated_nick":"ahmedapr27","created_at":"1307555446.62738","rating":"2","notes":"Bought some, fast, good, sent BTC right away"},
{"id":"16928","rater_nick":"techmrw","rated_nick":"ahmedapr27","created_at":"1352133199.84405","rating":"-1","notes":"WARNING: Nick squatter is using this identity. This person is NOT who he claims to be. Don't get scammed. I will remove this rating if you identify, enforce and auth to gribble."}
]
