[
{"id":"13734","rater_nick":"Michail1","rated_nick":"aimbot","created_at":"1345138000.53547","rating":"8","notes":"Personal friend. Absolute Trust."},
{"id":"14992","rater_nick":"Gladamas","rated_nick":"aimbot","created_at":"1348181187.12402","rating":"1","notes":"Successful 6.5 BTC\/Chase QP tx"},
{"id":"14999","rater_nick":"aethero","rated_nick":"aimbot","created_at":"1348183611.15385","rating":"1","notes":"Bought my BTC for his MP"},
{"id":"22218","rater_nick":"Supa","rated_nick":"aimbot","created_at":"1364296476.78785","rating":"10","notes":"Michail1 likes you so you must be cool :D"}
]
