[
{"id":"24277","rater_nick":"rg","rated_nick":"airco","created_at":"1366513382.00066","rating":"1","notes":"first trade, 0 problems."},
{"id":"24833","rater_nick":"ne0futur","rated_nick":"airco","created_at":"1367483797.3547","rating":"1","notes":"first transaction, trusted 4 year old freenode user"},
{"id":"25940","rater_nick":"bock","rated_nick":"airco","created_at":"1370037445.31244","rating":"1","notes":"0.4 BTC for 42EUR Paypal. No fees for me, I am happy"},
{"id":"27421","rater_nick":"congregate","rated_nick":"airco","created_at":"1373915622.62281","rating":"1","notes":"my BTC for their PPUSD, smooth and quick! Solid"},
{"id":"29089","rater_nick":"Jamesonwa","rated_nick":"airco","created_at":"1376500719.0479","rating":"1","notes":"My BTC for his PP (~$122 will update if things change)"}
]
