[
{"id":"15555","rater_nick":"sturles","rated_nick":"AJM","created_at":"1349124877.47359","rating":"1","notes":null},
{"id":"15564","rater_nick":"aethero","rated_nick":"AJM","created_at":"1349133807.48523","rating":"1","notes":"bought his btc for my pp, smooth fast transaction"},
{"id":"15566","rater_nick":"toffoo","rated_nick":"AJM","created_at":"1350072366.94306","rating":"2","notes":"two good dwolla for btc trades"},
{"id":"16039","rater_nick":"ToryJujube","rated_nick":"AJM","created_at":"1350069747.63005","rating":"1","notes":"Nice fast transaction."},
{"id":"16474","rater_nick":"GlooBoy","rated_nick":"AJM","created_at":"1351061628.93618","rating":"1","notes":"Fast BTC--->myVisaGift. Thanks for the Trust."},
{"id":"17748","rater_nick":"bonks","rated_nick":"AJM","created_at":"1353519567.22784","rating":"1","notes":"Bought BTC from him with my PPUSD"},
{"id":"25894","rater_nick":"cbrsch","rated_nick":"AJM","created_at":"1369887813.6098","rating":"-10","notes":"A known scammer is squatting this name. Do not trade with this user under any circumstance."}
]
