[
{"id":"17451","rater_nick":"tortib","rated_nick":"ak102","created_at":"1353046523.82","rating":"1","notes":"bought btc for ppusd smooth transaction"},
{"id":"18166","rater_nick":"aldur1","rated_nick":"ak102","created_at":"1354341417.56136","rating":"1","notes":"made small donation after I helped out with research"},
{"id":"18478","rater_nick":"ElevatedDownfall","rated_nick":"ak102","created_at":"1354934176.32803","rating":"1","notes":"offered bounty for an assignment in which I completed with the help of Ex0deus"},
{"id":"18484","rater_nick":"Ex0deus","rated_nick":"ak102","created_at":"1354961501.16371","rating":"2","notes":"Paid upfront for completion of his bounty."},
{"id":"18897","rater_nick":"aethero","rated_nick":"ak102","created_at":"1356071184.54142","rating":"1","notes":"Purchased my BTC for his PPUSD"},
{"id":"23264","rater_nick":"sturles","rated_nick":"ak102","created_at":"1365448161.05987","rating":"1","notes":"PayPal"},
{"id":"24561","rater_nick":"bigtip","rated_nick":"ak102","created_at":"1367039214.47631","rating":"1","notes":"gave me a lil somthin somthin for a lil somthin somthin"},
{"id":"38548","rater_nick":"c4pt","rated_nick":"ak102","created_at":"1488598957.08318","rating":"1","notes":"small amount of btc for venmo smooth transaction"}
]
