[
{"id":"27802","rater_nick":"Blitz-","rated_nick":"AKAGuyver","created_at":"1374540136.58761","rating":"1","notes":"My BTC to his PPUSD went smooth good guy"},
{"id":"27804","rater_nick":"sgornick","rated_nick":"AKAGuyver","created_at":"1374541363.13281","rating":"1","notes":"Sold a little BTC for akaguyver's PPUSD. Great trx!"},
{"id":"27809","rater_nick":"BCB","rated_nick":"AKAGuyver","created_at":"1374545133.06598","rating":"1","notes":"PP for BTC."},
{"id":"27880","rater_nick":"diatonic","rated_nick":"AKAGuyver","created_at":"1374718758.52458","rating":"1","notes":"My BTC for his PPUSD. Will update if needed."},
{"id":"27917","rater_nick":"elchespirito","rated_nick":"AKAGuyver","created_at":"1374810797.12674","rating":"1","notes":"my btc his ppusd and all of my love"},
{"id":"28040","rater_nick":"publio","rated_nick":"AKAGuyver","created_at":"1375133991.01947","rating":"1","notes":"Traded BTC for cash in mail. I sent half upfront, and Guyver came through."},
{"id":"28320","rater_nick":"hashkey","rated_nick":"AKAGuyver","created_at":"1379999238.70236","rating":"3","notes":"Sold him BTCs thrice already via WU where he sends the payments first. Thanks for trusting me with ~$1800 so far!"},
{"id":"33785","rater_nick":"freddieisdead","rated_nick":"AKAGuyver","created_at":"1392572812.67441","rating":"-10","notes":"took moneypak and did not send bitcion"}
]
