[
{"id":"6334","rater_nick":"weirdgod","rated_nick":"akaihola","created_at":"1311360773.94399","rating":"1","notes":null},
{"id":"6692","rater_nick":"sonba","rated_nick":"akaihola","created_at":"1321530491.73956","rating":"8","notes":"several transactions around 1000 EUR - highly trustworthy and reliable"},
{"id":"7050","rater_nick":"yossarian","rated_nick":"akaihola","created_at":"1315393555.94594","rating":"1","notes":"Fast trade, paid using SEPA."},
{"id":"7147","rater_nick":"alph4zulu","rated_nick":"akaihola","created_at":"1316013098.6248","rating":"2","notes":"Fast and secure transaction, SEPA"},
{"id":"7391","rater_nick":"ptmhd","rated_nick":"akaihola","created_at":"1318629001.41066","rating":"1","notes":null}
]
