[
{"id":"3214","rater_nick":"bitcoinTrader","rated_nick":"akhan08","created_at":"1306565892.58536","rating":"4","notes":"multiple paypal transactions, reliable person"},
{"id":"3425","rater_nick":"quellhorst","rated_nick":"akhan08","created_at":"1306943051.15369","rating":"1","notes":null},
{"id":"4301","rater_nick":"FooDSt4mP","rated_nick":"akhan08","created_at":"1307603548.58443","rating":"5","notes":"3100$ in 2 days, smooth sales all times."},
{"id":"5548","rater_nick":"BitCashier","rated_nick":"akhan08","created_at":"1308760803.97714","rating":"4","notes":"$980 trade in two smooth transactions; great buyer to work with."},
{"id":"5617","rater_nick":"rg","rated_nick":"akhan08","created_at":"1359160809.22004","rating":"4","notes":"akhan08 is old school, just like me"},
{"id":"5816","rater_nick":"bx_","rated_nick":"akhan08","created_at":"1309410251.06404","rating":"3","notes":"yess good trades :P"},
{"id":"5818","rater_nick":"AnonX","rated_nick":"akhan08","created_at":"1309306879.23037","rating":"1","notes":"no problems, would trade again"},
{"id":"5961","rater_nick":"Reron","rated_nick":"akhan08","created_at":"1309828469.77167","rating":"1","notes":"thanks for quick trade"},
{"id":"6009","rater_nick":"assassindrake","rated_nick":"akhan08","created_at":"1310001951.1793","rating":"1","notes":"20btc trade thanks!"},
{"id":"6014","rater_nick":"jjjrmy","rated_nick":"akhan08","created_at":"1314144020.0172","rating":"3","notes":"Good Trades. BTC->PPUSD and MtGoxUSD->PPUSD"},
{"id":"6019","rater_nick":"octopusdarling","rated_nick":"akhan08","created_at":"1310021406.92917","rating":"1","notes":"swift 3btc transaction"},
{"id":"6021","rater_nick":"ryan-c","rated_nick":"akhan08","created_at":"1310747864.92302","rating":"3","notes":"multiple good sales of mtgoxUSD & BTC for ~$2k ppUSD total"},
{"id":"6064","rater_nick":"rndbit","rated_nick":"akhan08","created_at":"1310198451.73247","rating":"1","notes":"95$ worth trade successful"},
{"id":"6201","rater_nick":"citiz3n","rated_nick":"akhan08","created_at":"1310768415.37602","rating":"1","notes":"easy and nice trade - sold him $500 mtgox for $500 paypal"},
{"id":"6233","rater_nick":"dinox","rated_nick":"akhan08","created_at":"1310926393.03801","rating":"2","notes":"$400 tx, np"},
{"id":"6236","rater_nick":"inh","rated_nick":"akhan08","created_at":"1310949424.08873","rating":"1","notes":"great 24 btc buyer :)"},
{"id":"6256","rater_nick":"palsecam","rated_nick":"akhan08","created_at":"1311030389.75612","rating":"1","notes":"nice PP tx, no problem so far"},
{"id":"6260","rater_nick":"luke-jr","rated_nick":"akhan08","created_at":"1340073934.37201","rating":"5","notes":"I sold him $3000 MTGUSD total; no problems as usual"},
{"id":"6406","rater_nick":"kreal","rated_nick":"akhan08","created_at":"1311822251.96918","rating":"1","notes":"Very quick trade of 48 bitcoins to paypal"},
{"id":"6426","rater_nick":"Phraust","rated_nick":"akhan08","created_at":"1311982935.61137","rating":"5","notes":"smooth transfer for PP, 130 BTC. nice guy!"},
{"id":"6517","rater_nick":"benehsv","rated_nick":"akhan08","created_at":"1313189712.7618","rating":"5","notes":"multiple high pp transaction i received pp very reliable with big amounts"},
{"id":"6568","rater_nick":"noitev","rated_nick":"akhan08","created_at":"1312688809.74646","rating":"1","notes":"thanks, helped quick"},
{"id":"6761","rater_nick":"sturles","rated_nick":"akhan08","created_at":"1313489996.44196","rating":"1","notes":"PayPal, quick transaction."},
{"id":"6763","rater_nick":"csshih","rated_nick":"akhan08","created_at":"1313497030.24824","rating":"5","notes":"BTC (me) to PPUSD, 1k$+ transaction!"},
{"id":"6882","rater_nick":"sgornick","rated_nick":"akhan08","created_at":"1314229873.75581","rating":"1","notes":"I sold some bitcoins for PPUSD. Great trx."},
{"id":"6898","rater_nick":"pigeons","rated_nick":"akhan08","created_at":"1357157124.17301","rating":"4","notes":"good trades over more than a year"},
{"id":"6911","rater_nick":"UukGoblin","rated_nick":"akhan08","created_at":"1314458586.3227","rating":"1","notes":null},
{"id":"10080","rater_nick":"paulzag","rated_nick":"akhan08","created_at":"1333415127.43126","rating":"1","notes":"bought BTC for PPUSD quick and easy"},
{"id":"10193","rater_nick":"MBS","rated_nick":"akhan08","created_at":"1343974492.29568","rating":"2","notes":"Multiple large mtgoxusd to paypal sales"},
{"id":"10214","rater_nick":"bonks","rated_nick":"akhan08","created_at":"1334042544.47908","rating":"1","notes":"Sold me small amount of BTC for PPUSD. Quick transaction!"},
{"id":"10326","rater_nick":"seco","rated_nick":"akhan08","created_at":"1334447009.24217","rating":"1","notes":"Kind contact, and smooth tx: Anytime again :-)"},
{"id":"11814","rater_nick":"uzyn","rated_nick":"akhan08","created_at":"1345195012.98545","rating":"2","notes":"Multiple transactions for his PPUSD. First tx on 2012-06-17."},
{"id":"11816","rater_nick":"ageis","rated_nick":"akhan08","created_at":"1339919243.94241","rating":"1","notes":"sold him BTC for PPUSD. good, simple transaction"},
{"id":"11859","rater_nick":"vite","rated_nick":"akhan08","created_at":"1340051067.99122","rating":"1","notes":"he bought 8852 easy and fast"},
{"id":"11896","rater_nick":"aurumxchange","rated_nick":"akhan08","created_at":"1340141537.66233","rating":"1","notes":"PPUSD > BTC No problem transaction. Recommended!"},
{"id":"12505","rater_nick":"easyat","rated_nick":"akhan08","created_at":"1356063649.47914","rating":"4","notes":"multiple large PP->my goxUSD. Always smooth"},
{"id":"12921","rater_nick":"easystevey","rated_nick":"akhan08","created_at":"1342855024.45888","rating":"1","notes":"easy tx his PP for my Gox"},
{"id":"12922","rater_nick":"copumpkin","rated_nick":"akhan08","created_at":"1342856207.38174","rating":"3","notes":"I haven't done business with him, but I've seen him around for so long that I can't help but trust him"},
{"id":"12928","rater_nick":"ultramancool","rated_nick":"akhan08","created_at":"1342887567.72252","rating":"1","notes":"fast and professional trade, no issues"},
{"id":"12936","rater_nick":"phungus","rated_nick":"akhan08","created_at":"1342903778.17671","rating":"1","notes":"wonderful transaction, mtgox USD->PP"},
{"id":"12952","rater_nick":"Ssateneth","rated_nick":"akhan08","created_at":"1344733726.13236","rating":"1","notes":"I sold him MTGOXUSD for PPUSD. First transaction, was very happy."},
{"id":"12956","rater_nick":"nanotube","rated_nick":"akhan08","created_at":"1342985886.20223","rating":"2","notes":null},
{"id":"13235","rater_nick":"jcpham","rated_nick":"akhan08","created_at":"1362605924.21259","rating":"-10","notes":"Paypal scammin for $4300 after 1 year, 9 months of successful WoT trades. BEWARE OF PAYPAL CHARGEBACK"},
{"id":"13420","rater_nick":"Eegnylot","rated_nick":"akhan08","created_at":"1344495799.79953","rating":"2","notes":"sold BTC for PPUSD"},
{"id":"13480","rater_nick":"mrkent","rated_nick":"akhan08","created_at":"1344549932.11607","rating":"2","notes":"large mtgoxusd-pp transaction"},
{"id":"13770","rater_nick":"boonies4u","rated_nick":"akhan08","created_at":"1345234251.99042","rating":"1","notes":"bought bitcoins with PPUSD, sizable for PayPal, fast transaction"},
{"id":"18337","rater_nick":"BCB","rated_nick":"akhan08","created_at":"1357764468.96968","rating":"3","notes":"mutliple large PPUSD=>BTC trandactions. Smooth"},
{"id":"18852","rater_nick":"LovEnPeacE","rated_nick":"akhan08","created_at":"1355965904.51515","rating":"1","notes":"PP for 20BTC, fast, easy, look forward to trading in the future."},
{"id":"19563","rater_nick":"weeboo","rated_nick":"akhan08","created_at":"1357892208.03739","rating":"1","notes":"Bought my BTC for his PPUSD, quick and easy!"},
{"id":"20350","rater_nick":"yoyoceramic","rated_nick":"akhan08","created_at":"1360339408.15369","rating":"3","notes":"My Gox Code for his PPUSD. Large amount in low 4's. Based on existing trust, I do not expect any issues. Smooth and friendly! Thanks."},
{"id":"20743","rater_nick":"UNOE227","rated_nick":"akhan08","created_at":"1361581438.73216","rating":"1","notes":"Quickly resolved a problem with transaction would do Business with him again"},
{"id":"20795","rater_nick":"episking-","rated_nick":"akhan08","created_at":"1362180163.22063","rating":"-10","notes":"Chargeback for $4300. Will change rating when I'm paid -- has not contacted me in a week, despite my attempts to contact him. DO NOT TRADE WITH HIM!"},
{"id":"20805","rater_nick":"aethero","rated_nick":"akhan08","created_at":"1361656129.96062","rating":"-4","notes":"PayPal Chargebacks. Not his fault, but affecting others nonetheless."},
{"id":"21200","rater_nick":"beethoven8201","rated_nick":"akhan08","created_at":"1362601597.98356","rating":"-1","notes":"supposedly owed EPiSKiNG- $4300 due to reversed paypal. WARNING. Gone for over a week on rating. Will change once he returns"}
]
