[
{"id":"2749","rater_nick":"AnatolV","rated_nick":"Akinava","created_at":"1306413707.26047","rating":"2","notes":"Several small transactions - OK"},
{"id":"3117","rater_nick":"giner","rated_nick":"Akinava","created_at":"1306430374.60083","rating":"1","notes":"one small transaction"},
{"id":"6117","rater_nick":"piramida","rated_nick":"Akinava","created_at":"1310388939.88722","rating":"3","notes":"10BTC sent ok"},
{"id":"6626","rater_nick":"OverQuantum","rated_nick":"Akinava","created_at":"1318007146.83074","rating":"4","notes":"Two trades with pay in advance, all successfully"},
{"id":"7055","rater_nick":"bv-falcon","rated_nick":"Akinava","created_at":"1315540234.93729","rating":"3","notes":"Several small fast transactions"}
]
