[
{"id":"15016","rater_nick":"ezah","rated_nick":"aldur1","created_at":"1348239032.34968","rating":"1","notes":"send a donation of btc when i was in need, seems trustworthy"},
{"id":"15077","rater_nick":"tenakha","rated_nick":"aldur1","created_at":"1353665592.09151","rating":"10","notes":"- have done many trades. Trust him completely. With large transactions too."},
{"id":"15287","rater_nick":"btcfaucet","rated_nick":"aldur1","created_at":"1356121690.64835","rating":"10","notes":"Rating 10 because he pretty much deserves it. Months of high volume trades, never a problem."},
{"id":"15311","rater_nick":"Luceo","rated_nick":"aldur1","created_at":"1348736940.1049","rating":"1","notes":"Bought 2 lotto tickets from me, paid 0.6 BTC fast."},
{"id":"15582","rater_nick":"coolblade","rated_nick":"aldur1","created_at":"1349795851.84839","rating":"2","notes":"bought 9 btc, easy as pie"},
{"id":"15585","rater_nick":"thescarab","rated_nick":"aldur1","created_at":"1350412116.12775","rating":"4","notes":"Fourth transaction. Very smooth and easy as always. Bank Xfer for BTC"},
{"id":"15587","rater_nick":"aethero","rated_nick":"aldur1","created_at":"1349280636.87148","rating":"2","notes":"Sold me BTC for my PPUSD. Smooth trade and was willing to deal with paypal being dumb..multiple times"},
{"id":"15633","rater_nick":"zcopley","rated_nick":"aldur1","created_at":"1349299599.71754","rating":"1","notes":"Great transaction!"},
{"id":"15674","rater_nick":"eagleapex","rated_nick":"aldur1","created_at":"1349324044.97323","rating":"1","notes":"excellent transaction. patient"},
{"id":"15853","rater_nick":"rudd-o","rated_nick":"aldur1","created_at":"1349686346.45356","rating":"3","notes":"sent ~40BTC immediately after a PPUSD transaction. A+++ would buy again."},
{"id":"15888","rater_nick":"icedoctor","rated_nick":"aldur1","created_at":"1349791390.83528","rating":"1","notes":"first deal, uk bank transfer for btc, very smooth and helped me along the way as i'm a noob"},
{"id":"15891","rater_nick":"endless","rated_nick":"aldur1","created_at":"1373366998.55578","rating":"4","notes":"fourth transaction"},
{"id":"15925","rater_nick":"paycon","rated_nick":"aldur1","created_at":"1349874802.27339","rating":"1","notes":"btc for ppusd, no problem"},
{"id":"15926","rater_nick":"sturles","rated_nick":"aldur1","created_at":"1349876122.52071","rating":"1","notes":"One smooth PPUSD\/BTC trade"},
{"id":"15928","rater_nick":"Ru5ty","rated_nick":"aldur1","created_at":"1349878107.56423","rating":"1","notes":"First purchase. BTC for GBP via bank transfer. Great seller. Smooth transaction."},
{"id":"15930","rater_nick":"eye420","rated_nick":"aldur1","created_at":"1349884091.16268","rating":"1","notes":"Smooth transaction. Very helpful :)"},
{"id":"15942","rater_nick":"senseless","rated_nick":"aldur1","created_at":"1349950136.31035","rating":"4","notes":"Fourth transaction BTC for PPUSD, smooth transaction."},
{"id":"15944","rater_nick":"evoo1","rated_nick":"aldur1","created_at":"1349896760.05385","rating":"10","notes":null},
{"id":"15965","rater_nick":"clu5ter1","rated_nick":"aldur1","created_at":"1349910192.57227","rating":"5","notes":"Excellent experience, highly recommended for first time buyers, very helpful for newbies. A+++"},
{"id":"15994","rater_nick":"dannuz","rated_nick":"aldur1","created_at":"1351627810.69132","rating":"5","notes":"bought 18btc via bank transfer, a pleasure to do business with."},
{"id":"16220","rater_nick":"JamesBob","rated_nick":"aldur1","created_at":"1350475198.6147","rating":"10","notes":"excellent service and very quick"},
{"id":"16743","rater_nick":"ElevatedDownfall","rated_nick":"aldur1","created_at":"1358198942.8331","rating":"7","notes":null},
{"id":"16744","rater_nick":"kintoll","rated_nick":"aldur1","created_at":"1351673190.12377","rating":"1","notes":"One small transaction. Fast, good communication."},
{"id":"17583","rater_nick":"Azelphur","rated_nick":"aldur1","created_at":"1412704304.31106","rating":"-10","notes":"WARNING: This user is dead, anyone pretending to be him is an an impostor out to scam you."},
{"id":"18167","rater_nick":"ak102","rated_nick":"aldur1","created_at":"1354343628.90128","rating":"1","notes":"helped me out with some research"},
{"id":"18637","rater_nick":"Headfi","rated_nick":"aldur1","created_at":"1355338884.16819","rating":"1","notes":"Bought BTC, easy transaction with no issues, highly recommend."},
{"id":"18657","rater_nick":"lifeis420","rated_nick":"aldur1","created_at":"1357231491.29463","rating":"3","notes":"Several large transactions, all above board. Very trustworthy."},
{"id":"18660","rater_nick":"DPP_","rated_nick":"aldur1","created_at":"1355419959.57286","rating":"1","notes":"Keep catching dem criminals :)."},
{"id":"18673","rater_nick":"Pucilowski","rated_nick":"aldur1","created_at":"1361484849.61797","rating":"3","notes":"Top notch"},
{"id":"18912","rater_nick":"ferrozoica","rated_nick":"aldur1","created_at":"1356112171.57612","rating":"1","notes":"quick transaction, all good"},
{"id":"18962","rater_nick":"unifiednick","rated_nick":"aldur1","created_at":"1356279345.38453","rating":"9","notes":"easy to deal with and trusted me in transaction"},
{"id":"18970","rater_nick":"idletimer","rated_nick":"aldur1","created_at":"1356295464.94367","rating":"10","notes":"Know IRL, implicitly trust to handle large transactions or escrow"},
{"id":"19426","rater_nick":"barry","rated_nick":"aldur1","created_at":"1357489810.35579","rating":"1","notes":"quick and easy UK bank transfer for BC. Would use again."},
{"id":"19644","rater_nick":"JoeBloggs123321","rated_nick":"aldur1","created_at":"1358156005.32543","rating":"1","notes":"good for newcomers, will definately use again!!"},
{"id":"19690","rater_nick":"Quiteheady","rated_nick":"aldur1","created_at":"1359577795.59511","rating":"2","notes":"no issues, good doing business"},
{"id":"19694","rater_nick":"bitnumus","rated_nick":"aldur1","created_at":"1373442712.60706","rating":"10","notes":"Exceptional Gentleman."},
{"id":"19697","rater_nick":"JackExEck","rated_nick":"aldur1","created_at":"1358296810.74072","rating":"1","notes":"Quick and effortless trade, very proffesional seller."},
{"id":"20142","rater_nick":"Thumper_UK","rated_nick":"aldur1","created_at":"1361485064.13623","rating":"3","notes":"Done a few deals now all smooth and perfect. would recommend him, top guy"},
{"id":"20177","rater_nick":"jellybeamer","rated_nick":"aldur1","created_at":"1359670335.09608","rating":"1","notes":"Smooth easy transaction, would recommend to others"},
{"id":"20282","rater_nick":"chylee","rated_nick":"aldur1","created_at":"1360065652.68299","rating":"1","notes":"brought BTC went smoothly"},
{"id":"21557","rater_nick":"Craynon","rated_nick":"aldur1","created_at":"1363388236.99127","rating":"1","notes":"Very helpful and friendly guy, paid me for services rendered"},
{"id":"23054","rater_nick":"catneck","rated_nick":"aldur1","created_at":"1365105777.19688","rating":"2","notes":"a gentleman & a scholar. decent volume trade in person conducted with utmost efficiency, decorum & friendliness. this is what it should all be about."},
{"id":"23111","rater_nick":"milanonline","rated_nick":"aldur1","created_at":"1365153048.42774","rating":"3","notes":"pleasure to do business with, thanks"},
{"id":"23410","rater_nick":"LocalBitcoins","rated_nick":"aldur1","created_at":"1365510203.98575","rating":"1","notes":"Has 100% feedback score on LocalBitcoins.com with 3 confirmed trades. See: https:\/\/localbitcoins.com\/p\/Aldur1\/"},
{"id":"24378","rater_nick":"Xarthok","rated_nick":"aldur1","created_at":"1366725127.36503","rating":"9","notes":"Sent first for two large trades, had no problems whatsoever"},
{"id":"27082","rater_nick":"eruadan","rated_nick":"aldur1","created_at":"1373061555.26904","rating":"2","notes":"We had 2 great trades so far. Highly recommended. I just made a transfer from my bank account, and vuola, bitcoins in my wallet!"},
{"id":"27180","rater_nick":"BigBitz","rated_nick":"aldur1","created_at":"1373281188.08386","rating":"5","notes":"Large TX and met in person. Good guy!"},
{"id":"30300","rater_nick":"moarrr","rated_nick":"aldur1","created_at":"1380564789.86529","rating":"5","notes":"many trades, amazon vouchers, ppusd, amazongbp, bank transfers - hundreds or more in value (gbp) - good trades so far"},
{"id":"30834","rater_nick":"Pieh0","rated_nick":"aldur1","created_at":"1381341515.77091","rating":"1","notes":"bought 19btc no issues"},
{"id":"30885","rater_nick":"osc05","rated_nick":"aldur1","created_at":"1381696066.78243","rating":"1","notes":"First deling, smooth transaction"},
{"id":"35032","rater_nick":"ron82","rated_nick":"aldur1","created_at":"1399024195.27913","rating":"3","notes":"Multiple transactions, quick release following payment."},
{"id":"36917","rater_nick":"markus","rated_nick":"aldur1","created_at":"1412981613.03922","rating":"-1","notes":"BEWARE OF WHO YOU'RE TRADING WITH! this nick is being squatted! the real guy is supposedly dead."}
]
