[
{"id":"23249","rater_nick":"moarrr","rated_nick":"alecpap","created_at":"1365431683.66711","rating":"1","notes":"bought 20 PPusd for bitcoins"},
{"id":"23515","rater_nick":"xrobau","rated_nick":"alecpap","created_at":"1365562732.27119","rating":"1","notes":"Paid via PP, we decided to cancel the transaction."},
{"id":"23749","rater_nick":"BCB","rated_nick":"alecpap","created_at":"1365796859.51908","rating":"2","notes":"Payapl to BTC - I over paid and he took care of it. Honest! Thx."},
{"id":"24122","rater_nick":"nushor","rated_nick":"alecpap","created_at":"1373470576.30102","rating":"3","notes":"Sold LTC for PPUSD, quick and easy like usual"},
{"id":"24133","rater_nick":"likwidtek","rated_nick":"alecpap","created_at":"1369339681.91219","rating":"2","notes":"Quick smooth transaction his dwolla USD for my BTC - Perfect buyer."},
{"id":"24171","rater_nick":"diatonic","rated_nick":"alecpap","created_at":"1374005359.03621","rating":"3","notes":"Lots of good trades. Totally chill when it took me some time to send while beer judging."},
{"id":"24444","rater_nick":"plarkplark","rated_nick":"alecpap","created_at":"1366834985.67906","rating":"1","notes":"good trade. first trade. great help. good price."},
{"id":"24557","rater_nick":"zcopley","rated_nick":"alecpap","created_at":"1367021541.82695","rating":"2","notes":"Sold him some LTC for PayPal. Great transaction."},
{"id":"24568","rater_nick":"markus","rated_nick":"alecpap","created_at":"1367055704.65658","rating":"1","notes":"small amount my btc for his pp. pleasure."},
{"id":"24573","rater_nick":"eremes","rated_nick":"alecpap","created_at":"1367074527.39497","rating":"1","notes":"ltc for fc, nice guy"},
{"id":"24661","rater_nick":"Austin1834","rated_nick":"alecpap","created_at":"1367209999.02194","rating":"2","notes":"sent btce code for ppusd, smooth transaction, trustworthy buyer"},
{"id":"24680","rater_nick":"BigBitz","rated_nick":"alecpap","created_at":"1367248869.96123","rating":"1","notes":"PP for BTC. Smooth and Fast!"},
{"id":"24901","rater_nick":"corbs132","rated_nick":"alecpap","created_at":"1367597442.10552","rating":"1","notes":"i sold some btc-e usd for paypal, smooth transaction"},
{"id":"25399","rater_nick":"c4pt","rated_nick":"alecpap","created_at":"1368668210.8435","rating":"1","notes":"his PPUSD for my BTC smooth trade"},
{"id":"25403","rater_nick":"Pachy","rated_nick":"alecpap","created_at":"1368674546.41641","rating":"1","notes":"Smooth Transaction; BTC for PPUSD."},
{"id":"25436","rater_nick":"tunafizz","rated_nick":"alecpap","created_at":"1368730619.30718","rating":"1","notes":"my btc-e code for PP, smooth and easy, start to finish took 1min"},
{"id":"25646","rater_nick":"Phoebus","rated_nick":"alecpap","created_at":"1369323489.03695","rating":"2","notes":"Fairly smooth and friendly trade PPUSD for BTC"},
{"id":"25651","rater_nick":"GlooBoy","rated_nick":"alecpap","created_at":"1369334684.63437","rating":"1","notes":"Fast Dwolla-->myLTC. Thx for the Trust."},
{"id":"25655","rater_nick":"melsin","rated_nick":"alecpap","created_at":"1369336686.13088","rating":"1","notes":"smooth transac, hit pp for btc"},
{"id":"25869","rater_nick":"DoctorBTC","rated_nick":"alecpap","created_at":"1387064567.80131","rating":"1","notes":"His Dwolla for my ~.1 BTC, and got me an Amazon GC for BTC <$200. Smooth."},
{"id":"25875","rater_nick":"Greed","rated_nick":"alecpap","created_at":"1369857587.9828","rating":"1","notes":null},
{"id":"25925","rater_nick":"Ling","rated_nick":"alecpap","created_at":"1370001765.94108","rating":"1","notes":"sold LTC via paypal. Fast and helpful."},
{"id":"32534","rater_nick":"damier","rated_nick":"alecpap","created_at":"1386873498.03291","rating":"5","notes":"Good, first, quick trade. Very smooth."},
{"id":"32775","rater_nick":"LovesTheBitcoin","rated_nick":"alecpap","created_at":"1387498105.21062","rating":"1","notes":"ppusd for ltc. Quick and honest. Thanks"},
{"id":"32859","rater_nick":"zlay","rated_nick":"alecpap","created_at":"1387820814.52856","rating":"1","notes":"my btc for his ppusd, would trade again"},
{"id":"33243","rater_nick":"AriGold","rated_nick":"alecpap","created_at":"1389816447.02286","rating":"1","notes":"my PPusd for his BTC, small, smooth transaction"}
]
