[
{"id":"23308","rater_nick":"iwilcox","rated_nick":"AlephZero","created_at":"1365462729.09271","rating":"1","notes":"Bought 0.4BTC (~\u00a350) from me at BitBargain via escrow. Swift, effortless deal."},
{"id":"23761","rater_nick":"amwt","rated_nick":"AlephZero","created_at":"1365799069.51794","rating":"1","notes":"small transaction via bitbargain. smooth."},
{"id":"23795","rater_nick":"wijman","rated_nick":"AlephZero","created_at":"1365815925.91571","rating":"2","notes":"Helped me sort out some issues! Very helpful guy!"}
]
