[
{"id":"19169","rater_nick":"jnd","rated_nick":"alexbosworth","created_at":"1356793423.63612","rating":"2","notes":"BTC for PPUSD trade went smoothly, also was done via bitcoinary"},
{"id":"19409","rater_nick":"Ssateneth","rated_nick":"alexbosworth","created_at":"1357441373.18384","rating":"1","notes":"I sold him BTC for PPUSD. Small transaction. Was willing to GPG sign a message on another trading website to help verify his legitimacy."},
{"id":"19492","rater_nick":"LovEnPeacE","rated_nick":"alexbosworth","created_at":"1357651596.70227","rating":"1","notes":"PPUSD for my BTC fast easy transaction."}
]
