[
{"id":"1053","rater_nick":"nanotube","rated_nick":"alexmat","created_at":"1302847189.76303","rating":"1","notes":null},
{"id":"1083","rater_nick":"nj8668","rated_nick":"alexmat","created_at":"1302933633.32301","rating":"1","notes":null},
{"id":"1119","rater_nick":"coinpal","rated_nick":"alexmat","created_at":"1303438992.92732","rating":"5","notes":"automated CoinPal rating"},
{"id":"1160","rater_nick":"antivigilante","rated_nick":"alexmat","created_at":"1303115648.8389","rating":"2","notes":"Quick, excellent transaction"},
{"id":"1195","rater_nick":"doublec","rated_nick":"alexmat","created_at":"1303361096.159","rating":"2","notes":null},
{"id":"1222","rater_nick":"stamit","rated_nick":"alexmat","created_at":"1303377420.19429","rating":"1","notes":"honest"},
{"id":"1262","rater_nick":"vorlov","rated_nick":"alexmat","created_at":"1303618242.19634","rating":"1","notes":"honest and quick"},
{"id":"1314","rater_nick":"btc-surfer","rated_nick":"alexmat","created_at":"1303705456.42257","rating":"2","notes":"Very fast and responsive. Thanks alexmat!"},
{"id":"1317","rater_nick":"jayvee","rated_nick":"alexmat","created_at":"1303716827.29618","rating":"1","notes":"thanks, easy and quick paypal"},
{"id":"1864","rater_nick":"anisoptera","rated_nick":"alexmat","created_at":"1304662844.07273","rating":"5","notes":null},
{"id":"2065","rater_nick":"gsan","rated_nick":"alexmat","created_at":"1304972776.81351","rating":"1","notes":null},
{"id":"10283","rater_nick":"PatrickHarnett","rated_nick":"alexmat","created_at":"1334281344.01572","rating":"4","notes":"Traded BTC for physical yen (quite a bit) - Alex delivered and I was happy."},
{"id":"11560","rater_nick":"amazingrando","rated_nick":"alexmat","created_at":"1339192504.56556","rating":"2","notes":"exchanged $1200 mtgox usd code for dwolla"},
{"id":"11570","rater_nick":"JWU42","rated_nick":"alexmat","created_at":"1339202960.3613","rating":"1","notes":"Sold GoxUSD for Dwolla. Would do business again!"},
{"id":"11776","rater_nick":"bdk_kluge","rated_nick":"alexmat","created_at":"1339856112.0058","rating":"3","notes":"handled escrow for him, went well. He's also deposited with me. Great person to work with."},
{"id":"11788","rater_nick":"Garr255","rated_nick":"alexmat","created_at":"1339873581.06733","rating":"3","notes":"Multiple easy transactions, recommended trader."},
{"id":"12934","rater_nick":"vescudero","rated_nick":"alexmat","created_at":"1342897227.41785","rating":"1","notes":"Deposited 50 btcs in my deposit for several weeks"},
{"id":"18434","rater_nick":"LocalBitcoins","rated_nick":"alexmat","created_at":"1377251265.49744","rating":"1","notes":"Has 100% feedback score on LocalBitcoins.com with 35 confirmed trades. See: https:\/\/localbitcoins.com\/p\/alexmat\/"},
{"id":"19530","rater_nick":"slipnslide","rated_nick":"alexmat","created_at":"1357763449.62052","rating":"1","notes":"Friendly guy, offers many flexible options at a great rate with no surprises"},
{"id":"26043","rater_nick":"joesmoe","rated_nick":"alexmat","created_at":"1370306426.50258","rating":"2","notes":"Large Transaction\u2026Quick & Easy\u2026Will do business again. My Wire for his BTC."},
{"id":"29682","rater_nick":"Jamesonwa","rated_nick":"alexmat","created_at":"1377041881.85741","rating":"3","notes":"My 75BTC for his cash locally."}
]
