[
{"id":"5434","rater_nick":"cacheson","rated_nick":"alexandreseo","created_at":"1308555832.56656","rating":"8","notes":"known him for years"},
{"id":"5439","rater_nick":"Anvilgames","rated_nick":"alexandreseo","created_at":"1308573361.56348","rating":"1","notes":"Service was timely and met my expectations."},
{"id":"17750","rater_nick":"techmrw","rated_nick":"alexandreseo","created_at":"1353525012.8606","rating":"-1","notes":"WARNING: Nick squatter is using this identity. This person is NOT who he claims to be. If you are the genuine user of this identity, set enforce to this nickname and auth to gribble and I will remove this rating."}
]
