[
{"id":"18129","rater_nick":"vucemz","rated_nick":"alex_fun","created_at":"1354230683.06433","rating":"1","notes":"exhanged humble bundle gift code for bitcoins"},
{"id":"18132","rater_nick":"Mad7Scientist","rated_nick":"alex_fun","created_at":"1354236165.2443","rating":"1","notes":"potential business partner"},
{"id":"18137","rater_nick":"andrew12","rated_nick":"alex_fun","created_at":"1354253434.37439","rating":"1","notes":null},
{"id":"18363","rater_nick":"textish","rated_nick":"alex_fun","created_at":"1354773238.22437","rating":"1","notes":"Easy transaction, great communication (My BTC -> phone insurance)"},
{"id":"18513","rater_nick":"cyclick","rated_nick":"alex_fun","created_at":"1355026675.5736","rating":"1","notes":"fun games"}
]
