[
{"id":"34946","rater_nick":"nelly1","rated_nick":"alienjuggernaut","created_at":"1398969341.55961","rating":"3","notes":"always honest thank you"},
{"id":"35073","rater_nick":"peezr","rated_nick":"alienjuggernaut","created_at":"1398918713.60327","rating":"3","notes":"My BTC for his PPUSD - Professional and quick, thanks for the trade dude!"},
{"id":"35097","rater_nick":"jk9357","rated_nick":"alienjuggernaut","created_at":"1399085389.99918","rating":"1","notes":"Small amount of BTC for my ppusd"}
]
