[
{"id":"581","rater_nick":"Txyru","rated_nick":"alkor","created_at":"1298513462.94598","rating":"1","notes":"He paid PP for $100 worth of btc."},
{"id":"583","rater_nick":"jgarzik","rated_nick":"alkor","created_at":"1298520615.60603","rating":"1","notes":null},
{"id":"586","rater_nick":"bk128","rated_nick":"alkor","created_at":"1298694137.71932","rating":"2","notes":"sold 50btc"},
{"id":"604","rater_nick":"EvanR","rated_nick":"alkor","created_at":"1298653534.32262","rating":"1","notes":null},
{"id":"606","rater_nick":"citiz3n","rated_nick":"alkor","created_at":"1298654517.41339","rating":"1","notes":null},
{"id":"620","rater_nick":"Keefe","rated_nick":"alkor","created_at":"1298759550.40835","rating":"1","notes":null},
{"id":"641","rater_nick":"Orbixx","rated_nick":"alkor","created_at":"1298878996.51595","rating":"1","notes":"Received ~$118 via PayPal"},
{"id":"945","rater_nick":"martok604","rated_nick":"alkor","created_at":"1302117447.02989","rating":"1","notes":null},
{"id":"1680","rater_nick":"rothgar","rated_nick":"alkor","created_at":"1305251925.20349","rating":"2","notes":null},
{"id":"1728","rater_nick":"nullp","rated_nick":"alkor","created_at":"1304468890.59838","rating":"1","notes":"Fast!"},
{"id":"2238","rater_nick":"inh","rated_nick":"alkor","created_at":"1305251688.37839","rating":"1","notes":null},
{"id":"2241","rater_nick":"jasonde","rated_nick":"alkor","created_at":"1305253227.76545","rating":"2","notes":"Excellent"},
{"id":"17332","rater_nick":"techmrw","rated_nick":"alkor","created_at":"1352852965.95357","rating":"-1","notes":"WARNING: Nick squatter is using this identity. This person is NOT who he claims to be. If you are the genuine user of this identity, set enforce to this nickname and auth to gribble and I will remove this rating."}
]
