[
{"id":"8349","rater_nick":"imsaguy","rated_nick":"allanlw","created_at":"1324871075.77445","rating":"1","notes":"He sold me an $25 amazon GC for btc"},
{"id":"8357","rater_nick":"AD80HD","rated_nick":"allanlw","created_at":"1324936817.29721","rating":"1","notes":"Sold btc via paypal. Fast\/smooth transaction"},
{"id":"8419","rater_nick":"BTChero","rated_nick":"allanlw","created_at":"1325301575.85643","rating":"1","notes":"Traded paypal for his MTGOXUSD"},
{"id":"8442","rater_nick":"hightides","rated_nick":"allanlw","created_at":"1325473783.81088","rating":"1","notes":"Splendid BTC->PPUSD transaction"}
]
