[
{"id":"26312","rater_nick":"BigBitz","rated_nick":"allban","created_at":"1371836673.82628","rating":"3","notes":"Mutliple Trades. Multiple Methods. Always Smooth!"},
{"id":"26459","rater_nick":"elchespirito","rated_nick":"allban","created_at":"1371323382.37519","rating":"1","notes":"my btc for his ppusd, smooth operator"},
{"id":"26612","rater_nick":"jk9357","rated_nick":"allban","created_at":"1371673641.44245","rating":"1","notes":"small, fast and easy paypal => bitcoin trade"},
{"id":"26637","rater_nick":"ocminer","rated_nick":"allban","created_at":"1371742832.58179","rating":"1","notes":"nice and easy ppusd transaction, everything smooth, would trade again"},
{"id":"26899","rater_nick":"NikkiB","rated_nick":"allban","created_at":"1372457458.12732","rating":"1","notes":"smooth trade :)"},
{"id":"27147","rater_nick":"babbler","rated_nick":"allban","created_at":"1373149592.88309","rating":"1","notes":"easy my btc for his ppusd"},
{"id":"27232","rater_nick":"TheLordOfTime","rated_nick":"allban","created_at":"1373398793.44693","rating":"1","notes":"my btc, their ppusd. waiting 45 days to make sure they're not scamming. Until then, this rating is not 100% confirmed"},
{"id":"27684","rater_nick":"rg","rated_nick":"allban","created_at":"1374310047.81649","rating":"1","notes":"very trouble free tx"}
]
