[
{"id":"1620","rater_nick":"BitMark","rated_nick":"allied","created_at":"1304346190.53891","rating":"1","notes":null},
{"id":"1625","rater_nick":"cuddlefish","rated_nick":"allied","created_at":"1304352110.87991","rating":"3","notes":"Bought server hosting for 1 year"},
{"id":"1641","rater_nick":"thisisharsh","rated_nick":"allied","created_at":"1304364402.77031","rating":"1","notes":"bought BTC for GBP via direct online bank transfer"},
{"id":"1905","rater_nick":"wiktor_b","rated_nick":"allied","created_at":"1304696816.88852","rating":"1","notes":"bought BTC for GBP"},
{"id":"1910","rater_nick":"scottlad","rated_nick":"allied","created_at":"1304894971.13883","rating":"2","notes":"Multiple successful transactions"},
{"id":"1990","rater_nick":"ribuck","rated_nick":"allied","created_at":"1304867651.22205","rating":"1","notes":"I bought BTC by bank transfer"},
{"id":"3254","rater_nick":"dcash","rated_nick":"allied","created_at":"1306707017.86138","rating":"1","notes":"a quick medium-sized tx thru paypal!"},
{"id":"3386","rater_nick":"nick2ball","rated_nick":"allied","created_at":"1306873101.3133","rating":"1","notes":"sweet transaction"},
{"id":"26570","rater_nick":"Rawted","rated_nick":"allied","created_at":"1371583672.07459","rating":"-1","notes":"Squatters using this nick."},
{"id":"34671","rater_nick":"therealNano","rated_nick":"allied","created_at":"1397585984.84344","rating":"-1","notes":"be careful, Allied is being nick squatted by bangerr"}
]
