[
{"id":"19917","rater_nick":"yossarian","rated_nick":"allkindsofshit","created_at":"1358941739.45924","rating":"10","notes":"Highly trusted and recommended. You won't regret dealing with him."},
{"id":"19979","rater_nick":"miernik","rated_nick":"allkindsofshit","created_at":"1359107369.26772","rating":"8","notes":"I traded thousands EUR worth of Bitcoin with him, professional and trustworthy, highly recommended!"},
{"id":"20456","rater_nick":"Ente","rated_nick":"allkindsofshit","created_at":"1360618779.73119","rating":"3","notes":"Meet regularly, did a sucessful large trade. Cheers!"},
{"id":"20531","rater_nick":"bitcoinvalto","rated_nick":"allkindsofshit","created_at":"1362064248.34378","rating":"4","notes":"trusted partner"},
{"id":"23038","rater_nick":"bendiken","rated_nick":"allkindsofshit","created_at":"1365092831.39319","rating":"8","notes":"Have bought a total of ~150 BTC, including some Casascius coins, from him in many transactions over the last year. Will repeat."},
{"id":"23395","rater_nick":"LocalBitcoins","rated_nick":"allkindsofshit","created_at":"1377251484.72846","rating":"1","notes":"Has 100% feedback score on LocalBitcoins.com with 20 confirmed trades. See: https:\/\/localbitcoins.com\/p\/allkinds\/"}
]
