[
{"id":"7068","rater_nick":"akaihola","rated_nick":"alph4zulu","created_at":"1315486025.97887","rating":"2","notes":"Three good buys with SEPA"},
{"id":"7127","rater_nick":"sonba","rated_nick":"alph4zulu","created_at":"1326649059.71566","rating":"2","notes":"some smaller transactions, all fine"},
{"id":"8648","rater_nick":"Skin_DvF3","rated_nick":"alph4zulu","created_at":"1326812467.91714","rating":"1","notes":"Good SEPA Transaction"},
{"id":"8957","rater_nick":"Mqrius","rated_nick":"alph4zulu","created_at":"1328450695.28638","rating":"1","notes":"Fast transaction, no problems."},
{"id":"9857","rater_nick":"sbr2011","rated_nick":"alph4zulu","created_at":"1332276670.1438","rating":"4","notes":"Number of fast SEPA transactions, no problems."}
]
