[
{"id":"20485","rater_nick":"starsoccer","rated_nick":"alphaguru","created_at":"1360708016.43646","rating":"2","notes":"opened an account on his site"},
{"id":"21505","rater_nick":"dohse","rated_nick":"alphaguru","created_at":"1363271518.17436","rating":"1","notes":"quick and painless, his chase quickpay for my .5 btc"},
{"id":"21508","rater_nick":"Billdr","rated_nick":"alphaguru","created_at":"1363273587.39546","rating":"2","notes":"quick and easy btc for moneypak deal"},
{"id":"21546","rater_nick":"BCB","rated_nick":"alphaguru","created_at":"1363377786.6603","rating":"1","notes":"Paypal for Bitcoin Trade. Smooth."}
]
