[
{"id":"33768","rater_nick":"therealNano","rated_nick":"alpha1131","created_at":"1395016334.66847","rating":"4","notes":"Local meet. He bought ~10btc. Good dude4"},
{"id":"33771","rater_nick":"therustytrombone","rated_nick":"alpha1131","created_at":"1395359836.60469","rating":"4","notes":"My BTC for his BofA cash deposit. Another quick, accurate, and friendly trade. Mid-high 3 digit USD amount (Add: Small PayPal tx on March 20, 2014)"},
{"id":"33804","rater_nick":"Blazed","rated_nick":"alpha1131","created_at":"1392668900.5353","rating":"1","notes":"My BTC his Amazon..Smooth\u2122"},
{"id":"33807","rater_nick":"theaftermath","rated_nick":"alpha1131","created_at":"1392950113.9254","rating":"2","notes":"Google Wallet for BTC, smooth, 4 digit volume"},
{"id":"33838","rater_nick":"dmzpkts","rated_nick":"alpha1131","created_at":"1394575566.4343","rating":"3","notes":"my btc for his cash D. very smooth and communicative."},
{"id":"33843","rater_nick":"arbitrage","rated_nick":"alpha1131","created_at":"1392768675.56374","rating":"3","notes":"cash d for my btc"},
{"id":"33863","rater_nick":"peezr","rated_nick":"alpha1131","created_at":"1395965171.16397","rating":"-1","notes":"Offered me $520\/BTC and had me wait 3+ hours only to back out of a deal when prices dropped below 500. Sleazy business practices."},
{"id":"33900","rater_nick":"dignork","rated_nick":"alpha1131","created_at":"1392944860.45853","rating":"1","notes":"my BTC for his GC, Smooth"},
{"id":"33915","rater_nick":"projectshifter","rated_nick":"alpha1131","created_at":"1394569884.56985","rating":"2","notes":"simple btc for my quickpay a couple times, thanks!"},
{"id":"33944","rater_nick":"wondercow11","rated_nick":"alpha1131","created_at":"1393103736.18766","rating":"1","notes":"my ppusd for his btc, fast and convenient"},
{"id":"33946","rater_nick":"kork","rated_nick":"alpha1131","created_at":"1393108327.27913","rating":"1","notes":"my PPUSD for his BTC. trouble-free!"},
{"id":"33991","rater_nick":"odisa","rated_nick":"alpha1131","created_at":"1393381027.09879","rating":"1","notes":"My PPUSD for BTC. Smooth, thanks :)"},
{"id":"33996","rater_nick":"Skryl","rated_nick":"alpha1131","created_at":"1393399683.25918","rating":"1","notes":"My cash for his BTC. Smooth transaction, 4 figures."},
{"id":"34023","rater_nick":"ThePendulum","rated_nick":"alpha1131","created_at":"1393461675.31337","rating":"1","notes":"His BTC for my PPUSD. Flawless!"},
{"id":"34128","rater_nick":"stqism","rated_nick":"alpha1131","created_at":"1394241496.11284","rating":"1","notes":"Smooth trade, minor fuckup on my part, but sold btc for paypal"},
{"id":"34132","rater_nick":"rg","rated_nick":"alpha1131","created_at":"1394311415.95181","rating":"1","notes":"tiny tiny tx for groceries. no problems"},
{"id":"34135","rater_nick":"nystorm","rated_nick":"alpha1131","created_at":"1394343508.55223","rating":"1","notes":"my btc for his amazon gc.. smooth trade"},
{"id":"34138","rater_nick":"tweeeaks","rated_nick":"alpha1131","created_at":"1394580289.22253","rating":"2","notes":"my btc his cash deposit x2, smooooth."},
{"id":"34141","rater_nick":"talisman","rated_nick":"alpha1131","created_at":"1394478351.85516","rating":"1","notes":"My PPUSD for his BTC. Nice and smooth... thanks."},
{"id":"34143","rater_nick":"diatonic","rated_nick":"alpha1131","created_at":"1394489124.82557","rating":"1","notes":"My PPUSD for his BTC. Quick 'n easy."},
{"id":"34180","rater_nick":"nezZario","rated_nick":"alpha1131","created_at":"1394824405.96327","rating":"1","notes":"My PPUSD for his BTC. Quick, fast, no hassle, nice guy"},
{"id":"34212","rater_nick":"tim-tams","rated_nick":"alpha1131","created_at":"1395260596.55985","rating":"3","notes":"Four digit cash deposit, his USD for my BTC, smooth."},
{"id":"34436","rater_nick":"anduck","rated_nick":"alpha1131","created_at":"1396615922.83167","rating":"1","notes":"my btc for his PPUSD, all smooth n cool"},
{"id":"36126","rater_nick":"nelly1","rated_nick":"alpha1131","created_at":"1406081601.85037","rating":"1","notes":"fast and smooth my ppusa for his btc"}
]
