[
{"id":"26222","rater_nick":"Blitz-","rated_nick":"Alpha|FWZ","created_at":"1375653081.89343","rating":"2","notes":"PPUSD for his BTC, small smooth transaction."},
{"id":"26483","rater_nick":"BigBitz","rated_nick":"Alpha|FWZ","created_at":"1378151643.35172","rating":"7","notes":"lots and lots of PPUSD for his BTC. Guy is solid!"},
{"id":"26577","rater_nick":"libussa","rated_nick":"Alpha|FWZ","created_at":"1371592815.0728","rating":"1","notes":"My PPUSD for hic coin, very smooth deal. Recommended !"},
{"id":"26673","rater_nick":"danieldaniel","rated_nick":"Alpha|FWZ","created_at":"1371996807.46796","rating":"1","notes":"Quick PPUSD for BTC tx."},
{"id":"26693","rater_nick":"ruukasu","rated_nick":"Alpha|FWZ","created_at":"1372027974.52328","rating":"2","notes":"his .08 bTC for my $10 paypal"},
{"id":"26810","rater_nick":"hashkey","rated_nick":"Alpha|FWZ","created_at":"1372287693.42073","rating":"1","notes":"bought his 0.11 btc via pp, transaction we had was silky-smooth!"},
{"id":"26849","rater_nick":"Tobi23","rated_nick":"Alpha|FWZ","created_at":"1372371763.50929","rating":"1","notes":"PPusd to btc, transaction went fine"},
{"id":"26903","rater_nick":"NikkiB","rated_nick":"Alpha|FWZ","created_at":"1372459255.65468","rating":"1","notes":"easy transaction .. his btc for my paypal .. good seller"},
{"id":"26949","rater_nick":"wahbaduck","rated_nick":"Alpha|FWZ","created_at":"1372625674.51791","rating":"10","notes":null},
{"id":"27088","rater_nick":"TheLordOfTime","rated_nick":"Alpha|FWZ","created_at":"1373245486.5508","rating":"4","notes":"my ppusd, their BTC. professionally handles transactions, good guy.."},
{"id":"27122","rater_nick":"Omsky","rated_nick":"Alpha|FWZ","created_at":"1373077590.25548","rating":"1","notes":"BTC for PPUSD, transaction went well"},
{"id":"27256","rater_nick":"congregate","rated_nick":"Alpha|FWZ","created_at":"1373494957.36504","rating":"1","notes":"My PPUSD for their BTC"},
{"id":"27344","rater_nick":"iceTwy","rated_nick":"Alpha|FWZ","created_at":"1373761776.69535","rating":"1","notes":"Sent PPUSD for BTC, quick transaction and great price!"},
{"id":"27380","rater_nick":"justblazeme","rated_nick":"Alpha|FWZ","created_at":"1373854187.5829","rating":"-10","notes":null},
{"id":"27497","rater_nick":"bock","rated_nick":"Alpha|FWZ","created_at":"1374053785.05588","rating":"1","notes":"his 0.25BTC for my ppUSD, quick and painless TX"},
{"id":"27542","rater_nick":"TrustedCoinHu","rated_nick":"Alpha|FWZ","created_at":"1374140227.64868","rating":"1","notes":"My PP for his BTC, fast and smooth"},
{"id":"27692","rater_nick":"Razy","rated_nick":"Alpha|FWZ","created_at":"1374334715.4532","rating":"1","notes":"my ppusd for his btc (small amount)"},
{"id":"27753","rater_nick":"tim-tams","rated_nick":"Alpha|FWZ","created_at":"1374943537.25218","rating":"2","notes":"My Paypal for his BTC, smooth more than once"},
{"id":"27946","rater_nick":"lotek72","rated_nick":"Alpha|FWZ","created_at":"1374892714.91724","rating":"1","notes":"fast, easy transaction"},
{"id":"27969","rater_nick":"Goldwyn","rated_nick":"Alpha|FWZ","created_at":"1374965989.01182","rating":"1","notes":"Sold me 1btc for my mp, great seller. Will do business again."},
{"id":"28050","rater_nick":"rg","rated_nick":"Alpha|FWZ","created_at":"1375147695.45211","rating":"1","notes":"Largest recorded transaction in #bitcoin-otc history. My .10 BTC for his $10 ppusd"},
{"id":"28051","rater_nick":"Curi0sity","rated_nick":"Alpha|FWZ","created_at":"1375147805.11049","rating":"1","notes":"Very nice\/helpful\/quick. Would use again. My MoneyPak for his 0.5 BTC."},
{"id":"28116","rater_nick":"elchespirito","rated_nick":"Alpha|FWZ","created_at":"1376353035.8937","rating":"3","notes":"My ppusd for his Bitcoin, easy going"},
{"id":"28246","rater_nick":"moneypak4btc","rated_nick":"Alpha|FWZ","created_at":"1375581535.0798","rating":"1","notes":"My MP for his BTC - 1st trade - fast & easy to work with"},
{"id":"28288","rater_nick":"Coinage","rated_nick":"Alpha|FWZ","created_at":"1375643361.40851","rating":"1","notes":"My MoneyPak for His BTC ... It's Happening ..."},
{"id":"28293","rater_nick":"thekid84748955","rated_nick":"Alpha|FWZ","created_at":"1375654236.43588","rating":"1","notes":"my PPusd for his btc thanks"},
{"id":"30389","rater_nick":"oakwhiz","rated_nick":"Alpha|FWZ","created_at":"1379281635.11735","rating":"-1","notes":"Late on loan payment"}
]
