[
{"id":"17586","rater_nick":"GlooBoy","rated_nick":"Alternity","created_at":"1353347354.30226","rating":"1","notes":"Fast MP---->myBTC. Welcome to OTC"},
{"id":"21480","rater_nick":"havardr","rated_nick":"Alternity","created_at":"1363216583.53452","rating":"1","notes":"my BTC for his PPUSD, quick transaction. Will trade again"},
{"id":"22733","rater_nick":"tonydtiger","rated_nick":"Alternity","created_at":"1364637094.43956","rating":"2","notes":"My BTC for her PP USD, Smooth transaction"},
{"id":"25006","rater_nick":"supercell","rated_nick":"Alternity","created_at":"1367814059.56883","rating":"2","notes":"I sent BTCE code, for his PPUSD in return, smooth txn"},
{"id":"26048","rater_nick":"LaoShanLong","rated_nick":"Alternity","created_at":"1370314282.60587","rating":"1","notes":"sold him 0.5 BTC @ 118 PPUSD\/BTC (59 PPUSD)"},
{"id":"26750","rater_nick":"Jamesonwa","rated_nick":"Alternity","created_at":"1372182400.35951","rating":"1","notes":"my BTC for his PP (~$190 will update if things change)"},
{"id":"27940","rater_nick":"msbitcoin","rated_nick":"Alternity","created_at":"1374886237.92451","rating":"1","notes":"My btc for their ppusd. Quick and easy just like I like it!"},
{"id":"31041","rater_nick":"Apocalyptic","rated_nick":"Alternity","created_at":"1382290843.73815","rating":"1","notes":"Smooth PP deal"}
]
