[
{"id":"36606","rater_nick":"justusranvier","rated_nick":"altoz","created_at":"1409370073.19948","rating":"8","notes":"Colored coin developer (chromawallet) and btcwallet developer for Monetas. Member in good standing of Austin Bitcoin Meetup"},
{"id":"36615","rater_nick":"al-maisan","rated_nick":"altoz","created_at":"1409406745.38656","rating":"5","notes":null},
{"id":"36617","rater_nick":"lclc","rated_nick":"altoz","created_at":"1409408572.80291","rating":"5","notes":"Coworker at Monetas"},
{"id":"36773","rater_nick":"napedia","rated_nick":"altoz","created_at":"1411032908.98669","rating":"5","notes":"Austin Bitcoin meetup regular, Colored Coin dev, Monetas, blogs at http:\/\/altoz.liberty.me\/ Trustworthy neighbor & friend"}
]
