[
{"id":"24751","rater_nick":"georgewg","rated_nick":"alwaysunknown","created_at":"1367372869.06499","rating":"1","notes":"smooth Dw transaction"},
{"id":"24755","rater_nick":"rg","rated_nick":"alwaysunknown","created_at":"1367373761.0558","rating":"1","notes":"did successful escrow for him"},
{"id":"24757","rater_nick":"MmmmYah","rated_nick":"alwaysunknown","created_at":"1367714077.77069","rating":"2","notes":"multiple dwolla to btc transactions .. he sent me dwolla for my btc"},
{"id":"24824","rater_nick":"purplebandana","rated_nick":"alwaysunknown","created_at":"1367470994.54224","rating":"10","notes":"smooth transaction, will trade again"},
{"id":"24830","rater_nick":"galacticgaia","rated_nick":"alwaysunknown","created_at":"1367469856.46285","rating":"2","notes":"a couple of lightening quick BTC for PP USD transactions"},
{"id":"25008","rater_nick":"bigtip","rated_nick":"alwaysunknown","created_at":"1367816098.14551","rating":"1","notes":"my LTC for BTC, tasty"},
{"id":"25012","rater_nick":"toffoo","rated_nick":"alwaysunknown","created_at":"1367817338.09812","rating":"1","notes":"small ltc for btc trade, no problems"},
{"id":"25080","rater_nick":"a5m0","rated_nick":"alwaysunknown","created_at":"1367944678.44704","rating":"1","notes":"bought a used phone for btc"},
{"id":"25632","rater_nick":"tencevad","rated_nick":"alwaysunknown","created_at":"1369275008.08104","rating":"1","notes":"My BTC for MoneyPak. Smooth transaction."},
{"id":"27523","rater_nick":"episking-","rated_nick":"alwaysunknown","created_at":"1374090291.2885","rating":"1","notes":"my BTC for his cash deposit. Thanks!"},
{"id":"27549","rater_nick":"bitthebullet","rated_nick":"alwaysunknown","created_at":"1374151370.33314","rating":"1","notes":"Honest Buyer, Honored terms of trade and paid fees despite nonoccurence of tx"},
{"id":"29483","rater_nick":"danieldaniel","rated_nick":"alwaysunknown","created_at":"1376603931.29354","rating":"1","notes":"Sold him BTC for MoneyGram; I sent after he gave me the ref # (so I was exposed to SOME risk)"},
{"id":"32464","rater_nick":"andrew12","rated_nick":"alwaysunknown","created_at":"1386722360.11309","rating":"-10","notes":"I sent him 0.395 BTC, in exchange for his offer of five $70 codes for 21070 Riot Points each, and $50 paypal. He disconnected from IRC immediately afterwards."}
]
