[
{"id":"16704","rater_nick":"tenakha","rated_nick":"alwaysminings","created_at":"1351617562.45057","rating":"3","notes":"have done multiple medium sized purchases. I paid first, he always delivered. TQ."},
{"id":"18691","rater_nick":"Azelphur","rated_nick":"alwaysminings","created_at":"1355586369.58022","rating":"1","notes":"Sold me BTC via UK bank transfer"},
{"id":"18753","rater_nick":"Cylta","rated_nick":"alwaysminings","created_at":"1355739654.61836","rating":"3","notes":"large deal, I went first. Very peaceful and calm person."},
{"id":"18867","rater_nick":"fbastage","rated_nick":"alwaysminings","created_at":"1356027938.11531","rating":"-10","notes":"got caught squatting on variations of others' nicks http:\/\/66.68.146.89\/otc\/?*2.122.18.1*"},
{"id":"18884","rater_nick":"Azelphur-","rated_nick":"alwaysminings","created_at":"1356042085.43289","rating":"5","notes":"I sent first, 4 figure sum"},
{"id":"19124","rater_nick":"bitnumus","rated_nick":"alwaysminings","created_at":"1356708261.85082","rating":"1","notes":"Bought BTC from him, no problems"}
]
