[
{"id":"25217","rater_nick":"themartianist","rated_nick":"am42","created_at":"1369286634.05087","rating":"4","notes":"sold him more btc for his dwolla, smooth transaction. Stand up guy, helped me fix my computer."},
{"id":"27253","rater_nick":"babbler","rated_nick":"am42","created_at":"1373494068.69608","rating":"1","notes":"my btc for his ppusd quick easy"},
{"id":"27259","rater_nick":"diatonic","rated_nick":"am42","created_at":"1373497284.48255","rating":"1","notes":"PPUSD for my BTC. Quick & smooth"},
{"id":"27263","rater_nick":"cornfeedhobo","rated_nick":"am42","created_at":"1373498019.63175","rating":"1","notes":"no hassle, quick transaction. BTC for dwolla. thanks!"},
{"id":"27812","rater_nick":"ageis","rated_nick":"am42","created_at":"1374546801.02531","rating":"1","notes":"sold them BTC for PPUSD. simple trade"},
{"id":"27814","rater_nick":"ur0pl","rated_nick":"am42","created_at":"1374548874.66967","rating":"5","notes":"good seller"},
{"id":"27816","rater_nick":"freshzive","rated_nick":"am42","created_at":"1374556060.30502","rating":"1","notes":"sold btc to him for ppusd, smooth and easy"},
{"id":"27819","rater_nick":"Jamesonwa","rated_nick":"am42","created_at":"1374560407.23816","rating":"1","notes":"My BTC for his PP (~$97 will update if things change)"},
{"id":"27971","rater_nick":"SwedFTP","rated_nick":"am42","created_at":"1374969162.4929","rating":"1","notes":"Quick, small PPUSD > My BTC, no problems."},
{"id":"28256","rater_nick":"macrosoft","rated_nick":"am42","created_at":"1375588275.71825","rating":"5","notes":"easy and fast"},
{"id":"28299","rater_nick":"popart64","rated_nick":"am42","created_at":"1375667507.54625","rating":"1","notes":"Quick & Smooth transaction. my PPusd for BTC thanks"},
{"id":"28308","rater_nick":"jamdunguy","rated_nick":"am42","created_at":"1375681200.83539","rating":"1","notes":"smooth PP to BTC transaction"},
{"id":"28309","rater_nick":"elchespirito","rated_nick":"am42","created_at":"1375688698.98019","rating":"1","notes":"very easy to trade with and a very nice bloke"},
{"id":"28449","rater_nick":"razorasadsid","rated_nick":"am42","created_at":"1375747113.90476","rating":"1","notes":"Awesome dude aswell, Sent BTC for PPUSD, quick and simple, Small Transaction."},
{"id":"28507","rater_nick":"Rozal","rated_nick":"am42","created_at":"1375759741.04696","rating":"1","notes":"Great xaction, BTC for PP"},
{"id":"28528","rater_nick":"peapodamus","rated_nick":"am42","created_at":"1375769352.99552","rating":"1","notes":".3 Bitcoin for $30 PayPal, went smoothly! He is A Very nice user, he helped me figure out how #bitcoin-otc worked ;)"},
{"id":"28605","rater_nick":"wondercow11","rated_nick":"am42","created_at":"1375826405.2321","rating":"1","notes":"my ppusd for his bitcoins, great guy and super fast!"},
{"id":"28613","rater_nick":"dieselrider","rated_nick":"am42","created_at":"1375840598.63102","rating":"1","notes":"his BTC for my ppusd, very helpful!"},
{"id":"28616","rater_nick":"arbitrage","rated_nick":"am42","created_at":"1375842405.76088","rating":"1","notes":"my ppusd for his btc. thanks for welcoming me to otc."},
{"id":"28622","rater_nick":"kuzetsa","rated_nick":"am42","created_at":"1375858902.43882","rating":"1","notes":"one fast transaction, would trade again"},
{"id":"28625","rater_nick":"TrustedCoinHu","rated_nick":"am42","created_at":"1375861401.37611","rating":"1","notes":"my BTC for his PPUSD, was helpfull on authing himself"},
{"id":"28912","rater_nick":"caerian","rated_nick":"am42","created_at":"1376365765.40534","rating":"1","notes":"smooth mp->btc transaction"},
{"id":"28916","rater_nick":"Tootoot222","rated_nick":"am42","created_at":"1376368012.27687","rating":"1","notes":"my moneypak (180$) for his btc, no escrow, simple and fast, good transaction =)"},
{"id":"28917","rater_nick":"Garr255","rated_nick":"am42","created_at":"1376369075.06632","rating":"1","notes":"sold me a greendot"},
{"id":"29794","rater_nick":"chalupasupreme","rated_nick":"am42","created_at":"1377316871.15165","rating":"1","notes":"my PP fot his BTC helpd me for first trade"},
{"id":"32057","rater_nick":"BigBitz","rated_nick":"am42","created_at":"1385574089.90025","rating":"-10","notes":"Nick Squatter. Please enforce your nick. PM me to remove."}
]
