[
{"id":"8533","rater_nick":"goldpunk","rated_nick":"amazingrando","created_at":"1326015042.02687","rating":"2","notes":null},
{"id":"8537","rater_nick":"shakaru-otc","rated_nick":"amazingrando","created_at":"1326042196.47695","rating":"10","notes":"- Multiple trade for hardware, In person meet. Highly recomend."},
{"id":"8538","rater_nick":"M4v3R","rated_nick":"amazingrando","created_at":"1326047535.73603","rating":"1","notes":"Traded 20+ BTC, blazingly fast"},
{"id":"9392","rater_nick":"splatster","rated_nick":"amazingrando","created_at":"1334614042.00287","rating":"4","notes":"Loaned him USD for about a month and rented 40GH from him. Great guy, very reasonable."},
{"id":"9636","rater_nick":"bitcoinTrader","rated_nick":"amazingrando","created_at":"1331574766.04704","rating":"1","notes":"nice ppusd to btc transaction"},
{"id":"9644","rater_nick":"paulzag","rated_nick":"amazingrando","created_at":"1331603951.04623","rating":"1","notes":"I bought BTC with 103PPUSD quick & easy"},
{"id":"10065","rater_nick":"easystevey","rated_nick":"amazingrando","created_at":"1334341218.81693","rating":"8","notes":"many transactions via MP and PP, all fantastic."},
{"id":"10439","rater_nick":"ptmhd","rated_nick":"amazingrando","created_at":"1334901283.79322","rating":"1","notes":"would do again"},
{"id":"10453","rater_nick":"mrb_","rated_nick":"amazingrando","created_at":"1334982400.41098","rating":"5","notes":"large hardware sale"},
{"id":"10717","rater_nick":"nanotube","rated_nick":"amazingrando","created_at":"1336016017.8551","rating":"5","notes":"solid"},
{"id":"10779","rater_nick":"felix23","rated_nick":"amazingrando","created_at":"1336189641.71648","rating":"1","notes":"Great first time transaction, my GC for BTC"},
{"id":"10984","rater_nick":"easyat","rated_nick":"amazingrando","created_at":"1337190305.57404","rating":"1","notes":"Quick easy transaction. I sent MoneyPak for BTC."},
{"id":"11561","rater_nick":"alexmat","rated_nick":"amazingrando","created_at":"1339192575.94116","rating":"2","notes":"successful large MtGox -> Dwolla transaction"},
{"id":"20248","rater_nick":"camolist","rated_nick":"amazingrando","created_at":"1359912119.96052","rating":"-10","notes":"scammer and thief. see https:\/\/bitcointalk.org\/index.php?topic=140945.0"}
]
