[
{"id":"13656","rater_nick":"bitcoinsinberlin","rated_nick":"AmazonStuff","created_at":"1344955907.28082","rating":"3","notes":"2000EUR over MoneyGram via bitcointalk"},
{"id":"20161","rater_nick":"allkindsofshit","rated_nick":"AmazonStuff","created_at":"1359633513.39763","rating":"3","notes":"traded via moneygram - all well."},
{"id":"35791","rater_nick":"foggyb","rated_nick":"AmazonStuff","created_at":"1403627796.21917","rating":"2","notes":"Efficient amazon drop ship agent. Did a small purchase with two-day free shipping."}
]
