[
{"id":"26826","rater_nick":"candrom","rated_nick":"Amiga4000","created_at":"1372335558.26445","rating":"1","notes":"fast trade! thank you"},
{"id":"26875","rater_nick":"sturles","rated_nick":"Amiga4000","created_at":"1372409797.88531","rating":"1","notes":"One smooth BTC\/EUR transaction"},
{"id":"27175","rater_nick":"m3l","rated_nick":"Amiga4000","created_at":"1376759737.90302","rating":"10","notes":"multiple deals, small and large amounts, fast and no problems"},
{"id":"27270","rater_nick":"godzillakill","rated_nick":"Amiga4000","created_at":"1374670798.74595","rating":"1","notes":"bought bitcoins with paypal"},
{"id":"27774","rater_nick":"MCM-Mike","rated_nick":"Amiga4000","created_at":"1377248067.52593","rating":"2","notes":"smooth tx, small mount , Neteller"},
{"id":"27775","rater_nick":"veox","rated_nick":"Amiga4000","created_at":"1378199703.78408","rating":"2","notes":"Fastest trade I ever had. Also, took the time to prove that he is, in fact, echelon."},
{"id":"30940","rater_nick":"tokei","rated_nick":"Amiga4000","created_at":"1381855430.43928","rating":"2","notes":"Sold btc via sepa. Smooth, friendly quick tx. Thank you."},
{"id":"30992","rater_nick":"dys","rated_nick":"Amiga4000","created_at":"1382094154.72855","rating":"1","notes":"Sold me my very first BTC via SEPA. Had it within 24h. Thanks!"}
]
