[
{"id":"627","rater_nick":"OVerLoRDI","rated_nick":"amiller","created_at":"1298843671.57232","rating":"1","notes":null},
{"id":"707","rater_nick":"mndrix","rated_nick":"amiller","created_at":"1299612557.68517","rating":"2","notes":"via coinpal"},
{"id":"716","rater_nick":"Aciid","rated_nick":"amiller","created_at":"1299695092.12404","rating":"1","notes":"Thank you for trading"},
{"id":"1511","rater_nick":"rasengan","rated_nick":"amiller","created_at":"1304220444.81021","rating":"1","notes":"sent btc by clearcoin escrow, was great"},
{"id":"1737","rater_nick":"Sonata","rated_nick":"amiller","created_at":"1305070791.21517","rating":"2","notes":"Quick payment. Reasonable price. :)"},
{"id":"1740","rater_nick":"nvram","rated_nick":"amiller","created_at":"1304477700.90761","rating":"2","notes":"quick, easy"},
{"id":"2164","rater_nick":"CountX","rated_nick":"amiller","created_at":"1305090971.00981","rating":"1","notes":"fast helpful, first trade for me"},
{"id":"4205","rater_nick":"uzyn","rated_nick":"amiller","created_at":"1307391980.11882","rating":"2","notes":"Very patient trader. Thanks for the great guide on clearcoin!"},
{"id":"4697","rater_nick":"imposter","rated_nick":"amiller","created_at":"1307665738.04411","rating":"1","notes":null},
{"id":"4701","rater_nick":"opticbit","rated_nick":"amiller","created_at":"1307666342.44336","rating":"1","notes":null},
{"id":"4702","rater_nick":"dab","rated_nick":"amiller","created_at":"1307666430.86353","rating":"2","notes":"First transaction ever. Responsive and fair :)"},
{"id":"5367","rater_nick":"snowing","rated_nick":"amiller","created_at":"1308380197.23616","rating":"1","notes":"great buyer, would sell again A++++"},
{"id":"5369","rater_nick":"thechut","rated_nick":"amiller","created_at":"1308381303.57501","rating":"1","notes":"comissioned artwork"},
{"id":"5372","rater_nick":"Neozonz","rated_nick":"amiller","created_at":"1308383714.03546","rating":"1","notes":"Paid me 1 bitcoin for a fish drawing http:\/\/imgur.com\/3rj53"},
{"id":"7637","rater_nick":"pigeons","rated_nick":"amiller","created_at":"1357159211.64673","rating":"4","notes":"awesome"},
{"id":"8095","rater_nick":"imsaguy","rated_nick":"amiller","created_at":"1323497226.6359","rating":"1","notes":"quick trade via ING p2p"},
{"id":"8106","rater_nick":"nanotube","rated_nick":"amiller","created_at":"1323560232.94281","rating":"7","notes":null},
{"id":"8353","rater_nick":"drthodt","rated_nick":"amiller","created_at":"1324906928.6671","rating":"7","notes":"I trust this person extensively"},
{"id":"8530","rater_nick":"copumpkin","rated_nick":"amiller","created_at":"1329852342.54071","rating":"2","notes":"I can't remember what my old note was, but I'm sure it was very flattering and would make you trade with him in a heartbeat if you got the chance to do so"},
{"id":"8866","rater_nick":"btcplease","rated_nick":"amiller","created_at":"1328033215.78305","rating":"3","notes":"good seller very honest"},
{"id":"8939","rater_nick":"nville","rated_nick":"amiller","created_at":"1328381885.65248","rating":"1","notes":"bought a bit of PPUSD, very smooth!"},
{"id":"8941","rater_nick":"smickles","rated_nick":"amiller","created_at":"1333160302.34665","rating":"1","notes":null},
{"id":"8974","rater_nick":"spawn-","rated_nick":"amiller","created_at":"1328516692.01697","rating":"2","notes":"very fast trasactions thanks!"},
{"id":"9075","rater_nick":"flazmok","rated_nick":"amiller","created_at":"1329030854.00594","rating":"1","notes":"a+ escrow :)"},
{"id":"9105","rater_nick":"kwiko","rated_nick":"amiller","created_at":"1329194496.47295","rating":"1","notes":"great friendly guy with noble ideals and great manners"},
{"id":"9926","rater_nick":"jjjrmy","rated_nick":"amiller","created_at":"1332612446.48783","rating":"10","notes":"Hasn't killed me.... yet"},
{"id":"14536","rater_nick":"jgarzik","rated_nick":"amiller","created_at":"1347122821.45838","rating":"3","notes":null},
{"id":"19016","rater_nick":"luke-jr","rated_nick":"amiller","created_at":"1356408770.57619","rating":"1","notes":"Met in person, not had the occasion of doing business with yet."},
{"id":"21489","rater_nick":"Billdr","rated_nick":"amiller","created_at":"1363233974.91376","rating":"2","notes":"BTC for Dwolla"},
{"id":"22636","rater_nick":"mastertheknife","rated_nick":"amiller","created_at":"1364504780.91715","rating":"1","notes":"great trader. honest and patient, will never doubt buying from again."},
{"id":"22640","rater_nick":"phrenetiK","rated_nick":"amiller","created_at":"1364506494.1036","rating":"1","notes":"awesome seller, thank you!"},
{"id":"22642","rater_nick":"Shocky","rated_nick":"amiller","created_at":"1364506580.73687","rating":"1","notes":null},
{"id":"22645","rater_nick":"HungDaddy","rated_nick":"amiller","created_at":"1364507866.9609","rating":"1","notes":"Fast and fair small pp purchase from a trusted seller."},
{"id":"27663","rater_nick":"gmaxwell","rated_nick":"amiller","created_at":"1374258901.63878","rating":"1","notes":"met in person; seems reliable and obviously intelligent."}
]
