[
{"id":"792","rater_nick":"toffoo","rated_nick":"ampeater","created_at":"1300928213.78487","rating":"1","notes":"He sent me PPUSD, I sent BTC"},
{"id":"796","rater_nick":"mndrix","rated_nick":"ampeater","created_at":"1300933559.35294","rating":"4","notes":"several successful trades starting in Feb. 2011"},
{"id":"811","rater_nick":"doublec","rated_nick":"ampeater","created_at":"1301020983.01394","rating":"1","notes":"Repaid 2btc plus 0.5btc interest for 24 hour loan"},
{"id":"814","rater_nick":"Keefe","rated_nick":"ampeater","created_at":"1301023265.29454","rating":"1","notes":"Loaned AmpEater 2 BTC for 24 hours. Repaid on time."},
{"id":"823","rater_nick":"rgm3","rated_nick":"ampeater","created_at":"1301167471.06378","rating":"1","notes":null},
{"id":"2301","rater_nick":"casascius","rated_nick":"ampeater","created_at":"1305296915.47065","rating":"1","notes":"Successful trade (mining drive for BTC)"}
]
