[
{"id":"552","rater_nick":"echelon","rated_nick":"amwt","created_at":"1298146050.01677","rating":"1","notes":null},
{"id":"553","rater_nick":"justmoon","rated_nick":"amwt","created_at":"1298146920.37648","rating":"1","notes":null},
{"id":"22792","rater_nick":"Rotsor","rated_nick":"amwt","created_at":"1364723630.3472","rating":"2","notes":"Over \u00a3500 transacted successfully"},
{"id":"23752","rater_nick":"BCB","rated_nick":"amwt","created_at":"1365992512.3096","rating":"3","notes":"Multiple PP to BTC trades. Smooth."},
{"id":"23757","rater_nick":"AlephZero","rated_nick":"amwt","created_at":"1365798348.9","rating":"1","notes":"Bought 0.5BTC for GBP. Speedy transaction, would use again."},
{"id":"23769","rater_nick":"wijman","rated_nick":"amwt","created_at":"1365871540.07377","rating":"2","notes":"Multiple trades, all multiple coins... Can't complain... Great buyer!"},
{"id":"23901","rater_nick":"dodgyjammer","rated_nick":"amwt","created_at":"1365951250.70092","rating":"1","notes":"bought 2 btc smooth quick transaction"},
{"id":"23938","rater_nick":"MmmmYah","rated_nick":"amwt","created_at":"1365980490.15983","rating":"1","notes":"quick sell of btc for his ppusd..smooth transaction"},
{"id":"24007","rater_nick":"Ex0deus","rated_nick":"amwt","created_at":"1366042395.82557","rating":"1","notes":"quick small BTC to PPUSD trade."},
{"id":"24016","rater_nick":"dannyboy84","rated_nick":"amwt","created_at":"1366054905.9273","rating":"1","notes":"very fast payment would trade again"},
{"id":"24046","rater_nick":"yongjhen","rated_nick":"amwt","created_at":"1366079982.76744","rating":"1","notes":"1 BTC sold via Paypal, smooth transaction"},
{"id":"24552","rater_nick":"oldskip","rated_nick":"amwt","created_at":"1367004616.5398","rating":"1","notes":"small trade via bitbargain pingit"},
{"id":"24770","rater_nick":"grubles","rated_nick":"amwt","created_at":"1367384391.3679","rating":"2","notes":null},
{"id":"24944","rater_nick":"nyusternie","rated_nick":"amwt","created_at":"1367698414.1055","rating":"2","notes":"helped me out with testing of a new intl sms gateway to the UK and HK (very supportive)"},
{"id":"33138","rater_nick":"BigBitz","rated_nick":"amwt","created_at":"1389221332.63869","rating":"1","notes":"UKBT for his BTC."}
]
