[
{"id":"16712","rater_nick":"stimu","rated_nick":"an3k","created_at":"1351631734.43815","rating":"2","notes":"mtgox to ppusd. Verified id and object on head."},
{"id":"17792","rater_nick":"tenakha","rated_nick":"an3k","created_at":"1353603684.58115","rating":"1","notes":"he bought 13btc via Western Union WU. Germany to UK. Money arrived fine! :-) Thank you."},
{"id":"19045","rater_nick":"BeholdGlow","rated_nick":"an3k","created_at":"1356501494.82157","rating":"1","notes":"helped me set up usenet access and educated me"},
{"id":"20079","rater_nick":"yossarian","rated_nick":"an3k","created_at":"1359408707.40678","rating":"1","notes":"Fast transaction via MB. Thanks!"},
{"id":"28091","rater_nick":"tking0036","rated_nick":"an3k","created_at":"1375296530.9197","rating":"1","notes":"smooth transaction!"},
{"id":"29875","rater_nick":"MCM-Mike","rated_nick":"an3k","created_at":"1377601367.07752","rating":"1","notes":"smooth tx , his Skrill my BTC"}
]
