[
{"id":"10209","rater_nick":"Azelphur","rated_nick":"anastasiawyatt","created_at":"1334037727.69536","rating":"1","notes":"did some java for me"},
{"id":"10228","rater_nick":"speed_racer8","rated_nick":"anastasiawyatt","created_at":"1334096688.59727","rating":"1","notes":"sent me btc for amazongc, sent first, good fellow"},
{"id":"10679","rater_nick":"spawn-","rated_nick":"anastasiawyatt","created_at":"1335840275.4304","rating":"2","notes":"flawless BTC>>PPUSD very nice :)"},
{"id":"10697","rater_nick":"garbagegod","rated_nick":"anastasiawyatt","created_at":"1335937895.8197","rating":"1","notes":"| Purchased 7.03 BTC for $43 PayPal USD"},
{"id":"10739","rater_nick":"TehZomBro","rated_nick":"anastasiawyatt","created_at":"1343768809.00592","rating":"1","notes":"loned me 1 btc"},
{"id":"12948","rater_nick":"bruzum","rated_nick":"anastasiawyatt","created_at":"1342957056.36166","rating":"-10","notes":"owes 20 btc + interest. I know for a fact that he has tried to buy stolen credit cards and\/or paypal accounts (most prolly to make fraudlent exchanges and is using other aliases for this too. BEWARE. His nick is atm is AshleyWaffle."}
]
