[
{"id":"2569","rater_nick":"Tengo","rated_nick":"AnatolV","created_at":"1305631002.60412","rating":"1","notes":"successful small trade"},
{"id":"2572","rater_nick":"vitsum","rated_nick":"AnatolV","created_at":"1305753873.22265","rating":"2","notes":null},
{"id":"2574","rater_nick":"^hrtbrkr^","rated_nick":"AnatolV","created_at":"1305634318.62463","rating":"1","notes":"Successful trade"},
{"id":"2605","rater_nick":"alpenboy","rated_nick":"AnatolV","created_at":"1305705905.71032","rating":"1","notes":"Succsessful smal trade"},
{"id":"2623","rater_nick":"Self-Perfection","rated_nick":"AnatolV","created_at":"1305674026.23794","rating":"1","notes":null},
{"id":"2750","rater_nick":"Akinava","rated_nick":"AnatolV","created_at":"1306479851.24124","rating":"5","notes":"Successful trade"},
{"id":"3165","rater_nick":"lexa500","rated_nick":"AnatolV","created_at":"1306747898.22572","rating":"1","notes":"Transaction OK"},
{"id":"3270","rater_nick":"xelblch","rated_nick":"AnatolV","created_at":"1306745642.90628","rating":"1","notes":"Small Transaction OK"},
{"id":"16887","rater_nick":"techmrw","rated_nick":"AnatolV","created_at":"1351975873.71225","rating":"-1","notes":"WARNING: Nick squatter is using this identity. This person is NOT who he claims to be. Don't get scammed. I will remove this rating if you identify, enforce and auth to gribble."}
]
