[
{"id":"3960","rater_nick":"Keefe","rated_nick":"anddam","created_at":"1307253003.83143","rating":"3","notes":null},
{"id":"33504","rater_nick":"qwertyoruiop","rated_nick":"anddam","created_at":"1391201374.3189","rating":"1","notes":"perfect transaction, BTC for EUR credited on his debit card, I paid upfront. trustworthy 100%"},
{"id":"33716","rater_nick":"poiuytrez","rated_nick":"anddam","created_at":"1392216801.0133","rating":"1","notes":"2BTC trade via PayPal. Thanks ! I hope to see you soon on bitcoin-otc."},
{"id":"36629","rater_nick":"markus","rated_nick":"anddam","created_at":"1409475151.94699","rating":"1","notes":"my ppusd for his btc"},
{"id":"36839","rater_nick":"PLATO","rated_nick":"anddam","created_at":"1411858083.80064","rating":"1","notes":"good first tx"},
{"id":"36858","rater_nick":"RoTrader","rated_nick":"anddam","created_at":"1412079346.76753","rating":"1","notes":"he bought BTC with his PPUSD, all good since Sep 2014"}
]
