[
{"id":"9993","rater_nick":"paulzag","rated_nick":"AndrewNTH","created_at":"1332901408.208","rating":"1","notes":"sold BTC for PPUSD to get him started here. And another time too"},
{"id":"10001","rater_nick":"bobberb","rated_nick":"AndrewNTH","created_at":"1332972925.65606","rating":"2","notes":"Friendly and quick"},
{"id":"10002","rater_nick":"seco","rated_nick":"AndrewNTH","created_at":"1335912775.89286","rating":"3","notes":"Loaned him several amounts of BTC: So far, he always kept the agreed maturity dates and amount of payback incl. always a VERY kind interest! Summing it up he has always been a kind, valuable and trustworthy person. We even did some other work together :-)"},
{"id":"10025","rater_nick":"smickles","rated_nick":"AndrewNTH","created_at":"1333062073.85528","rating":"1","notes":null},
{"id":"10046","rater_nick":"jine","rated_nick":"AndrewNTH","created_at":"1333143997.7253","rating":"1","notes":"Quick and easy transaction BTC for minecraft gift code, recommended."},
{"id":"10048","rater_nick":"cheebydi","rated_nick":"AndrewNTH","created_at":"1333147010.80791","rating":"1","notes":"Small PP --> BTC transaction"},
{"id":"10324","rater_nick":"guruvan","rated_nick":"AndrewNTH","created_at":"1334442222.34138","rating":"1","notes":"Quick to welcome and make a deal. Fast! small bought BTC for PPUSD"},
{"id":"10336","rater_nick":"bonks","rated_nick":"AndrewNTH","created_at":"1334479044.74182","rating":"1","notes":"Bought BTC via PPUSD. Quick and easy trade!"},
{"id":"10349","rater_nick":"ckshock","rated_nick":"AndrewNTH","created_at":"1334587769.22251","rating":"3","notes":"bought btc for pp"},
{"id":"10357","rater_nick":"awesomeo","rated_nick":"AndrewNTH","created_at":"1335444775.05282","rating":"1","notes":"Helped him out a couple of times, once for neteller to PP, the other BTC to PP."},
{"id":"10391","rater_nick":"bera","rated_nick":"AndrewNTH","created_at":"1334752182.53884","rating":"1","notes":"fast and easy exchange"},
{"id":"10720","rater_nick":"djabbour","rated_nick":"AndrewNTH","created_at":"1336033458.78105","rating":"1","notes":"Bought 3 BTC for PPUSD. Fast, would buy again."},
{"id":"12963","rater_nick":"bruzum","rated_nick":"AndrewNTH","created_at":"1343003240.55694","rating":"3","notes":"have lent him money several times and he always honors his agreements. if he has any problems\/is late with payment he always give heads up. would lend him 25-30+ btc without hesitation."},
{"id":"13369","rater_nick":"MoPac","rated_nick":"AndrewNTH","created_at":"1344272035.31501","rating":"1","notes":"Sent 15 GBP iTunes giftcard for BTC, reasonable and quick"},
{"id":"13376","rater_nick":"willphase","rated_nick":"AndrewNTH","created_at":"1344281056.62628","rating":"1","notes":"sold him BTC for GBP fast payment cheers"},
{"id":"13395","rater_nick":"ne0futur","rated_nick":"AndrewNTH","created_at":"1344355623.90032","rating":"1","notes":"first small transaction, PP for BTC"},
{"id":"14310","rater_nick":"aethero","rated_nick":"AndrewNTH","created_at":"1346650093.16039","rating":"1","notes":"CC -> BTC. Smooth transaction"},
{"id":"14341","rater_nick":"sturles","rated_nick":"AndrewNTH","created_at":"1346792907.98869","rating":"1","notes":"One PPUSD\/BTC transaction"},
{"id":"14378","rater_nick":"Rassah","rated_nick":"AndrewNTH","created_at":"1351786781.29992","rating":"2","notes":"Bought BTC for PPUSD. No issues, and very professional."},
{"id":"14379","rater_nick":"phrog","rated_nick":"AndrewNTH","created_at":"1347136450.92233","rating":"3","notes":"several fast small transactions"},
{"id":"14585","rater_nick":"tenakha","rated_nick":"AndrewNTH","created_at":"1351597573.40526","rating":"3","notes":"- done quite a few small trades with Andrew. Always delivers. Thanks for your business."},
{"id":"15511","rater_nick":"zapsoda","rated_nick":"AndrewNTH","created_at":"1349038833.28083","rating":"1","notes":"gave a small loan of .1BTC will update in 5 days"},
{"id":"16755","rater_nick":"Azelphur","rated_nick":"AndrewNTH","created_at":"1352295197.20448","rating":"1","notes":"Bought BTC from me via UK bank transfer"},
{"id":"17255","rater_nick":"AAP-","rated_nick":"AndrewNTH","created_at":"1352645762.53504","rating":"1","notes":"nice guy sold me 2 btc for a half-decent price, would do business with again."},
{"id":"20043","rater_nick":"tompaw","rated_nick":"AndrewNTH","created_at":"1359331478.46488","rating":"1","notes":"Bought 1 BTC with UK wire, no problems."},
{"id":"32622","rater_nick":"Sammey","rated_nick":"AndrewNTH","created_at":"1387164159.73464","rating":"-1","notes":"Do not trade with him - AndrewNTH, you have a squatter, please auth and PM me to have this removed. Don't forget to do: \/msg nickserv set ENFORCE ON"}
]
