[
{"id":"8413","rater_nick":"sonba","rated_nick":"andres","created_at":"1325267244.4553","rating":"4","notes":"two high volume transactions, all fine"},
{"id":"8416","rater_nick":"Mqrius","rated_nick":"andres","created_at":"1326294579.57073","rating":"5","notes":"Multiple high volume trades, no problems."},
{"id":"8423","rater_nick":"gigavps","rated_nick":"andres","created_at":"1326295243.15111","rating":"5","notes":"amesome trader"},
{"id":"8812","rater_nick":"novusordo","rated_nick":"andres","created_at":"1327631600.15674","rating":"2","notes":"did 2 trades, i sent first and he paid quickly"},
{"id":"9386","rater_nick":"ineededausername","rated_nick":"andres","created_at":"1330295849.65957","rating":"1","notes":"lent 100btc to me"},
{"id":"9399","rater_nick":"Keefe","rated_nick":"andres","created_at":"1330364319.23252","rating":"2","notes":null},
{"id":"9760","rater_nick":"occulta","rated_nick":"andres","created_at":"1331930654.5451","rating":"1","notes":null},
{"id":"9897","rater_nick":"easystevey","rated_nick":"andres","created_at":"1332447093.29284","rating":"1","notes":"BTC for Amazon GC exchange without problem"},
{"id":"10853","rater_nick":"MBS","rated_nick":"andres","created_at":"1336529250.01509","rating":"1","notes":"Sold him a gift card for BTC"},
{"id":"14832","rater_nick":"Dominguez89","rated_nick":"andres","created_at":"1347808126.63572","rating":"1","notes":"I sold Ukash, Gave First, Fast Payment"}
]
