[
{"id":"21279","rater_nick":"Immuzikation","rated_nick":"andrewm319","created_at":"1362754824.30724","rating":"1","notes":"My BTC for MP. Smooth!"},
{"id":"21727","rater_nick":"Ssateneth","rated_nick":"andrewm319","created_at":"1365036308.48778","rating":"2","notes":"I sold him BTC for his Moneypaks. Largeish 3-figure transaction."},
{"id":"27004","rater_nick":"dmzpkts","rated_nick":"andrewm319","created_at":"1372731644.02294","rating":"1","notes":"my btc for his MP, very smooth and friendly."},
{"id":"27137","rater_nick":"Phraust","rated_nick":"andrewm319","created_at":"1373138735.44443","rating":"1","notes":"Smooth trade, my BTC for his MP."},
{"id":"27187","rater_nick":"bigron21","rated_nick":"andrewm319","created_at":"1373306859.78933","rating":"1","notes":null},
{"id":"27290","rater_nick":"justblazeme","rated_nick":"andrewm319","created_at":"1373595966.97538","rating":"1","notes":"btc to moneypak exchange fast and smooth"},
{"id":"27974","rater_nick":"elchespirito","rated_nick":"andrewm319","created_at":"1374979199.67308","rating":"1","notes":"my btc for his paypal super nice pal"},
{"id":"28880","rater_nick":"DoctorBTC","rated_nick":"andrewm319","created_at":"1376330309.09622","rating":"1","notes":"His $500MP for my BTC. Quick and easy."}
]
