[
{"id":"297","rater_nick":"mndrix","rated_nick":"andrew12","created_at":"1297479764.51934","rating":"2","notes":null},
{"id":"334","rater_nick":"Keefe","rated_nick":"andrew12","created_at":"1296528668.83435","rating":"2","notes":null},
{"id":"456","rater_nick":"GarrettB","rated_nick":"andrew12","created_at":"1297308204.52492","rating":"1","notes":null},
{"id":"469","rater_nick":"daveparrish","rated_nick":"andrew12","created_at":"1297385922.89955","rating":"1","notes":null},
{"id":"471","rater_nick":"EvanR","rated_nick":"andrew12","created_at":"1297386418.35483","rating":"1","notes":null},
{"id":"740","rater_nick":"toffoo","rated_nick":"andrew12","created_at":"1300226820.80053","rating":"1","notes":null},
{"id":"3440","rater_nick":"acamus","rated_nick":"andrew12","created_at":"1306963429.81337","rating":"1","notes":null},
{"id":"17413","rater_nick":"GlooBoy","rated_nick":"andrew12","created_at":"1353011196.11276","rating":"1","notes":"sm BTC--->myPP"}
]
