[
{"id":"27942","rater_nick":"AusBitBank","rated_nick":"AndrewJackson","created_at":"1381906338.08175","rating":"5","notes":"Multiple trades - smooth every time"},
{"id":"27973","rater_nick":"BitHub","rated_nick":"AndrewJackson","created_at":"1374979127.81501","rating":"5","notes":"- done alot of trades\/business, very professional, recommended"},
{"id":"30820","rater_nick":"Darkarnium","rated_nick":"AndrewJackson","created_at":"1381272087.97474","rating":"1","notes":"Nice and easy :)"},
{"id":"31097","rater_nick":"wonderbread","rated_nick":"AndrewJackson","created_at":"1382542483.33464","rating":"1","notes":"Was happy to wait till the next day for the bank transfer to clear. Easy trade"},
{"id":"35972","rater_nick":"QG","rated_nick":"AndrewJackson","created_at":"1404724147.85179","rating":"5","notes":"Awesome!!"},
{"id":"36739","rater_nick":"zveda","rated_nick":"AndrewJackson","created_at":"1410885833.73768","rating":"5","notes":"Some sizeable (4 digit) trades. No problems at all."}
]
