[
{"id":"10833","rater_nick":"Someguy123","rated_nick":"anduck","created_at":"1336490923.27685","rating":"1","notes":"Traded 100LTC for 0.075 BTC, he sent first, smooth transaction"},
{"id":"11752","rater_nick":"LaoShanLong","rated_nick":"anduck","created_at":"1339789647.25975","rating":"1","notes":"8.37 PPUSD (after fees) for 1.3 BTC"},
{"id":"11754","rater_nick":"danieldaniel","rated_nick":"anduck","created_at":"1397079127.90244","rating":"1","notes":null},
{"id":"11759","rater_nick":"neferkahor","rated_nick":"anduck","created_at":"1339792570.34099","rating":"1","notes":"trades 0.3 BTC fast trade"},
{"id":"11819","rater_nick":"TuxBlackEdo","rated_nick":"anduck","created_at":"1339925099.07967","rating":"1","notes":"for trusting me in a little bitcoin game"},
{"id":"11930","rater_nick":"bulanula","rated_nick":"anduck","created_at":"1340219889.03103","rating":"-5","notes":"Randomly downrating users without having done any transactions with them ever. Has a problem with everybody. Lying about my transactions with others ( which is none of his business anyway )."},
{"id":"12033","rater_nick":"Michail1","rated_nick":"anduck","created_at":"1340555083.39286","rating":"1","notes":"Sold BTC for PP. Hope it pays off. :)"},
{"id":"12050","rater_nick":"Luceo","rated_nick":"anduck","created_at":"1340573764.01598","rating":"1","notes":"Bought 2 lottery tickets off me"},
{"id":"12075","rater_nick":"MysteryBanshee","rated_nick":"anduck","created_at":"1340658075.38855","rating":"1","notes":"Traded 10PPusd for 1 BTC"},
{"id":"12112","rater_nick":"MBS","rated_nick":"anduck","created_at":"1380750953.38563","rating":"6","notes":"Have shipped him large orders several times"},
{"id":"12202","rater_nick":"DingoRabiit","rated_nick":"anduck","created_at":"1341007359.85102","rating":"1","notes":"never seen him before, But he was nice, great trade"},
{"id":"12220","rater_nick":"occulta","rated_nick":"anduck","created_at":"1341097763.13949","rating":"1","notes":"Strange auction win, lol :)"},
{"id":"12223","rater_nick":"aethero","rated_nick":"anduck","created_at":"1341098293.14568","rating":"1","notes":"bought amazon gc from him. Sooth and nice, even if he did snatch it out from under me :)"},
{"id":"12233","rater_nick":"ocminer","rated_nick":"anduck","created_at":"1341160537.82582","rating":"1","notes":"quick and easy ppusd trade, he sent first, everything cool"},
{"id":"12260","rater_nick":"Usagi","rated_nick":"anduck","created_at":"1341242711.29131","rating":"2","notes":"good business, thanks"},
{"id":"12291","rater_nick":"Trake","rated_nick":"anduck","created_at":"1341314901.57991","rating":"1","notes":"Easy and simple. Bought BTC via PayPal."},
{"id":"12306","rater_nick":"traf04","rated_nick":"anduck","created_at":"1341323743.58061","rating":"1","notes":"BTC\/PPUSD Smooth and quick without problems"},
{"id":"12452","rater_nick":"GlooBoy","rated_nick":"anduck","created_at":"1413928888.57293","rating":"5","notes":"Doing what needs to be done. Thx for the help with that coding."},
{"id":"13207","rater_nick":"midnightmagic","rated_nick":"anduck","created_at":"1378254979.86243","rating":"2","notes":"thanks for the irc logs, much obliged"},
{"id":"13232","rater_nick":"arij","rated_nick":"anduck","created_at":"1343759249.18297","rating":"1","notes":"Loaned me 1 BTC"},
{"id":"13740","rater_nick":"jcpham","rated_nick":"anduck","created_at":"1387050904.26382","rating":"4","notes":null},
{"id":"13800","rater_nick":"AnonX","rated_nick":"anduck","created_at":"1352320590.7917","rating":"2","notes":"Did some transfers together (he sent first always) and loaned me 5btc which I promptly paid back"},
{"id":"13926","rater_nick":"starsoccer","rated_nick":"anduck","created_at":"1452279266.50714","rating":"7","notes":"moderator and very trustworthy user"},
{"id":"14093","rater_nick":"bitfoo","rated_nick":"anduck","created_at":"1346017607.63316","rating":"1","notes":"Played monopoly. :)"},
{"id":"14128","rater_nick":"kakobrekla","rated_nick":"anduck","created_at":"1419285912.05839","rating":"-5","notes":"idiot. does not understand how bitcoin works."},
{"id":"14915","rater_nick":"pochiraccoon","rated_nick":"anduck","created_at":"1347995609.07454","rating":"1","notes":"played monopoly for btc, won and got paid"},
{"id":"15792","rater_nick":"OgNasty","rated_nick":"anduck","created_at":"1349561648.46266","rating":"1","notes":"#bitcoin-monopoly"},
{"id":"16275","rater_nick":"lucidlepidoptera","rated_nick":"anduck","created_at":"1353044894.64603","rating":"2","notes":"multiple bitpantry orders, nice guy!"},
{"id":"16449","rater_nick":"beefsock","rated_nick":"anduck","created_at":"1355092983.08764","rating":"2","notes":"Third transaction for graphic work. Reliable and trusted."},
{"id":"16650","rater_nick":"coyotte508","rated_nick":"anduck","created_at":"1351438424.47979","rating":"1","notes":"sold 1 btc to him through paypal"},
{"id":"17004","rater_nick":"Framedragger","rated_nick":"anduck","created_at":"1352222568.97817","rating":"1","notes":"He trusted me by accepting PPUSD for coins, I trusted him by sending first, good person to do trades with, thanks!"},
{"id":"17055","rater_nick":"dcash","rated_nick":"anduck","created_at":"1352296840.50104","rating":"1","notes":"quick transaction"},
{"id":"17994","rater_nick":"Shrugged","rated_nick":"anduck","created_at":"1354054629.97448","rating":"1","notes":"Honest trader. Easy to communicate with."},
{"id":"18316","rater_nick":"noitev","rated_nick":"anduck","created_at":"1429614700.87373","rating":"2","notes":"ultra fast pp transaction. thanks!"},
{"id":"19028","rater_nick":"Kelticfox","rated_nick":"anduck","created_at":"1422114393.56043","rating":"4","notes":"Artisan coffee for Bitcoin and a Linux guru to boot!"},
{"id":"19055","rater_nick":"zapsoda","rated_nick":"anduck","created_at":"1356542733.01649","rating":"5","notes":"trusted user."},
{"id":"19474","rater_nick":"episking-","rated_nick":"anduck","created_at":"1357593460.49665","rating":"1","notes":"loaned me 0.0172275 BTC. Thanks!"},
{"id":"19600","rater_nick":"hattorihanzo","rated_nick":"anduck","created_at":"1358029739.80812","rating":"1","notes":"sold btc for his pp"},
{"id":"20128","rater_nick":"goldenteacher","rated_nick":"anduck","created_at":"1359538858.47369","rating":"1","notes":null},
{"id":"20376","rater_nick":"BitHub","rated_nick":"anduck","created_at":"1360414493.30914","rating":"1","notes":"- nice and smooth transaction."},
{"id":"21084","rater_nick":"uw","rated_nick":"anduck","created_at":"1380751201.26487","rating":"6","notes":"Another successful transaction. Valued member of the community here!"},
{"id":"21894","rater_nick":"blackflash86","rated_nick":"anduck","created_at":"1364147813.97307","rating":"2","notes":"his btc for my 1 month xbox live gold"},
{"id":"24931","rater_nick":"zinodaur","rated_nick":"anduck","created_at":"1367672938.36961","rating":"1","notes":"Did logo for him for BTC: BitcoinCat."},
{"id":"27019","rater_nick":"serp","rated_nick":"anduck","created_at":"1372780602.09514","rating":"1","notes":"Bought physical coins. Thanks!"},
{"id":"27182","rater_nick":"rg","rated_nick":"anduck","created_at":"1435784336.05756","rating":"3","notes":"old BTC geezer"},
{"id":"27832","rater_nick":"bock","rated_nick":"anduck","created_at":"1374593262.40909","rating":"1","notes":"stood his ground against a newb who didn't understand the rating system"},
{"id":"27891","rater_nick":"isokivi","rated_nick":"anduck","created_at":"1374753992.63851","rating":"1","notes":"Sold him a motherboard F2F"},
{"id":"28413","rater_nick":"tyra8","rated_nick":"anduck","created_at":"1375733385.98175","rating":"-10","notes":"don't trust this fool with your money, used to be trustworthy! not anymore"},
{"id":"28423","rater_nick":"Myans","rated_nick":"anduck","created_at":"1375733547.31203","rating":"-10","notes":"stole my money"},
{"id":"28424","rater_nick":"jumboshrimpp","rated_nick":"anduck","created_at":"1375733659.6518","rating":"-10","notes":"owes me $$"},
{"id":"28425","rater_nick":"hppiw","rated_nick":"anduck","created_at":"1375733709.35012","rating":"-10","notes":"stole my MONEYPAK, FUCK YOU!"},
{"id":"28426","rater_nick":"jdmwd","rated_nick":"anduck","created_at":"1375733799.49632","rating":"-10","notes":"STOLE MY PAYPAL, got my paypal shut down.... DO NOT TRADE!!!"},
{"id":"28427","rater_nick":"unclerobertt","rated_nick":"anduck","created_at":"1375733855.71448","rating":"-10","notes":"stole my bitcoins, thief, scum,"},
{"id":"28428","rater_nick":"rockyjohn","rated_nick":"anduck","created_at":"1375733910.59863","rating":"-10","notes":"scumbag decided not to pay for his investment. don't trust with your $$"},
{"id":"28430","rater_nick":"dabble","rated_nick":"anduck","created_at":"1375735458.13351","rating":"10","notes":"scammer offset rating"},
{"id":"28439","rater_nick":"yonkers0","rated_nick":"anduck","created_at":"1375735837.16156","rating":"-10","notes":"scammer"},
{"id":"29554","rater_nick":"nanotube","rated_nick":"anduck","created_at":"1376689917.76048","rating":"1","notes":null},
{"id":"30390","rater_nick":"LobsterMan","rated_nick":"anduck","created_at":"1450222255.28497","rating":"9","notes":"my ppusd for their btc, smooth transactions; have conducted many trades"},
{"id":"30924","rater_nick":"Blazed","rated_nick":"anduck","created_at":"1415226809.60435","rating":"4","notes":"several trades now...always Smooth\u2122"},
{"id":"31043","rater_nick":"TheLordOfTime","rated_nick":"anduck","created_at":"1426113216.01769","rating":"2","notes":"two small trades, my ppusd, their btc. Smooth, quick transaction, good trader."},
{"id":"31269","rater_nick":"inyuki","rated_nick":"anduck","created_at":"1383259566.28238","rating":"2","notes":"One PPUSD trade, and nice conversation :) Kiitos!"},
{"id":"31290","rater_nick":"tweeeaks","rated_nick":"anduck","created_at":"1383419450.7423","rating":"1","notes":"likes to roll some dice!"},
{"id":"31293","rater_nick":"Scrat","rated_nick":"anduck","created_at":"1383429254.98437","rating":"1","notes":"kaksoispiste"},
{"id":"31395","rater_nick":"nubbins`","rated_nick":"anduck","created_at":"1416057078.8935","rating":"2","notes":"wiser"},
{"id":"31619","rater_nick":"BigBitz","rated_nick":"anduck","created_at":"1404814105.46188","rating":"3","notes":"some deals always good."},
{"id":"31779","rater_nick":"markus","rated_nick":"anduck","created_at":"1410895881.78419","rating":"2","notes":"my pp for his btc; faithfully ran the raffle; my ssl-cert for his btc"},
{"id":"32566","rater_nick":"Apocalyptic","rated_nick":"anduck","created_at":"1387021319.58324","rating":"1","notes":"Good guy"},
{"id":"32634","rater_nick":"toronto","rated_nick":"anduck","created_at":"1387180791.7929","rating":"-10","notes":"PIECE OF FUCKING DOG SHIT SCAMMER!!!!!!!!!!!!!!!!!!!!!!!!!!!!!!!!!!!!!!!!!!!!!!!!! FUCK THE OPSPIECE OF FUCKING DOG SHIT SCAMMER!!!!!!!!!!!!!!!!!!!!!!!!!!!!!!!!!!!!!!!!!!!!!!!!! FUCK THE OPSPIECE OF FUCKING DOG SHIT SCAMMER!!!!!!!!!!!!!!!!!!!!!!!!!!!!!!!!!!!!!!!!!!!!!!!!! FUCK THE OPSPIECE OF FUCKING DOG SHIT SCAMMER!!!!!!!!!!!!!!!!!!!!!!!!!!!!!!!!!!!!!!!!!!!!!!!!! FUCK THE OPS"},
{"id":"32637","rater_nick":"chieff","rated_nick":"anduck","created_at":"1387180905.34946","rating":"-10","notes":"PIECE OF FUCKING DOG SHIT SCAMMER!!!!!!!!!!!!!!!!!!!!!!!!!!!!!!!!!!!!!!!!!!!!!!!!! FUCK THE OPSPIECE OF FUCKING DOG SHIT SCAMMER!!!!!!!!!!!!!!!!!!!!!!!!!!!!!!!!!!!!!!!!!!!!!!!!! FUCK THE OPSPIECE OF FUCKING DOG SHIT SCAMMER!!!!!!!!!!!!!!!!!!!!!!!!!!!!!!!!!!!!!!!!!!!!!!!!! FUCK THE OPSPIECE OF FUCKING DOG SHIT SCAMMER!!!!!!!!!!!!!!!!!!!!!!!!!!!!!!!!!!!!!!!!!!!!!!!!! FUCK THE OPS"},
{"id":"32639","rater_nick":"robocope","rated_nick":"anduck","created_at":"1387180985.57313","rating":"-10","notes":"PIECE OF FUCKING DOG SHIT SCAMMER!!!!!!!!!!!!!!!!!!!!!!!!!!!!!!!!!!!!!!!!!!!!!!!!! FUCK THE OPSPIECE OF FUCKING DOG SHIT SCAMMER!!!!!!!!!!!!!!!!!!!!!!!!!!!!!!!!!!!!!!!!!!!!!!!!! FUCK THE OPSPIECE OF FUCKING DOG SHIT SCAMMER!!!!!!!!!!!!!!!!!!!!!!!!!!!!!!!!!!!!!!!!!!!!!!!!! FUCK THE OPSPIECE OF FUCKING DOG SHIT SCAMMER!!!!!!!!!!!!!!!!!!!!!!!!!!!!!!!!!!!!!!!!!!!!!!!!! FUCK THE OPS"},
{"id":"32665","rater_nick":"fktheops","rated_nick":"anduck","created_at":"1387181936.93298","rating":"-10","notes":"PIECE OF FUCKING DOG SHIT SCAMMER!!!!!!!!!!!!!!!!!!!!!!!!!!!!!!!!!!!!!!!!!!!!!!!!! FUCK THE OPSPIECE OF FUCKING DOG SHIT SCAMMER!!!!!!!!!!!!!!!!!!!!!!!!!!!!!!!!!!!!!!!!!!!!!!!!! FUCK THE OPSPIECE OF FUCKING DOG SHIT SCAMMER!!!!!!!!!!!!!!!!!!!!!!!!!!!!!!!!!!!!!!!!!!!!!!!!! FUCK THE OPSPIECE OF FUCKING DOG SHIT SCAMMER!!!!!!!!!!!!!!!!!!!!!!!!!!!!!!!!!!!!!!!!!!!!!!!!! FUCK THE OPS"},
{"id":"32671","rater_nick":"ASAPCA","rated_nick":"anduck","created_at":"1387182368.09149","rating":"-10","notes":"PIECE OF FUCKING DOG SHIT SCAMMER!!!!!!!!!!!!!!!!!!!!!!!!!!!!!!!!!!!!!!!!!!!!!!!!! FUCK THE OPSPIECE OF FUCKING DOG SHIT SCAMMER!!!!!!!!!!!!!!!!!!!!!!!!!!!!!!!!!!!!!!!!!!!!!!!!! FUCK THE OPSPIECE OF FUCKING DOG SHIT SCAMMER!!!!!!!!!!!!!!!!!!!!!!!!!!!!!!!!!!!!!!!!!!!!!!!!! FUCK THE OPSPIECE OF FUCKING DOG SHIT SCAMMER!!!!!!!!!!!!!!!!!!!!!!!!!!!!!!!!!!!!!!!!!!!!!!!!! FUCK THE OPS"},
{"id":"32678","rater_nick":"KINGLILJAYYYYYYY","rated_nick":"anduck","created_at":"1387182674.44526","rating":"-10","notes":"PIECE OF FUCKING DOG SHIT SCAMMER!!!!!!!!!!!!!!!!!!!!!!!!!!!!!!!!!!!!!!!!!!!!!!!!! FUCK THE OPSPIECE OF FUCKING DOG SHIT SCAMMER!!!!!!!!!!!!!!!!!!!!!!!!!!!!!!!!!!!!!!!!!!!!!!!!! FUCK THE OPSPIECE OF FUCKING DOG SHIT SCAMMER!!!!!!!!!!!!!!!!!!!!!!!!!!!!!!!!!!!!!!!!!!!!!!!!! FUCK THE OPSPIECE OF FUCKING DOG SHIT SCAMMER!!!!!!!!!!!!!!!!!!!!!!!!!!!!!!!!!!!!!!!!!!!!!!!!! FUCK THE OPS"},
{"id":"32687","rater_nick":"BDKBDK","rated_nick":"anduck","created_at":"1387182858.92378","rating":"-10","notes":"PIECE OF FUCKING DOG SHIT SCAMMER!!!!!!!!!!!!!!!!!!!!!!!!!!!!!!!!!!!!!!!!!!!!!!!!! FUCK THE OPSPIECE OF FUCKING DOG SHIT SCAMMER!!!!!!!!!!!!!!!!!!!!!!!!!!!!!!!!!!!!!!!!!!!!!!!!! FUCK THE OPSPIECE OF FUCKING DOG SHIT SCAMMER!!!!!!!!!!!!!!!!!!!!!!!!!!!!!!!!!!!!!!!!!!!!!!!!! FUCK THE OPSPIECE OF FUCKING DOG SHIT SCAMMER!!!!!!!!!!!!!!!!!!!!!!!!!!!!!!!!!!!!!!!!!!!!!!!!! FUCK THE OPS"},
{"id":"32842","rater_nick":"mayhem666","rated_nick":"anduck","created_at":"1387764067.5532","rating":"-10","notes":"bitch"},
{"id":"33096","rater_nick":"rustyn","rated_nick":"anduck","created_at":"1389046599.71968","rating":"1","notes":"pleasant guy, used my gift card for btc\/ltc\/ppc service"},
{"id":"33505","rater_nick":"bliljerk101","rated_nick":"anduck","created_at":"1391211175.46039","rating":"1","notes":"Sent him BTC to make a PayPal donation to charity on my behalf & adopt a monkey xD No problems at all, he delivered first"},
{"id":"33794","rater_nick":"Rozal","rated_nick":"anduck","created_at":"1415058631.16368","rating":"2","notes":"Multiple trades, very smooth. Thanks aain"},
{"id":"33916","rater_nick":"stqism","rated_nick":"anduck","created_at":"1419076983.37455","rating":"1","notes":"Smooth as buttermilk squash trade"},
{"id":"34150","rater_nick":"projectshifter","rated_nick":"anduck","created_at":"1429915311.01153","rating":"5","notes":"quick btc for my ppusd numerous times, thanks again"},
{"id":"34199","rater_nick":"Latrina","rated_nick":"anduck","created_at":"1425059421.24145","rating":"5","notes":"bought \u20ac85 worth BTC from him and he was kind enough to send the BTC before he received the SEPA"},
{"id":"34317","rater_nick":"Ex0deus","rated_nick":"anduck","created_at":"1399500477.91285","rating":"2","notes":"BTC => PPUSD | Longtime OTC Member. | SMITER of TROLLS!"},
{"id":"34414","rater_nick":"linovo","rated_nick":"anduck","created_at":"1396460510.86746","rating":"-10","notes":"SCAMMER!! BEWARE"},
{"id":"34437","rater_nick":"alpha1131","rated_nick":"anduck","created_at":"1396616038.69007","rating":"1","notes":"my PPusd for btc. ducky mcduck"},
{"id":"34608","rater_nick":"danielpbarron","rated_nick":"anduck","created_at":"1419290867.73969","rating":"-3","notes":"http:\/\/log.bitcoin-assets.com\/?date=22-12-2014#958897"},
{"id":"35106","rater_nick":"cgcardona","rated_nick":"anduck","created_at":"1399131334.04177","rating":"1","notes":"unrated me in the wot when my nick was squatted on by a spammer"},
{"id":"35450","rater_nick":"kingdom","rated_nick":"anduck","created_at":"1492702029.90578","rating":"5","notes":"Multiple deals over multiple years, ordered him a physical item, bought me Steam games for BTC. Mutliple BTC <-> PP txs which have always been very Smooth"},
{"id":"35576","rater_nick":"peezr","rated_nick":"anduck","created_at":"1402262802.94337","rating":"1","notes":"My BTC for his PPUSD ($xxx), quick and professional (he sent first)."},
{"id":"35773","rater_nick":"csm","rated_nick":"anduck","created_at":"1406644647.10754","rating":"3","notes":"triple digit sale of BTC via SEPA"},
{"id":"36103","rater_nick":"aegis","rated_nick":"anduck","created_at":"1460220997.34649","rating":"1","notes":"Helped me with Electrum server setup."},
{"id":"36260","rater_nick":"D-Dimer","rated_nick":"anduck","created_at":"1407182727.55338","rating":"1","notes":"Proffesional escrow agent. Would def do business again."},
{"id":"36265","rater_nick":"RainMan28","rated_nick":"anduck","created_at":"1407251852.79304","rating":"1","notes":"Acted as escrow agent for a deal -- very professional!"},
{"id":"37119","rater_nick":"joecool","rated_nick":"anduck","created_at":"1439490686.4031","rating":"1","notes":"did PP for BTC, smooth. https:\/\/www.youtube.com\/watch?v=LKYDGZJvxBI"},
{"id":"37224","rater_nick":"mircea_popescu","rated_nick":"anduck","created_at":"1417111352.49728","rating":"-1","notes":"random idiot, keeps waking up talking."},
{"id":"37282","rater_nick":"felipelalli","rated_nick":"anduck","created_at":"1418164142.47603","rating":"1","notes":"Neteller transfer, thank you!"},
{"id":"37303","rater_nick":"cryptonight","rated_nick":"anduck","created_at":"1418520486.55217","rating":"2","notes":"smooth btc\/pp exch"},
{"id":"37309","rater_nick":"rotarydialer","rated_nick":"anduck","created_at":"1418779960.37744","rating":"1","notes":"his btc for my xrp. a ripple-roaring good time!"},
{"id":"37320","rater_nick":"yang","rated_nick":"anduck","created_at":"1419198075.66991","rating":"1","notes":"My PPEUR for BTC"},
{"id":"37323","rater_nick":"punkman","rated_nick":"anduck","created_at":"1419291137.41826","rating":"-1","notes":"for the purpose of #bitcoin-assets devoicing"},
{"id":"37324","rater_nick":"mike_c","rated_nick":"anduck","created_at":"1419291367.81462","rating":"-1","notes":"spam-trolling. http:\/\/log.bitcoin-assets.com\/?date=22-12-2014#958754"},
{"id":"37325","rater_nick":"trinque","rated_nick":"anduck","created_at":"1419291575.33566","rating":"-3","notes":"does not understand what zero means"},
{"id":"37338","rater_nick":"b1tninja","rated_nick":"anduck","created_at":"1419441878.24688","rating":"2","notes":"my btc for his ppusd, trustworthy"},
{"id":"37381","rater_nick":"lewis713","rated_nick":"anduck","created_at":"1419970395.71178","rating":"2","notes":"bought his btc for paypal, triple digits, thanks."},
{"id":"37472","rater_nick":"Xerxes32","rated_nick":"anduck","created_at":"1421715129.35438","rating":"1","notes":"Amzn gift card for btc, smooth and fast."},
{"id":"37497","rater_nick":"congregate","rated_nick":"anduck","created_at":"1422284679.28877","rating":"1","notes":"Their BTC for PPUSD, great trade!"},
{"id":"37563","rater_nick":"JyZyXEL","rated_nick":"anduck","created_at":"1424027155.31804","rating":"1","notes":"bought BTC via instant bank transfer, very fast and smooth transaction"},
{"id":"37614","rater_nick":"nkuttler","rated_nick":"anduck","created_at":"1425059005.99488","rating":"1","notes":"because why not"},
{"id":"37658","rater_nick":"Newyorkadam","rated_nick":"anduck","created_at":"1427045301.64442","rating":"1","notes":"helped me clarify some things on a mining guide i\u2019m writing"},
{"id":"37707","rater_nick":"Chillum","rated_nick":"anduck","created_at":"1456075408.99644","rating":"2","notes":"Multiple trades, my BTC for their PPUSD, everything went fine"},
{"id":"37740","rater_nick":"austeritysucks","rated_nick":"anduck","created_at":"1429916506.75442","rating":"1","notes":"bought btc with neteller"},
{"id":"37762","rater_nick":"opticbit","rated_nick":"anduck","created_at":"1430864674.28406","rating":"1","notes":null},
{"id":"37840","rater_nick":"belcher","rated_nick":"anduck","created_at":"1431651556.15141","rating":"2","notes":"contributed code to joinmarket and iv talked with him sometimes"},
{"id":"37919","rater_nick":"cluelessperson","rated_nick":"anduck","created_at":"1433451468.42972","rating":"1","notes":"My computer equipment for his BTC. ($XXX)"},
{"id":"37924","rater_nick":"tompaw","rated_nick":"anduck","created_at":"1433689677.39369","rating":"1","notes":"My PPUSD for his BTC, smooth."},
{"id":"37928","rater_nick":"letuslook","rated_nick":"anduck","created_at":"1433695593.67757","rating":"10","notes":null},
{"id":"37941","rater_nick":"chmod755","rated_nick":"anduck","created_at":"1450281272.16405","rating":"3","notes":"reminder: bet on Cusipzzz v rithm (I win if Cusipzzz wins)"},
{"id":"37958","rater_nick":"melonstorm","rated_nick":"anduck","created_at":"1435516566.68997","rating":"1","notes":"small BTC to PP transaction"},
{"id":"37967","rater_nick":"Ziggs","rated_nick":"anduck","created_at":"1439838444.19394","rating":"2","notes":"btc <-> ppusd trade, very fast, no problems"},
{"id":"37972","rater_nick":"nezZario3","rated_nick":"anduck","created_at":"1436819198.84624","rating":"1","notes":"My PPUSD for his BTC. One of the fastest txn's I've ever done. Thanks."},
{"id":"37976","rater_nick":"pyroarchy","rated_nick":"anduck","created_at":"1436900586.02816","rating":"1","notes":"my pp for his btc, easy and fast"},
{"id":"37997","rater_nick":"nkr","rated_nick":"anduck","created_at":"1437418968.79928","rating":"2","notes":"great trader"},
{"id":"38015","rater_nick":"illu","rated_nick":"anduck","created_at":"1467579171.97649","rating":"2","notes":"several deals (silver +pp)"},
{"id":"38018","rater_nick":"ne0futur","rated_nick":"anduck","created_at":"1438360542.54127","rating":"2","notes":"only one tx but trusted oldtimer"},
{"id":"38045","rater_nick":"c4pt","rated_nick":"anduck","created_at":"1439484837.08812","rating":"1","notes":"his btc for my ppusd smooth trade"},
{"id":"38077","rater_nick":"talisman","rated_nick":"anduck","created_at":"1453317205.10817","rating":"2","notes":"great trade - my pp for his btc - small trade"},
{"id":"38127","rater_nick":"wahbaduck","rated_nick":"anduck","created_at":"1447987284.83841","rating":"2","notes":"my ppusd for their btc, smooth"},
{"id":"38195","rater_nick":"grubles","rated_nick":"anduck","created_at":"1450902093.34063","rating":"1","notes":"he received my pp"},
{"id":"38218","rater_nick":"sw0rdfish","rated_nick":"anduck","created_at":"1453146371.51935","rating":"5","notes":"great and speedy btc purchase!"},
{"id":"38254","rater_nick":"cory","rated_nick":"anduck","created_at":"1454637617.29055","rating":"1","notes":null},
{"id":"38318","rater_nick":"diatonic","rated_nick":"anduck","created_at":"1459641590.42307","rating":"2","notes":"My PPUSD for his BTC. Quick & easy."},
{"id":"38338","rater_nick":"ageis","rated_nick":"anduck","created_at":"1461788891.01619","rating":"1","notes":"traded my PPUSD for his BTC. fast and easy"},
{"id":"38372","rater_nick":"riclas","rated_nick":"anduck","created_at":"1464718464.29983","rating":"1","notes":"fast loan"},
{"id":"38429","rater_nick":"pigeons","rated_nick":"anduck","created_at":"1471265622.39838","rating":"1","notes":"good otc'er"},
{"id":"38569","rater_nick":"TheButterZone","rated_nick":"anduck","created_at":"1494960001.10051","rating":"-1","notes":"Repeated libel by calling my offer scammish despite my making it clear in my ad https:\/\/bitcointalk.org\/index.php?topic=1913090.0 that it's tied to ATH"},
{"id":"38577","rater_nick":"bigbadjudas","rated_nick":"anduck","created_at":"1496509933.56805","rating":"1","notes":"His BTC for my PP, Smooth as a babies bottom"}
]
