[
{"id":"9315","rater_nick":"smickles","rated_nick":"andyg719","created_at":"1330013237.82769","rating":"1","notes":"sent first, all good on my end :D"},
{"id":"10050","rater_nick":"Shibofu","rated_nick":"andyg719","created_at":"1333152600.08075","rating":"1","notes":"Smooth and fast transaction BTC to PPUSD. awesome dude."},
{"id":"11719","rater_nick":"GlooBoy","rated_nick":"andyg719","created_at":"1339646086.57559","rating":"2","notes":"Multi- BTC -4-> MP. Thanks for the Trust"},
{"id":"12046","rater_nick":"Eirini","rated_nick":"andyg719","created_at":"1340571847.31061","rating":"1","notes":"Fast and communicative. Sent first which for someone paranoid about losing my hard earned money was NICE. Would trade with again!"}
]
