[
{"id":"23781","rater_nick":"wijman","rated_nick":"andyfletcher","created_at":"1365861237.79955","rating":"1","notes":"Bought more BTC, gotta love good repeat customers ;)"},
{"id":"23835","rater_nick":"englishgent","rated_nick":"andyfletcher","created_at":"1365861643.84339","rating":"1","notes":"Sold him 1 BTC, fast transaction, good buyer"},
{"id":"23856","rater_nick":"nastypoker","rated_nick":"andyfletcher","created_at":"1365884926.27101","rating":"1","notes":"SUPER FAST PAYMENT!"},
{"id":"23920","rater_nick":"dodgyjammer","rated_nick":"andyfletcher","created_at":"1365956665.38572","rating":"1","notes":"one large transaction, quick and smooth"},
{"id":"23988","rater_nick":"LocalBitcoins","rated_nick":"andyfletcher","created_at":"1377251202.74476","rating":"1","notes":"Has 100% feedback score on LocalBitcoins.com with 20 confirmed trades. See: https:\/\/localbitcoins.com\/p\/andyf\/"},
{"id":"26167","rater_nick":"dabble","rated_nick":"andyfletcher","created_at":"1370609311.22968","rating":"2","notes":"I bought 10BTC via UKBT, thanks :)"},
{"id":"26173","rater_nick":"ABW1","rated_nick":"andyfletcher","created_at":"1370635383.33706","rating":"1","notes":"Fast, quick transaction through PayPal. My first ever bit coin! Thank you so much :)"},
{"id":"26308","rater_nick":"Tabaza","rated_nick":"andyfletcher","created_at":"1370980113.14051","rating":"4","notes":"Another easy transaction, verified ID, Excellent buddy"},
{"id":"26309","rater_nick":"designdream","rated_nick":"andyfletcher","created_at":"1370980138.00834","rating":"2","notes":"UK wire. Tripple digit. Thank you!"}
]
