[
{"id":"20910","rater_nick":"MassacreMathew","rated_nick":"AngryMiner","created_at":"1362087992.1782","rating":"8","notes":"Sold Me 11 BTC for CAD Interac Bank Transfer, Will be back, very trustworthy"},
{"id":"20913","rater_nick":"FreeTheSystem","rated_nick":"AngryMiner","created_at":"1362083749.86219","rating":"10","notes":"Sold Me 12 BTC Via Interac, Very Trusted and Fast Thanks"},
{"id":"20915","rater_nick":"AaronCoin","rated_nick":"AngryMiner","created_at":"1362084496.69507","rating":"10","notes":"Sold Me 23 BitCoins for Interac, Trusted Seller"},
{"id":"20917","rater_nick":"TheButterZone","rated_nick":"AngryMiner","created_at":"1362089038.69452","rating":"-10","notes":"His shills: http:\/\/otc.armed.us\/otc\/?*@*173.0.*"},
{"id":"20923","rater_nick":"InterMan","rated_nick":"AngryMiner","created_at":"1362088298.47419","rating":"8","notes":"Sold Me 5 BTC for Interac, wonderful l guy thanks"},
{"id":"20925","rater_nick":"ASICMiner11","rated_nick":"AngryMiner","created_at":"1362088561.87952","rating":"1","notes":"First time dealing with him.Fast quick transaction via Interac Banking.Highly Recommended"},
{"id":"20933","rater_nick":"PabloElMexico","rated_nick":"AngryMiner","created_at":"1362089217.88796","rating":"8","notes":"Transaction.Fast incre\u00edble y r\u00e1pido, estar\u00e1 de regreso, mi ir al chico, pagadas a trav\u00e9s de Interac, muchas gracias se\u00f1or"},
{"id":"20981","rater_nick":"FredsGotSlacks","rated_nick":"AngryMiner","created_at":"1362177445.93588","rating":"8","notes":"Perfect Transaction and fast,Sold To Me 87 BTC for Interac CAD E Transfer, smooth transaction and will be back guy"},
{"id":"20985","rater_nick":"DoABumpToday","rated_nick":"AngryMiner","created_at":"1362177943.49774","rating":"10","notes":"Fastest Interac Transfer! Sold Me 13 BitCoins for spotprice thanks"},
{"id":"20989","rater_nick":"SeriaNeedsBTC","rated_nick":"AngryMiner","created_at":"1362178317.33422","rating":"8","notes":"Will for sure do all my Interac Transfers with this guy, trusted and sold me 9 BTC for MTGOX price"},
{"id":"20992","rater_nick":"ShadowYetBright","rated_nick":"AngryMiner","created_at":"1362178598.25486","rating":"8","notes":"sent me bitcoins within minutes! very good price and easy to work with"},
{"id":"20995","rater_nick":"LSDISLIFE","rated_nick":"AngryMiner","created_at":"1362178851.35319","rating":"8","notes":"Fast BTC thanks for the coins, will deal with again for sure, Regards"},
{"id":"21001","rater_nick":"DMTgalaxy","rated_nick":"AngryMiner","created_at":"1362179326.15984","rating":"10","notes":"FASTEST BTC EVER TO MY MTGOX ACCOUNT thanks, will deal with you for all my interac transfers, very trustworthy"},
{"id":"21006","rater_nick":"DefyAllFeds","rated_nick":"AngryMiner","created_at":"1362180677.56316","rating":"10","notes":"WOW just WOW, Super fast Interac transfer, love you man, will for sure deal with you again"},
{"id":"21010","rater_nick":"swagerinthehat","rated_nick":"AngryMiner","created_at":"1362181048.94054","rating":"8","notes":"first time and love this guy, responds fast ,sends even faster.cant complain"},
{"id":"25345","rater_nick":"SystemDisc","rated_nick":"AngryMiner","created_at":"1368557520.58782","rating":"-1","notes":"possible scammer (attempted to buy BTC out of channel - it's possible they were being impersonated)"}
]
