[
{"id":"1096","rater_nick":"toffoo","rated_nick":"aninoni","created_at":"1302995384.62134","rating":"1","notes":"has U.S. verified paypal account"},
{"id":"1586","rater_nick":"nullp","rated_nick":"aninoni","created_at":"1304299132.93428","rating":"1","notes":"fast transaction"},
{"id":"1587","rater_nick":"JWU42","rated_nick":"aninoni","created_at":"1304299847.2703","rating":"1","notes":"Thanks for the purchase!"},
{"id":"1734","rater_nick":"BitMark","rated_nick":"aninoni","created_at":"1304476730.2378","rating":"1","notes":null},
{"id":"2079","rater_nick":"EvanR","rated_nick":"aninoni","created_at":"1305001934.92642","rating":"1","notes":null},
{"id":"2433","rater_nick":"gwillen","rated_nick":"aninoni","created_at":"1305432914.12515","rating":"1","notes":"bought with ppusd, no problems :-)"},
{"id":"16960","rater_nick":"techmrw","rated_nick":"aninoni","created_at":"1352157116.16712","rating":"-1","notes":"WARNING: Nick squatter is using this identity. This person is NOT who he claims to be. Don't get scammed. I will remove this rating if you identify, enforce and auth to gribble."}
]
