[
{"id":"2002","rater_nick":"dinox","rated_nick":"AnonX","created_at":"1304880507.81628","rating":"2","notes":"fast payment, no bs"},
{"id":"2028","rater_nick":"EvanR","rated_nick":"AnonX","created_at":"1304914494.3453","rating":"1","notes":null},
{"id":"4491","rater_nick":"topace","rated_nick":"AnonX","created_at":"1307572789.93999","rating":"1","notes":null},
{"id":"4507","rater_nick":"Compn","rated_nick":"AnonX","created_at":"1307579437.25009","rating":"2","notes":"friendly, great communication and fast payment, will do business with again. A++"},
{"id":"4518","rater_nick":"Nate214","rated_nick":"AnonX","created_at":"1307581859.53819","rating":"1","notes":"Quick, Easy, Would Trade Again."},
{"id":"4805","rater_nick":"I}ruid","rated_nick":"AnonX","created_at":"1307735319.02595","rating":"1","notes":"Prompt payment, smooth transaction."},
{"id":"4841","rater_nick":"Victor","rated_nick":"AnonX","created_at":"1307804953.73675","rating":"1","notes":"found his senses"},
{"id":"4917","rater_nick":"assassindrake","rated_nick":"AnonX","created_at":"1307816452.68065","rating":"2","notes":"sold me 18btc would do business again"},
{"id":"4920","rater_nick":"LoneStarBitcoinExchange","rated_nick":"AnonX","created_at":"1307849901.74215","rating":"10","notes":"Prompt payments, multiple transactions over time, very professional."},
{"id":"4925","rater_nick":"relo","rated_nick":"AnonX","created_at":"1307820938.04837","rating":"1","notes":null},
{"id":"4937","rater_nick":"csshih","rated_nick":"AnonX","created_at":"1307824276.26217","rating":"3","notes":"- 500$+ transaction"},
{"id":"4944","rater_nick":"brancao","rated_nick":"AnonX","created_at":"1307829068.12596","rating":"1","notes":"Friendly, helpful, prompt. Sold me 5 btc, transaction went smoothly."},
{"id":"4948","rater_nick":"coblee","rated_nick":"AnonX","created_at":"1307836855.70144","rating":"2","notes":"Awesome seller. Bought 30 btc"},
{"id":"4959","rater_nick":"kingnerd","rated_nick":"AnonX","created_at":"1307839090.22939","rating":"1","notes":"traded 3btc, all was fine PPUSD\/BTC"},
{"id":"4993","rater_nick":"Anon-001","rated_nick":"AnonX","created_at":"1307856320.19832","rating":"1","notes":null},
{"id":"5051","rater_nick":"alexdanger","rated_nick":"AnonX","created_at":"1307918224.83913","rating":"1","notes":"recommended"},
{"id":"5054","rater_nick":"mpjetta","rated_nick":"AnonX","created_at":"1307919056.26305","rating":"1","notes":"great, fast transaction"},
{"id":"5058","rater_nick":"virtualdirt","rated_nick":"AnonX","created_at":"1307923698.54382","rating":"1","notes":"cool dude"},
{"id":"5100","rater_nick":"tekko","rated_nick":"AnonX","created_at":"1307987797.54731","rating":"1","notes":null},
{"id":"5319","rater_nick":"FooDSt4mP","rated_nick":"AnonX","created_at":"1308623363.47181","rating":"-10","notes":"Gets in other peoples business."},
{"id":"5819","rater_nick":"akhan08","rated_nick":"AnonX","created_at":"1309306935.99555","rating":"1","notes":"great quick ppusd transaction"},
{"id":"5910","rater_nick":"eremes","rated_nick":"AnonX","created_at":"1309632001.11215","rating":"1","notes":"FAST DEALER A+++"},
{"id":"5942","rater_nick":"thrasher","rated_nick":"AnonX","created_at":"1309786303.90408","rating":"1","notes":"traded 9.8 Great service, nice and quick :)"},
{"id":"5943","rater_nick":"octopusdarling","rated_nick":"AnonX","created_at":"1309787804.94392","rating":"1","notes":"great transaction, quick and painless"},
{"id":"5944","rater_nick":"RaphaelRC","rated_nick":"AnonX","created_at":"1309788309.19134","rating":"1","notes":"traded 1btc, easy, honest and fast"},
{"id":"5967","rater_nick":"micols","rated_nick":"AnonX","created_at":"1309886256.94149","rating":"1","notes":"nice and quick seller (BTC for PP), reasonable price"},
{"id":"6861","rater_nick":"Herodes","rated_nick":"AnonX","created_at":"1345246618.97163","rating":"5","notes":"Done a few trades. Trustworthy trader. Would trade again."},
{"id":"13021","rater_nick":"sebicas","rated_nick":"AnonX","created_at":"1343185973.18837","rating":"1","notes":"Smooth PPUSD to BTC Thanks for the trust! :)"},
{"id":"13714","rater_nick":"boonies4u","rated_nick":"AnonX","created_at":"1345074173.98682","rating":"1","notes":"bought 15 btc for paypal"},
{"id":"13715","rater_nick":"nanotube","rated_nick":"AnonX","created_at":"1345075709.50725","rating":"1","notes":null},
{"id":"13801","rater_nick":"anduck","rated_nick":"AnonX","created_at":"1352303554.73633","rating":"2","notes":"succesful poker tx's and loaned him 5btc"},
{"id":"13803","rater_nick":"MORA","rated_nick":"AnonX","created_at":"1345293288.98899","rating":"1","notes":"traded ppusd for mtgox usd, no problems"},
{"id":"13887","rater_nick":"ageis","rated_nick":"AnonX","created_at":"1345468342.84817","rating":"1","notes":"lent me some PPUSD"},
{"id":"13932","rater_nick":"sturles","rated_nick":"AnonX","created_at":"1345564142.46878","rating":"3","notes":"A few transactions, has been around a long time."},
{"id":"13946","rater_nick":"Grinder-btc","rated_nick":"AnonX","created_at":"1345575450.06974","rating":"1","notes":">$500 trade, sent money as promised. Will trade again."},
{"id":"13978","rater_nick":"HungDaddy","rated_nick":"AnonX","created_at":"1345682824.82141","rating":"1","notes":"Great trade. Everything was quick and easy."},
{"id":"14009","rater_nick":"aparigraha","rated_nick":"AnonX","created_at":"1345758834.16064","rating":"1","notes":"Bought MTGOXUSD from me with PPUSD. All fine"},
{"id":"14066","rater_nick":"phungus","rated_nick":"AnonX","created_at":"1345925282.42901","rating":"1","notes":"Had to abort deal but he was honest and returned funds."},
{"id":"14147","rater_nick":"OneFixt","rated_nick":"AnonX","created_at":"1346127083.39532","rating":"4","notes":null},
{"id":"14739","rater_nick":"ne0futur","rated_nick":"AnonX","created_at":"1347560285.16482","rating":"1","notes":"small payment for mtgusd"},
{"id":"15437","rater_nick":"MBS","rated_nick":"AnonX","created_at":"1348882531.56454","rating":"1","notes":"Ordered some goods to reship to him"},
{"id":"15798","rater_nick":"arij","rated_nick":"AnonX","created_at":"1349568709.8685","rating":"1","notes":"sent me btc in return for a online purchase"},
{"id":"15829","rater_nick":"komododragon","rated_nick":"AnonX","created_at":"1349740866.164","rating":"5","notes":"legit"},
{"id":"15879","rater_nick":"osmosis","rated_nick":"AnonX","created_at":"1349751256.22096","rating":"1","notes":"bought mtgoxUSD from him"},
{"id":"15920","rater_nick":"abrkn","rated_nick":"AnonX","created_at":"1355095452.8869","rating":"7","notes":"10K+ usd traded"},
{"id":"16568","rater_nick":"bendiken","rated_nick":"AnonX","created_at":"1353496443.82109","rating":"3","notes":"traded ~50 BTC for EUR in 3 transactions so far, will repeat."},
{"id":"16665","rater_nick":"NOLO","rated_nick":"AnonX","created_at":"1351480621.07282","rating":"1","notes":"I sold him 15 BTC, Very fast and professional"},
{"id":"16891","rater_nick":"ElevatedDownfall","rated_nick":"AnonX","created_at":"1351980598.72131","rating":"1","notes":"gracias, senor"},
{"id":"18099","rater_nick":"LovEnPeacE","rated_nick":"AnonX","created_at":"1354730891.40332","rating":"5","notes":"Multiple 5 figure trades for BTC, great trader, fast and easy to work with."},
{"id":"18355","rater_nick":"MrVivaldi","rated_nick":"AnonX","created_at":"1354767450.76586","rating":"2","notes":"Genuinly trustworthy guy. A man of his word. Fast and Communicative."},
{"id":"18736","rater_nick":"AtomChildren","rated_nick":"AnonX","created_at":"1355701785.90519","rating":"1","notes":"sold amazon for his coins. quick."},
{"id":"19828","rater_nick":"nelisky","rated_nick":"AnonX","created_at":"1358720342.06069","rating":"2","notes":"quick trader"},
{"id":"26485","rater_nick":"Coreyok96","rated_nick":"AnonX","created_at":"1371424769.94275","rating":"1","notes":"Easy trade. Amazon giftcard for 1.5 BTC. Very trustworthy."}
]
