[
{"id":"28804","rater_nick":"Jamesonwa","rated_nick":"Anoxy","created_at":"1376260916.32417","rating":"1","notes":"My BTC for his PP he sends first (new user and first paypal deal, will update if things change)"},
{"id":"29811","rater_nick":"Razy","rated_nick":"Anoxy","created_at":"1377376976.83896","rating":"2","notes":"sent me a few cents, helped when I asked :P"},
{"id":"31482","rater_nick":"promethyl","rated_nick":"Anoxy","created_at":"1388353001.32565","rating":"-1","notes":"Possible scamming behavior. Use caution."},
{"id":"31527","rater_nick":"BCB","rated_nick":"Anoxy","created_at":"1384380246.76868","rating":"2","notes":"PPUSD =>BTC."},
{"id":"31648","rater_nick":"dmzpkts","rated_nick":"Anoxy","created_at":"1384739319.00382","rating":"1","notes":"my BTC his PPUSD, first transaction, quick. Will update if changes."},
{"id":"31651","rater_nick":"Blazed","rated_nick":"Anoxy","created_at":"1384746650.98365","rating":"1","notes":"My BTC his PayPal.. smooth"},
{"id":"31654","rater_nick":"deken","rated_nick":"Anoxy","created_at":"1384753600.60272","rating":"2","notes":"sold 1 btc, no issues again"},
{"id":"31785","rater_nick":"sturles","rated_nick":"Anoxy","created_at":"1384982668.3292","rating":"1","notes":"PayPal"},
{"id":"32266","rater_nick":"AriGold","rated_nick":"Anoxy","created_at":"1386443675.60457","rating":"1","notes":"alleged scammer, did a paypal with him(no chargeback yet), will change if necessary"},
{"id":"37012","rater_nick":"chmod755","rated_nick":"Anoxy","created_at":"1414166501.9758","rating":"2","notes":"My BTC for his PPUSD - seems legit"},
{"id":"37019","rater_nick":"MilleniumFalc0n","rated_nick":"Anoxy","created_at":"1414201459.89512","rating":"1","notes":"My BTC for his PPUSD. Smooth trade!"},
{"id":"37144","rater_nick":"ThePendulum","rated_nick":"Anoxy","created_at":"1415917383.19131","rating":"1","notes":"His PPUSD for my BTC. Quick, flawless!"}
]
