[
{"id":"35492","rater_nick":"bitcambodia","rated_nick":"ansiwa","created_at":"1401764614.65438","rating":"1","notes":"good lbc transaction"},
{"id":"35529","rater_nick":"cabroze","rated_nick":"ansiwa","created_at":"1402010433.44859","rating":"1","notes":"his BTC for a small moneypak, smooth transaction"},
{"id":"35531","rater_nick":"DoctorBTC","rated_nick":"ansiwa","created_at":"1402011290.46688","rating":"1","notes":"His BTC for my Moneypak (~$50)."},
{"id":"35548","rater_nick":"GunPlay","rated_nick":"ansiwa","created_at":"1402103580.33926","rating":"-10","notes":"This guy did one good transaction, and then on the next one took my Bitcoins and ran, stay away!"}
]
