[
{"id":"1159","rater_nick":"alexmat","rated_nick":"antivigilante","created_at":"1303115280.50916","rating":"2","notes":"sold some btc over paypal, great buyer"},
{"id":"1177","rater_nick":"coinpal","rated_nick":"antivigilante","created_at":"1304108612.92615","rating":"4","notes":"automated CoinPal rating"},
{"id":"2406","rater_nick":"csshih","rated_nick":"antivigilante","created_at":"1305412258.56686","rating":"1","notes":"fast and pleasant transaction!"},
{"id":"2502","rater_nick":"Gekz","rated_nick":"antivigilante","created_at":"1307209286.58911","rating":"5","notes":"Trustworthy individual"},
{"id":"2671","rater_nick":"citiz3n","rated_nick":"antivigilante","created_at":"1305743019.03834","rating":"1","notes":"Sent money via paypal for MTG USD. Fulfilled his side of the bargain just fine. Thanks!"},
{"id":"2680","rater_nick":"d4rks","rated_nick":"antivigilante","created_at":"1305839572.72141","rating":"4","notes":null},
{"id":"2689","rater_nick":"talktojer","rated_nick":"antivigilante","created_at":"1305763548.47664","rating":"1","notes":null},
{"id":"2698","rater_nick":"astrohacker","rated_nick":"antivigilante","created_at":"1307145600.51024","rating":"2","notes":"two good trades, would trade again"},
{"id":"2874","rater_nick":"percymate","rated_nick":"antivigilante","created_at":"1306042954.30013","rating":"2","notes":"Incredibly Fast transfer of large amount. My go to guy."},
{"id":"2875","rater_nick":"rothgar","rated_nick":"antivigilante","created_at":"1306043691.28267","rating":"1","notes":null},
{"id":"2878","rater_nick":"Some-Dude","rated_nick":"antivigilante","created_at":"1306051276.38355","rating":"1","notes":"Good transcation"},
{"id":"2913","rater_nick":"dcash","rated_nick":"antivigilante","created_at":"1306091959.63307","rating":"1","notes":"small-medium tx, went smoothly. smart guy and nice to deal with"},
{"id":"2922","rater_nick":"dinox","rated_nick":"antivigilante","created_at":"1306095302.53211","rating":"2","notes":"mtgox->PP, no problem"},
{"id":"3658","rater_nick":"FooDSt4mP","rated_nick":"antivigilante","created_at":"1307176098.23779","rating":"3","notes":null},
{"id":"3770","rater_nick":"gruez","rated_nick":"antivigilante","created_at":"1307154800.40647","rating":"1","notes":"btc->PPUSD, he went first"},
{"id":"3784","rater_nick":"oneohoneohfive","rated_nick":"antivigilante","created_at":"1307160920.58096","rating":"2","notes":"fast through paypal and gave me advice"},
{"id":"3790","rater_nick":"yebyen","rated_nick":"antivigilante","created_at":"1307163116.11755","rating":"1","notes":"PPUSD A-OK"},
{"id":"3809","rater_nick":"croleva","rated_nick":"antivigilante","created_at":"1307179123.36818","rating":"3","notes":"PPUSD transaction: fast, paid fees and went first. would sell again."},
{"id":"3964","rater_nick":"gjs278","rated_nick":"antivigilante","created_at":"1307257719.0029","rating":"1","notes":null},
{"id":"4130","rater_nick":"StanleyBeale","rated_nick":"antivigilante","created_at":"1307667299.19694","rating":"1","notes":"<img src='http:\/\/i399.photobucket.com\/albums\/pp74\/bullet_1975\/thumbs-up.jpg' width=64 height=64> VERY NICE! FAST PAYMENT! DO BUSINESS WITH HIM!"},
{"id":"4406","rater_nick":"TradersEdgeDice","rated_nick":"antivigilante","created_at":"1307546683.46938","rating":"5","notes":"Great buyer. Quick payment. True to his word. Would do business again."}
]
