[
{"id":"3759","rater_nick":"astrohacker","rated_nick":"Antony`","created_at":"1307147308.25","rating":"1","notes":"one good trade, would trade again"},
{"id":"3887","rater_nick":"Shocky","rated_nick":"Antony`","created_at":"1307215695.2644","rating":"1","notes":null},
{"id":"4670","rater_nick":"FooDSt4mP","rated_nick":"Antony`","created_at":"1307656309.90015","rating":"1","notes":null},
{"id":"5036","rater_nick":"Raccoon","rated_nick":"Antony`","created_at":"1307900371.38243","rating":"1","notes":null}
]
