[
{"id":"7417","rater_nick":"Mad7Scientist","rated_nick":"anton000","created_at":"1318649571.7103","rating":"1","notes":"Good transaction $20 PPUSD 5 BTC. Sent first."},
{"id":"7423","rater_nick":"DingoRabiit","rated_nick":"anton000","created_at":"1318692505.13525","rating":"1","notes":"Bought PPUSD off him, He sent first, No escrow, Quick and clean, Nice n fast"},
{"id":"7429","rater_nick":"sturles","rated_nick":"anton000","created_at":"1318769759.81642","rating":"1","notes":"PayPal"},
{"id":"7437","rater_nick":"dinox","rated_nick":"anton000","created_at":"1318790208.07535","rating":"1","notes":null},
{"id":"8030","rater_nick":"imsaguy","rated_nick":"anton000","created_at":"1323123144.50532","rating":"1","notes":null},
{"id":"13331","rater_nick":"bonks","rated_nick":"anton000","created_at":"1344125097.23348","rating":"1","notes":"BTC for his MP, smooth trade and he provided proof"},
{"id":"23678","rater_nick":"zantafio","rated_nick":"anton000","created_at":"1382439250.80627","rating":"1","notes":"sorry!"}
]
