[
{"id":"395","rater_nick":"gigitrix","rated_nick":"antz123","created_at":"1296608630.85714","rating":"10","notes":"Live with the guy and all house bills are in his name, so he'd better be trustworthy!"},
{"id":"421","rater_nick":"GarrettB","rated_nick":"antz123","created_at":"1296774360.49458","rating":"2","notes":"Bought assassins creed brotherhood, no escrow used, quick responses"},
{"id":"1066","rater_nick":"toffoo","rated_nick":"antz123","created_at":"1302888454.20976","rating":"1","notes":"has verified u.k. paypal account"}
]
