[
{"id":"5299","rater_nick":"SantiGasm","rated_nick":"anu","created_at":"1308254084.5834","rating":"1","notes":"good first time buyer"},
{"id":"5453","rater_nick":"sonba","rated_nick":"anu","created_at":"1308605655.61328","rating":"1","notes":"1st transaction done. Sold 10 BTC via SEPA"},
{"id":"5713","rater_nick":"flok","rated_nick":"anu","created_at":"1309026526.18081","rating":"10","notes":"honest guy"},
{"id":"5723","rater_nick":"Keefe","rated_nick":"anu","created_at":"1309069623.72422","rating":"2","notes":null}
]
