[
{"id":"9963","rater_nick":"sturles","rated_nick":"aparigraha","created_at":"1334734026.00164","rating":"2","notes":"Several large trades. Bank transactions, and one small PayPal trade."},
{"id":"10034","rater_nick":"Framedragger","rated_nick":"aparigraha","created_at":"1333148303.92458","rating":"1","notes":"I bought a wee bit of btc for ppusd (I sent first), nice fella."},
{"id":"10040","rater_nick":"MORA","rated_nick":"aparigraha","created_at":"1333135195.36688","rating":"1","notes":"traded PPUSD for BTC, no problems"},
{"id":"10072","rater_nick":"malkauns","rated_nick":"aparigraha","created_at":"1333393793.74322","rating":"1","notes":"bought 5 BTC for PPUSD. all good. thanks!"},
{"id":"10393","rater_nick":"foggyb","rated_nick":"aparigraha","created_at":"1334758691.28464","rating":"1","notes":"sent BTC received PP"},
{"id":"10399","rater_nick":"Vassend","rated_nick":"aparigraha","created_at":"1334774931.93606","rating":"1","notes":"Bought 20 btc with european banktransfer. Positive. Good guy"},
{"id":"11425","rater_nick":"fairydust","rated_nick":"aparigraha","created_at":"1338833710.21628","rating":"1","notes":"got 11 BTC for PPEUR - worked smooth"},
{"id":"11472","rater_nick":"scomil","rated_nick":"aparigraha","created_at":"1338920501.85879","rating":"2","notes":"Trustworthy and true to his word. 50 and 48 btc without problems."},
{"id":"13090","rater_nick":"Metabank","rated_nick":"aparigraha","created_at":"1343338449.30135","rating":"1","notes":"sold goxed for pp, no problem, thanks"},
{"id":"13147","rater_nick":"McSneak","rated_nick":"aparigraha","created_at":"1344344524.6454","rating":"3","notes":"Bought BTC from him 3 times now. Very nice guy :)"},
{"id":"13379","rater_nick":"brofist_2000","rated_nick":"aparigraha","created_at":"1344287995.34562","rating":"1","notes":"Bought 1 BTC over SEPA, everything went fine."},
{"id":"14008","rater_nick":"AnonX","rated_nick":"aparigraha","created_at":"1345758686.59184","rating":"1","notes":"sold me 80mtgoxUSD, professional and quick, would trade again"},
{"id":"18155","rater_nick":"episking-","rated_nick":"aparigraha","created_at":"1354319162.58152","rating":"1","notes":"my $80 PPUSD for his GOX code. Quick and easy! Thanks!"},
{"id":"21055","rater_nick":"Immuzikation","rated_nick":"aparigraha","created_at":"1362326852.18349","rating":"2","notes":"My PP for GoxUSD code. Multiple transactions. Smooth!"},
{"id":"26140","rater_nick":"diatonic","rated_nick":"aparigraha","created_at":"1370543558.10569","rating":"1","notes":"bought some BTC from him. Quick & smooth."}
]
