[
{"id":"24278","rater_nick":"csm","rated_nick":"APi702","created_at":"1394383694.04047","rating":"3","notes":"triple digit sale of BTC via PayPal since 2013-04-21"},
{"id":"24742","rater_nick":"purplebandana","rated_nick":"APi702","created_at":"1367363690.88739","rating":"1","notes":"quick and easy small BTC transaction, would trade again."},
{"id":"28881","rater_nick":"tim-tams","rated_nick":"APi702","created_at":"1376331490.37806","rating":"1","notes":"My Paypal for his BTC, quick and smooth"},
{"id":"30227","rater_nick":"BigBitz","rated_nick":"APi702","created_at":"1378677723.91388","rating":"1","notes":"PPUSD for his BTC. Smooth!"},
{"id":"32327","rater_nick":"HungDaddy","rated_nick":"APi702","created_at":"1386193076.432","rating":"1","notes":"Super fast and smooth ppUSD -> BTC"},
{"id":"34111","rater_nick":"DoctorBTC","rated_nick":"APi702","created_at":"1394072403.24837","rating":"1","notes":"His .3 BTC for my PPUSD. Quick 'n easy."}
]
