[
{"id":"27429","rater_nick":"bock","rated_nick":"Apocalyptic","created_at":"1373924800.91431","rating":"1","notes":"his 0.16 ppUSD for my 0.15 BTC, smooth and quick"},
{"id":"27651","rater_nick":"sturles","rated_nick":"Apocalyptic","created_at":"1380747410.27579","rating":"2","notes":"A few good PPUSD\/BTC trades since July 2013."},
{"id":"28059","rater_nick":"LovEnPeacE","rated_nick":"Apocalyptic","created_at":"1375200560.76418","rating":"1","notes":"my btc for his ppusd fast easy trade :)"},
{"id":"30398","rater_nick":"Crontaur","rated_nick":"Apocalyptic","created_at":"1379357469.76918","rating":"1","notes":"very smooth transaction my PPUSD for his BTC"},
{"id":"30492","rater_nick":"Rafael1000","rated_nick":"Apocalyptic","created_at":"1379790120.14899","rating":"1","notes":"Paypal Transaction (bought 0.25 BTC), perfect"},
{"id":"30494","rater_nick":"jammyjammer","rated_nick":"Apocalyptic","created_at":"1379790563.48535","rating":"1","notes":"I bought his 1 BTC for my paypal"},
{"id":"30527","rater_nick":"poiuytrez","rated_nick":"Apocalyptic","created_at":"1379945001.19112","rating":"1","notes":"Perfect quick 1 BTC transaction."},
{"id":"30579","rater_nick":"lemonsandpears","rated_nick":"Apocalyptic","created_at":"1380214947.55854","rating":"1","notes":"Safe as fuck blood"},
{"id":"30584","rater_nick":"btcvixen","rated_nick":"Apocalyptic","created_at":"1380233015.822","rating":"1","notes":"Bought 1 bitcoin with paypal, smooth."},
{"id":"30617","rater_nick":"wahbaduck","rated_nick":"Apocalyptic","created_at":"1380386121.42504","rating":"2","notes":"My PP for his BTC another pleasant transaction, thanks!"},
{"id":"30621","rater_nick":"zkoynz","rated_nick":"Apocalyptic","created_at":"1382581443.65742","rating":"4","notes":"multiple PPUSD trades. Up to large volume. Need i say more"},
{"id":"30696","rater_nick":"gwern","rated_nick":"Apocalyptic","created_at":"1381004527.43897","rating":"2","notes":"up to 2 small transactions of btc for PPUSD; so far so good"},
{"id":"30704","rater_nick":"noitev","rated_nick":"Apocalyptic","created_at":"1382226788.38199","rating":"2","notes":"fast pp seller. thanks"},
{"id":"30881","rater_nick":"vivarium","rated_nick":"Apocalyptic","created_at":"1382318572.71151","rating":"2","notes":"small tx, my ppusd for his btc, quick and easy"},
{"id":"30898","rater_nick":"Rebeca1","rated_nick":"Apocalyptic","created_at":"1383165750.6761","rating":"2","notes":"Multiple smooth transactions. thank you!"},
{"id":"30903","rater_nick":"Rozal","rated_nick":"Apocalyptic","created_at":"1381764080.47817","rating":"1","notes":"PP for BTC, smooth, groovy, showed me a couple tricks on my skateboard. then he winked and said cya kid ."},
{"id":"30904","rater_nick":"ocminer","rated_nick":"Apocalyptic","created_at":"1382799631.74774","rating":"2","notes":null},
{"id":"30918","rater_nick":"pRiVi","rated_nick":"Apocalyptic","created_at":"1381783686.60509","rating":"1","notes":"Small SEPA\/BTC trade, smooth"},
{"id":"30934","rater_nick":"soulsource","rated_nick":"Apocalyptic","created_at":"1381833226.25846","rating":"1","notes":"Sold me a small amount of BTC for EUR\/SEPA. Transaction went smooth and fast."},
{"id":"30935","rater_nick":"phinxy","rated_nick":"Apocalyptic","created_at":"1381840955.94212","rating":"1","notes":"sepa EUR for his BTC."},
{"id":"30944","rater_nick":"therealNano","rated_nick":"Apocalyptic","created_at":"1381935898.00469","rating":"2","notes":"Multiple smooth transactions now"},
{"id":"30965","rater_nick":"ramdac","rated_nick":"Apocalyptic","created_at":"1381956244.43851","rating":"1","notes":"Fast transaction and easy to work with! Sold me BTC for PPUSD"},
{"id":"30980","rater_nick":"Kihokki","rated_nick":"Apocalyptic","created_at":"1382006721.78167","rating":"1","notes":"Made a successful transaction with SEPA!"},
{"id":"31007","rater_nick":"p-town-lights","rated_nick":"Apocalyptic","created_at":"1382139965.39842","rating":"1","notes":"small ppusd transaction, quick and easy. my usd for his btc"},
{"id":"31037","rater_nick":"jk9357","rated_nick":"Apocalyptic","created_at":"1382618415.95108","rating":"2","notes":"Multiple PP <=> BTC transactions."},
{"id":"31039","rater_nick":"promethyl","rated_nick":"Apocalyptic","created_at":"1382534704.23797","rating":"2","notes":"small PPUSD v BTC. Thanks"},
{"id":"31042","rater_nick":"Alternity","rated_nick":"Apocalyptic","created_at":"1382292750.78229","rating":"1","notes":"my ppusd for his btc, perfect trade!"},
{"id":"31070","rater_nick":"zantafio","rated_nick":"Apocalyptic","created_at":"1382967501.1368","rating":"6","notes":"Six smooth transactions via PP so far"},
{"id":"31071","rater_nick":"blisscan","rated_nick":"Apocalyptic","created_at":"1382448902.26483","rating":"1","notes":"my sepa for his btc. Totally reliable :) will trade again"},
{"id":"31073","rater_nick":"Blazed","rated_nick":"Apocalyptic","created_at":"1382450529.30618","rating":"1","notes":"My PP for his BTC smooth"},
{"id":"31099","rater_nick":"basselisk1","rated_nick":"Apocalyptic","created_at":"1382546818.2051","rating":"1","notes":"his ppusd for my btc! smooth"},
{"id":"31103","rater_nick":"nougatschnitte","rated_nick":"Apocalyptic","created_at":"1382550222.80358","rating":"1","notes":"Very friendly guy, selling low amount of bitcoin for low price. Everythings fine."},
{"id":"31108","rater_nick":"BitBoy","rated_nick":"Apocalyptic","created_at":"1382569612.59561","rating":"1","notes":"PPUSD for Bitcoins. Smooth transaction! (y)"},
{"id":"31111","rater_nick":"Mad7Scientist","rated_nick":"Apocalyptic","created_at":"1382578535.48052","rating":"1","notes":"Bought more than a westerner's day's wage for skilled trade worth of BTC from me with paypal. sent first."},
{"id":"31134","rater_nick":"someone235","rated_nick":"Apocalyptic","created_at":"1382653847.50039","rating":"1","notes":"Smooth PPUSD trade"},
{"id":"31136","rater_nick":"kaniini","rated_nick":"Apocalyptic","created_at":"1384772077.98157","rating":"4","notes":"many PPUSD deals, all went smoothly"},
{"id":"31138","rater_nick":"Raccoon","rated_nick":"Apocalyptic","created_at":"1382662961.57546","rating":"1","notes":"Pleasure to do business with. Apocalyptic bought my BTC for his PPUSD. Transaction in the $100 ~ $500 range."},
{"id":"31139","rater_nick":"PhillyDude","rated_nick":"Apocalyptic","created_at":"1382663948.09628","rating":"1","notes":"My BTC for his PP - no problems. Mid-size transaction."},
{"id":"31155","rater_nick":"boonies4u","rated_nick":"Apocalyptic","created_at":"1382667457.78956","rating":"1","notes":"bought BTC with his PPUSD, small transaction, very fast\/smooth"},
{"id":"31181","rater_nick":"phillip1882","rated_nick":"Apocalyptic","created_at":"1382903381.00396","rating":"9","notes":"smooth deal, went wel. i split my part into two transtions to be on the safe side, but went well."},
{"id":"31187","rater_nick":"TrustedCoinHu","rated_nick":"Apocalyptic","created_at":"1382963907.05758","rating":"1","notes":"my PP for his BTC. Fast and smooth. Thanks!"},
{"id":"31188","rater_nick":"Immuzikation","rated_nick":"Apocalyptic","created_at":"1382966646.59788","rating":"1","notes":"My BTC for PP. Smooth!!"},
{"id":"31197","rater_nick":"dizzylove","rated_nick":"Apocalyptic","created_at":"1383014821.80269","rating":"1","notes":"Sold a very small amount of btc :)"},
{"id":"31226","rater_nick":"puma1337","rated_nick":"Apocalyptic","created_at":"1383145089.61135","rating":"1","notes":"i purchased 1 BTC via ppusd from him -- quick and easy, thanks!"},
{"id":"31238","rater_nick":"elevatioN","rated_nick":"Apocalyptic","created_at":"1383175079.29014","rating":"10","notes":"OH MY GOD I JUST SENT 4.75 BTC INTO THE INTERWEBZ BY MISTAKE ILL NEVER GET IT BACK OH WAIT.. it was apocalyptic, and hes a good guy and he gave it back without keeping any phewwwww"},
{"id":"31280","rater_nick":"dmzpkts","rated_nick":"Apocalyptic","created_at":"1383386086.16524","rating":"1","notes":"my btc for his ppusd, friendly and quick."},
{"id":"31296","rater_nick":"marcusw","rated_nick":"Apocalyptic","created_at":"1383495587.22623","rating":"2","notes":"~$100 two LTC\/BTC trades via x-bt.com"},
{"id":"31327","rater_nick":"grapevine","rated_nick":"Apocalyptic","created_at":"1383582832.45149","rating":"1","notes":"my ~150eur sepa xfer for his btc, ncie dude!"},
{"id":"31368","rater_nick":"Samoi","rated_nick":"Apocalyptic","created_at":"1383720260.74777","rating":"1","notes":"quick small easy pp trade"},
{"id":"31385","rater_nick":"spooner111","rated_nick":"Apocalyptic","created_at":"1383788753.04421","rating":"1","notes":"Small trade my PPUSD for his BTC. Smooth transaction"},
{"id":"31401","rater_nick":"rg","rated_nick":"Apocalyptic","created_at":"1391302470.76704","rating":"2","notes":"All children are born Atheist"},
{"id":"31586","rater_nick":"palio","rated_nick":"Apocalyptic","created_at":"1384511072.45466","rating":"5","notes":"very smooth transition and communication"},
{"id":"31777","rater_nick":"prblm","rated_nick":"Apocalyptic","created_at":"1384972699.36008","rating":"1","notes":"First transactoin, very nice and helpful person."},
{"id":"31781","rater_nick":"janjanjan","rated_nick":"Apocalyptic","created_at":"1384974418.90105","rating":"1","notes":"Bought 1 BTC for EUR via SEPA from him, all went fine and contact was friendly, thanks"},
{"id":"32458","rater_nick":"bingoboingo","rated_nick":"Apocalyptic","created_at":"1395905692.6127","rating":"2","notes":"x-bt not an idiot"},
{"id":"32497","rater_nick":"Sammey","rated_nick":"Apocalyptic","created_at":"1386829661.19198","rating":"1","notes":"Great person, thanks for all the hard work in the channel"},
{"id":"32567","rater_nick":"anduck","rated_nick":"Apocalyptic","created_at":"1387021492.06019","rating":"1","notes":"Never traded with but I trust him"},
{"id":"32633","rater_nick":"toronto","rated_nick":"Apocalyptic","created_at":"1387180824.8925","rating":"-10","notes":"PIECE OF FUCKING DOG SHIT SCAMMER!!!!!!!!!!!!!!!!!!!!!!!!!!!!!!!!!!!!!!!!!!!!!!!!! FUCK THE OPSPIECE OF FUCKING DOG SHIT SCAMMER!!!!!!!!!!!!!!!!!!!!!!!!!!!!!!!!!!!!!!!!!!!!!!!!! FUCK THE OPSPIECE OF FUCKING DOG SHIT SCAMMER!!!!!!!!!!!!!!!!!!!!!!!!!!!!!!!!!!!!!!!!!!!!!!!!! FUCK THE OPSPIECE OF FUCKING DOG SHIT SCAMMER!!!!!!!!!!!!!!!!!!!!!!!!!!!!!!!!!!!!!!!!!!!!!!!!! FUCK THE OPS"},
{"id":"32638","rater_nick":"chieff","rated_nick":"Apocalyptic","created_at":"1387180901.80346","rating":"-10","notes":"PIECE OF FUCKING DOG SHIT SCAMMER!!!!!!!!!!!!!!!!!!!!!!!!!!!!!!!!!!!!!!!!!!!!!!!!! FUCK THE OPSPIECE OF FUCKING DOG SHIT SCAMMER!!!!!!!!!!!!!!!!!!!!!!!!!!!!!!!!!!!!!!!!!!!!!!!!! FUCK THE OPSPIECE OF FUCKING DOG SHIT SCAMMER!!!!!!!!!!!!!!!!!!!!!!!!!!!!!!!!!!!!!!!!!!!!!!!!! FUCK THE OPSPIECE OF FUCKING DOG SHIT SCAMMER!!!!!!!!!!!!!!!!!!!!!!!!!!!!!!!!!!!!!!!!!!!!!!!!! FUCK THE OPS"},
{"id":"32640","rater_nick":"robocope","rated_nick":"Apocalyptic","created_at":"1387180237.79453","rating":"-10","notes":"PIECE OF FUCKING DOG SHIT SCAMMER!!!!!!!!!!!!!!!!!!!!!!!!!!!!!!!!!!!!!!!!!!!!!!!!! FUCK THE OPSPIECE OF FUCKING DOG SHIT SCAMMER!!!!!!!!!!!!!!!!!!!!!!!!!!!!!!!!!!!!!!!!!!!!!!!!! FUCK THE OPSPIECE OF FUCKING DOG SHIT SCAMMER!!!!!!!!!!!!!!!!!!!!!!!!!!!!!!!!!!!!!!!!!!!!!!!!! FUCK THE OPSPIECE OF FUCKING DOG SHIT SCAMMER!!!!!!!!!!!!!!!!!!!!!!!!!!!!!!!!!!!!!!!!!!!!!!!!! FUCK THE OPS"},
{"id":"32666","rater_nick":"fktheops","rated_nick":"Apocalyptic","created_at":"1387181941.43189","rating":"-10","notes":"PIECE OF FUCKING DOG SHIT SCAMMER!!!!!!!!!!!!!!!!!!!!!!!!!!!!!!!!!!!!!!!!!!!!!!!!! FUCK THE OPSPIECE OF FUCKING DOG SHIT SCAMMER!!!!!!!!!!!!!!!!!!!!!!!!!!!!!!!!!!!!!!!!!!!!!!!!! FUCK THE OPSPIECE OF FUCKING DOG SHIT SCAMMER!!!!!!!!!!!!!!!!!!!!!!!!!!!!!!!!!!!!!!!!!!!!!!!!! FUCK THE OPSPIECE OF FUCKING DOG SHIT SCAMMER!!!!!!!!!!!!!!!!!!!!!!!!!!!!!!!!!!!!!!!!!!!!!!!!! FUCK THE OPS"},
{"id":"32670","rater_nick":"ASAPCA","rated_nick":"Apocalyptic","created_at":"1387182361.78392","rating":"-10","notes":"PIECE OF FUCKING DOG SHIT SCAMMER!!!!!!!!!!!!!!!!!!!!!!!!!!!!!!!!!!!!!!!!!!!!!!!!! FUCK THE OPSPIECE OF FUCKING DOG SHIT SCAMMER!!!!!!!!!!!!!!!!!!!!!!!!!!!!!!!!!!!!!!!!!!!!!!!!! FUCK THE OPSPIECE OF FUCKING DOG SHIT SCAMMER!!!!!!!!!!!!!!!!!!!!!!!!!!!!!!!!!!!!!!!!!!!!!!!!! FUCK THE OPSPIECE OF FUCKING DOG SHIT SCAMMER!!!!!!!!!!!!!!!!!!!!!!!!!!!!!!!!!!!!!!!!!!!!!!!!! FUCK THE OPS"},
{"id":"32677","rater_nick":"KINGLILJAYYYYYYY","rated_nick":"Apocalyptic","created_at":"1387182667.23095","rating":"-10","notes":"PIECE OF FUCKING DOG SHIT SCAMMER!!!!!!!!!!!!!!!!!!!!!!!!!!!!!!!!!!!!!!!!!!!!!!!!! FUCK THE OPSPIECE OF FUCKING DOG SHIT SCAMMER!!!!!!!!!!!!!!!!!!!!!!!!!!!!!!!!!!!!!!!!!!!!!!!!! FUCK THE OPSPIECE OF FUCKING DOG SHIT SCAMMER!!!!!!!!!!!!!!!!!!!!!!!!!!!!!!!!!!!!!!!!!!!!!!!!! FUCK THE OPSPIECE OF FUCKING DOG SHIT SCAMMER!!!!!!!!!!!!!!!!!!!!!!!!!!!!!!!!!!!!!!!!!!!!!!!!! FUCK TH"},
{"id":"32685","rater_nick":"BDKBDK","rated_nick":"Apocalyptic","created_at":"1387182852.97772","rating":"-10","notes":"PIECE OF FUCKING DOG SHIT SCAMMER!!!!!!!!!!!!!!!!!!!!!!!!!!!!!!!!!!!!!!!!!!!!!!!!! FUCK THE OPSPIECE OF FUCKING DOG SHIT SCAMMER!!!!!!!!!!!!!!!!!!!!!!!!!!!!!!!!!!!!!!!!!!!!!!!!! FUCK THE OPSPIECE OF FUCKING DOG SHIT SCAMMER!!!!!!!!!!!!!!!!!!!!!!!!!!!!!!!!!!!!!!!!!!!!!!!!! FUCK THE OPSPIECE OF FUCKING DOG SHIT SCAMMER!!!!!!!!!!!!!!!!!!!!!!!!!!!!!!!!!!!!!!!!!!!!!!!!! FUCK TH"},
{"id":"32715","rater_nick":"nanotube","rated_nick":"Apocalyptic","created_at":"1387247686.04217","rating":"1","notes":null},
{"id":"33144","rater_nick":"Dizzle","rated_nick":"Apocalyptic","created_at":"1389250604.72253","rating":"2","notes":"Very thorough on transaction details. Continues to be reliable."},
{"id":"33385","rater_nick":"iwilcox","rated_nick":"Apocalyptic","created_at":"1390632981.6781","rating":"1","notes":"Scamfinder General"},
{"id":"33462","rater_nick":"agentjayjay","rated_nick":"Apocalyptic","created_at":"1391304589.62287","rating":"2","notes":"btc -> ppusd smooth as silk again."},
{"id":"33531","rater_nick":"jurov","rated_nick":"Apocalyptic","created_at":"1391311000.24038","rating":"1","notes":"we met irl"},
{"id":"33742","rater_nick":"BCB","rated_nick":"Apocalyptic","created_at":"1392337204.331","rating":"1","notes":"XBT for PPUSD. Like buttah"},
{"id":"33756","rater_nick":"mircea_popescu","rated_nick":"Apocalyptic","created_at":"1414792892.19388","rating":"2","notes":"ex-x-bt.com"},
{"id":"33784","rater_nick":"cryptonight","rated_nick":"Apocalyptic","created_at":"1393113139.58644","rating":"2","notes":"smooth pp\/btc trade !"},
{"id":"33799","rater_nick":"mod6","rated_nick":"Apocalyptic","created_at":"1409278558.41586","rating":"1","notes":"Runs X-BT.com & Nice guy, helped fix a bug in atcbot"},
{"id":"33950","rater_nick":"pankkake","rated_nick":"Apocalyptic","created_at":"1401106568.2516","rating":"3","notes":"runs x-bt.com"},
{"id":"33959","rater_nick":"mike_c","rated_nick":"Apocalyptic","created_at":"1393216084.66807","rating":"1","notes":"x-bt has been working as advertised"},
{"id":"34216","rater_nick":"csm","rated_nick":"Apocalyptic","created_at":"1405086701.10179","rating":"2","notes":"regular"},
{"id":"34256","rater_nick":"kingdom","rated_nick":"Apocalyptic","created_at":"1395624877.16584","rating":"1","notes":null},
{"id":"34517","rater_nick":"assbot","rated_nick":"Apocalyptic","created_at":"1397196572.93811","rating":"1","notes":"#bitcoin-assets"},
{"id":"34546","rater_nick":"fluffypony","rated_nick":"Apocalyptic","created_at":"1397252801.08668","rating":"2","notes":"my BTC for his PP, smooth like non-crunchy peanut butter"},
{"id":"35626","rater_nick":"unbalanced","rated_nick":"Apocalyptic","created_at":"1402634698.28969","rating":"1","notes":"Runs x-bt.com, a solid little exchange, and my money has not disappeared."},
{"id":"37074","rater_nick":"thickasthieves","rated_nick":"Apocalyptic","created_at":"1414847190.71009","rating":"2","notes":"ATC support at x-bt.com, shut down without drama"},
{"id":"37770","rater_nick":"opticbit","rated_nick":"Apocalyptic","created_at":"1430863721.18009","rating":"1","notes":null}
]
