[
{"id":"11977","rater_nick":"bubbleboy99","rated_nick":"aq83","created_at":"1340373219.91736","rating":"1","notes":"Traded small BTC amount for PP. Smooth transaction. Will update should the need arise"},
{"id":"12013","rater_nick":"aethero","rated_nick":"aq83","created_at":"1340481938.51947","rating":"1","notes":"quick, easy trade, his ppusd for my btc"},
{"id":"12031","rater_nick":"jnd","rated_nick":"aq83","created_at":"1340552888.09277","rating":"2","notes":"sold him BTC for PP, fast transaction, no problems"},
{"id":"12209","rater_nick":"Metabank","rated_nick":"aq83","created_at":"1341349361.2488","rating":"2","notes":"over 500$ no problems, thanks"},
{"id":"12646","rater_nick":"Usagi","rated_nick":"aq83","created_at":"1342262362.97048","rating":"1","notes":"I bought a minecraft gift code from him. Thanks."}
]
