[
{"id":"7089","rater_nick":"Mad7Scientist","rated_nick":"Aqua-pana","created_at":"1318703723.16854","rating":"2","notes":"Good buyer sold for PPUSD"},
{"id":"7411","rater_nick":"sturles","rated_nick":"Aqua-pana","created_at":"1318609449.08457","rating":"1","notes":"One quick trade, PayPal."},
{"id":"7414","rater_nick":"imsaguy","rated_nick":"Aqua-pana","created_at":"1318624260.84012","rating":"1","notes":"I sold 10 btc via PP, he sent first."},
{"id":"7466","rater_nick":"neo2","rated_nick":"Aqua-pana","created_at":"1319144606.10214","rating":"1","notes":"Bought 1BTC for PPUSD."}
]
