[
{"id":"28615","rater_nick":"am42","rated_nick":"arbitrage","created_at":"1375842386.0895","rating":"1","notes":"his pp (~50) for btc, no probs, welcome to otc!"},
{"id":"28620","rater_nick":"Blitz-","rated_nick":"arbitrage","created_at":"1375852404.80395","rating":"1","notes":"My BTC to his PPUSD went smooth good guy"},
{"id":"28675","rater_nick":"kevinchan11","rated_nick":"arbitrage","created_at":"1375987288.71189","rating":"1","notes":"Sold me 0.2 BTC via PPUSD. No Problems. Quick Delivery."},
{"id":"28776","rater_nick":"newguy","rated_nick":"arbitrage","created_at":"1376240578.0001","rating":"-10","notes":"fuck you faggot"},
{"id":"28777","rater_nick":"AVALON","rated_nick":"arbitrage","created_at":"1376240616.88538","rating":"-10","notes":"fucking piece of dog shit"},
{"id":"28778","rater_nick":"bitcoinfnatic","rated_nick":"arbitrage","created_at":"1376240659.53913","rating":"-10","notes":"fucking piece of shit"},
{"id":"28779","rater_nick":"coolkid552","rated_nick":"arbitrage","created_at":"1376240708.15903","rating":"-10","notes":"scammer"},
{"id":"28780","rater_nick":"heavysetta","rated_nick":"arbitrage","created_at":"1376240762.63751","rating":"-10","notes":"scammer"},
{"id":"28792","rater_nick":"Rawted","rated_nick":"arbitrage","created_at":"1376246371.58339","rating":"1","notes":"Helpful member. Appreciate your time!"},
{"id":"28962","rater_nick":"oiny","rated_nick":"arbitrage","created_at":"1376409617.33032","rating":"-10","notes":"scammer!!!! Never sent btc"},
{"id":"29085","rater_nick":"lukavia","rated_nick":"arbitrage","created_at":"1376494108.06085","rating":"1","notes":"His PP for my BTC, nice and smooth"},
{"id":"29482","rater_nick":"gwern","rated_nick":"arbitrage","created_at":"1376603551.88351","rating":"1","notes":"got ppusd for btc; so far so good"},
{"id":"29522","rater_nick":"moarrr","rated_nick":"arbitrage","created_at":"1376629514.56326","rating":"1","notes":"watched video for btc"},
{"id":"29524","rater_nick":"rg","rated_nick":"arbitrage","created_at":"1376762782.75603","rating":"1","notes":"my btc for his pp"},
{"id":"29564","rater_nick":"TigerGuy007","rated_nick":"arbitrage","created_at":"1379377970.14885","rating":"5","notes":"multiple 4 digits transactions, very trusted always gets me my money!"},
{"id":"29605","rater_nick":"TheButterZone","rated_nick":"arbitrage","created_at":"1377650344.0996","rating":"1","notes":"My $6 AGCs for BTC"},
{"id":"29612","rater_nick":"hockeythug","rated_nick":"arbitrage","created_at":"1376865617.64728","rating":"2","notes":"great seller.pleasure to deal with"},
{"id":"29614","rater_nick":"nystorm","rated_nick":"arbitrage","created_at":"1376871102.97383","rating":"1","notes":"PPUSD for BTC! Smooth small tx"},
{"id":"29675","rater_nick":"arij","rated_nick":"arbitrage","created_at":"1377039169.62082","rating":"1","notes":"my btc for a chase deposit($2000). he went first"},
{"id":"29724","rater_nick":"JTurnerBTC","rated_nick":"arbitrage","created_at":"1377872312.24664","rating":"-10","notes":"Sent user 3 btc for cash in mail. Still have not received cash and 0 communication. Do not use this users services. I believe he buys btc without having cash, then tries to sell them quick and send money to seller. Well it looks like that didn't happen too fast this time and he gave up."},
{"id":"29742","rater_nick":"tokanbulu","rated_nick":"arbitrage","created_at":"1377222839.50195","rating":"1","notes":"His PP for my btc."},
{"id":"29775","rater_nick":"iamatrix","rated_nick":"arbitrage","created_at":"1377268798.72337","rating":"1","notes":"my btc for his PP smooth trans, nice guy"},
{"id":"29843","rater_nick":"hellohell","rated_nick":"arbitrage","created_at":"1378829023.12323","rating":"2","notes":"my $216 amazon for his btc, very smooth"},
{"id":"29894","rater_nick":"prophexxy","rated_nick":"arbitrage","created_at":"1378047063.65409","rating":"2","notes":"My $200 for his BTC."},
{"id":"29919","rater_nick":"funkymunky","rated_nick":"arbitrage","created_at":"1377765621.33663","rating":"-5","notes":"Said he accepted BoA payments even though he had no BoA account. Took my money and said he'd deliver the BTC in 1 hour. Now it's been over 5 hours he's saying he couldn't open an account and my money's stuck with him. He was dragging it out and started being somewhat rude. I have now cancelled the BoA transfer."},
{"id":"30011","rater_nick":"tekkend","rated_nick":"arbitrage","created_at":"1377918260.22669","rating":"1","notes":"my btc for there paypal! Thanks"},
{"id":"30097","rater_nick":"CompulsiveConfig","rated_nick":"arbitrage","created_at":"1378172494.32645","rating":"1","notes":"Easy transaction, my Amazon for his BTC"},
{"id":"30099","rater_nick":"wondercow11","rated_nick":"arbitrage","created_at":"1378336617.29363","rating":"2","notes":"another smooth transaction! my ppusd for his btc!"},
{"id":"30110","rater_nick":"boogiedown","rated_nick":"arbitrage","created_at":"1378215249.66454","rating":"2","notes":"did some exhcnagin'"},
{"id":"30113","rater_nick":"kiefster","rated_nick":"arbitrage","created_at":"1378228373.00345","rating":"1","notes":"my bitcoins for his PPusd"},
{"id":"30137","rater_nick":"Epod","rated_nick":"arbitrage","created_at":"1378270920.15319","rating":"2","notes":"Bought My BTC Via PP."},
{"id":"30142","rater_nick":"peezr","rated_nick":"arbitrage","created_at":"1387065498.15255","rating":"2","notes":"Good dude, thanks again! My BTC for his MP"},
{"id":"30156","rater_nick":"AriGold","rated_nick":"arbitrage","created_at":"1389040748.84739","rating":"8","notes":"well up into 5 digits...this guy is a legend"},
{"id":"30185","rater_nick":"caerian","rated_nick":"arbitrage","created_at":"1378421901.1101","rating":"1","notes":"His BTC for my MP."},
{"id":"30189","rater_nick":"benten","rated_nick":"arbitrage","created_at":"1378433997.91629","rating":"2","notes":"good trader, honest and up front. will trade with again. Btc bling bling."},
{"id":"30203","rater_nick":"keeble","rated_nick":"arbitrage","created_at":"1378491512.06501","rating":"1","notes":"pp>btc easy and quick, thanks!"},
{"id":"30218","rater_nick":"danieldaniel","rated_nick":"arbitrage","created_at":"1380224905.68901","rating":"4","notes":"Few deals; all worked out OK."},
{"id":"30229","rater_nick":"Ex0deus","rated_nick":"arbitrage","created_at":"1378678878.26642","rating":"1","notes":"small BTC to PPUSD txn"},
{"id":"30274","rater_nick":"ukd1","rated_nick":"arbitrage","created_at":"1378773794.87918","rating":"1","notes":"0.07 btc for $10 agc, thanks for the help!"},
{"id":"30288","rater_nick":"wahbaduck","rated_nick":"arbitrage","created_at":"1381380996.84147","rating":"3","notes":"My pp for his btc, multiple transactions, smooth"},
{"id":"30338","rater_nick":"lotek72","rated_nick":"arbitrage","created_at":"1379081926.57267","rating":"1","notes":"his btc for my amazon gift card. super quick transaction."},
{"id":"30417","rater_nick":"tim-tams","rated_nick":"arbitrage","created_at":"1382983759.11705","rating":"3","notes":"My silver for his BTC. Paid quickly, smooth deal."},
{"id":"30433","rater_nick":"BrokenCog","rated_nick":"arbitrage","created_at":"1379550906.22496","rating":"3","notes":"Folllowed through after losing comms, went out of his way to finish trade."},
{"id":"30469","rater_nick":"dmzpkts","rated_nick":"arbitrage","created_at":"1386721623.87226","rating":"7","notes":"My Btc, his cash D, multiple transactions. Trusted Trader"},
{"id":"30504","rater_nick":"Msnimbus","rated_nick":"arbitrage","created_at":"1379814462.28209","rating":"2","notes":"My Moneypak for 2 BTC. Smooth transaction."},
{"id":"30593","rater_nick":"_ankh_","rated_nick":"arbitrage","created_at":"1380293778.8891","rating":"2","notes":"Cash D for his BTC"},
{"id":"30733","rater_nick":"kromul","rated_nick":"arbitrage","created_at":"1380914045.57551","rating":"1","notes":"Sold him Amazon giftcard. Good trade legit member"},
{"id":"30734","rater_nick":"psymin","rated_nick":"arbitrage","created_at":"1384462199.85176","rating":"2","notes":"I trust 'em my BTC for MP"},
{"id":"30809","rater_nick":"zkoynz","rated_nick":"arbitrage","created_at":"1383234861.41453","rating":"4","notes":"First f2f trade. Awesome dude. Go Austin Bitcoin!!"},
{"id":"30845","rater_nick":"grapevine","rated_nick":"arbitrage","created_at":"1394135342.6862","rating":"3","notes":"pp>btc, and 300 cash dep fro his btc, thx"},
{"id":"30862","rater_nick":"HappyFish","rated_nick":"arbitrage","created_at":"1381944492.85789","rating":"3","notes":"Stand up guy, great seller!"},
{"id":"30949","rater_nick":"ThOr101","rated_nick":"arbitrage","created_at":"1381865756.48547","rating":"1","notes":"The transaction was so smooth they could use it as a lubricant."},
{"id":"30953","rater_nick":"LoneWolf367","rated_nick":"arbitrage","created_at":"1381894839.84815","rating":"1","notes":"Very fast and easy transaction accepting WU for 1 BTC"},
{"id":"30968","rater_nick":"classicperk","rated_nick":"arbitrage","created_at":"1381962052.69365","rating":"1","notes":"sold him 1.4 btc for moneypak"},
{"id":"31085","rater_nick":"torquin","rated_nick":"arbitrage","created_at":"1382473091.0271","rating":"1","notes":"my BTC his MP FAST!"},
{"id":"31229","rater_nick":"coolty","rated_nick":"arbitrage","created_at":"1410899176.95059","rating":"-1","notes":"My BTC for his MP twice, turned out to be a scammer apparently. updating this so let you know."},
{"id":"31241","rater_nick":"easyat","rated_nick":"arbitrage","created_at":"1389447472.15359","rating":"3","notes":"Multiple trades. Always smooth and a nice guy to boot"},
{"id":"31334","rater_nick":"weenfan","rated_nick":"arbitrage","created_at":"1389750343.4733","rating":"2","notes":"multiple smooth transactions .. :)"},
{"id":"31336","rater_nick":"therealNano","rated_nick":"arbitrage","created_at":"1383607509.49221","rating":"1","notes":"my BTC for Vanilla Reload. Fast and smooth. I send 1\/2 first"},
{"id":"31377","rater_nick":"themanofflower","rated_nick":"arbitrage","created_at":"1383775061.60342","rating":"2","notes":"his btc for my agc. First trade!"},
{"id":"31552","rater_nick":"bingoboingo","rated_nick":"arbitrage","created_at":"1384455153.92328","rating":"1","notes":"Smooth fast transaction"},
{"id":"31742","rater_nick":"LuckyHeaven","rated_nick":"arbitrage","created_at":"1384886698.16247","rating":"2","notes":"Excellent trader. BTC to moneypak trade,will buy again!"},
{"id":"32366","rater_nick":"Dizzle","rated_nick":"arbitrage","created_at":"1392937638.11848","rating":"4","notes":"Several transactions now. A great person to work with."},
{"id":"32760","rater_nick":"Blazed","rated_nick":"arbitrage","created_at":"1392757605.71864","rating":"5","notes":"many deals.. reliable..Smooth\u2122"},
{"id":"32777","rater_nick":"moneycat","rated_nick":"arbitrage","created_at":"1387498886.86549","rating":"1","notes":"my btc for his ltc"},
{"id":"32953","rater_nick":"opticbit","rated_nick":"arbitrage","created_at":"1388227394.13262","rating":"2","notes":null},
{"id":"33119","rater_nick":"hoova53","rated_nick":"arbitrage","created_at":"1389141013.73858","rating":"1","notes":"my btc for his pp"},
{"id":"33371","rater_nick":"shesek","rated_nick":"arbitrage","created_at":"1390515837.83427","rating":"1","notes":"my ltc for his btc"},
{"id":"33604","rater_nick":"csm","rated_nick":"arbitrage","created_at":"1391719205.56938","rating":"3","notes":"four digit sale of BTC via cash deposit"},
{"id":"33613","rater_nick":"designdream","rated_nick":"arbitrage","created_at":"1391732298.53368","rating":"5","notes":"real, f2f, solid"},
{"id":"33671","rater_nick":"soqquadro","rated_nick":"arbitrage","created_at":"1392055542.08565","rating":"1","notes":"My BTC for his Paypal USD"},
{"id":"33714","rater_nick":"notplato","rated_nick":"arbitrage","created_at":"1392164814.13434","rating":"5","notes":null},
{"id":"33836","rater_nick":"alpha1131","rated_nick":"arbitrage","created_at":"1392761049.49344","rating":"1","notes":"my WF Cash Deposit for his BTC."},
{"id":"34030","rater_nick":"bitblanket","rated_nick":"arbitrage","created_at":"1393533549.9649","rating":"1","notes":"smooth, fast transaction. His BTC for my bank deposit."},
{"id":"34098","rater_nick":"tweeeaks","rated_nick":"arbitrage","created_at":"1393973672.1582","rating":"2","notes":"his $usd$ for my btc"},
{"id":"34488","rater_nick":"bitcambodia","rated_nick":"arbitrage","created_at":"1397012953.2098","rating":"1","notes":"efficient transaction, looking forward to next time"},
{"id":"34636","rater_nick":"sic_nic","rated_nick":"arbitrage","created_at":"1399492343.54302","rating":"-10","notes":"Person failed to hold up his end of the bargain, took payment and ran, fraudster."},
{"id":"34774","rater_nick":"fbastage","rated_nick":"arbitrage","created_at":"1397943581.80087","rating":"2","notes":"p2p trade, good amount. easy to deal, cool guy"},
{"id":"35179","rater_nick":"GlooBoy","rated_nick":"arbitrage","created_at":"1399492829.224","rating":"-7","notes":"Scammed JturnerBTC - Nobody believed him. [08\/30\/13-13:07] <Arbitrage> You've made your decision about me. But when I'm still here in 6 months, maybe we can do some deals. and [08\/30-13:02] <Arbitrage> JTurnerBTC sent me 4 BTC for Cash In Mail. I switched 2 packages. 1 to my brother and one to him."},
{"id":"35180","rater_nick":"joecool","rated_nick":"arbitrage","created_at":"1399492896.12097","rating":"-3","notes":"looks like aethero 2.0"}
]
