[
{"id":"27179","rater_nick":"Delerium","rated_nick":"archon777","created_at":"1373529329.91874","rating":"3","notes":"Multiple trades on bitbargain. No problems at all"},
{"id":"27396","rater_nick":"BlankZ","rated_nick":"archon777","created_at":"1373879201.59774","rating":"1","notes":"Bought BTC from me on BitBargain.co.uk with Pingit"},
{"id":"29968","rater_nick":"Pieh0","rated_nick":"archon777","created_at":"1377812497.97817","rating":"1","notes":"bought 2.9btc on bitbargain. Super quick buyer."}
]
