[
{"id":"12502","rater_nick":"rg","rated_nick":"area","created_at":"1341934174.1221","rating":"1","notes":"20 BTC UK Bank->Bank transfer"},
{"id":"12596","rater_nick":"Usagi","rated_nick":"area","created_at":"1342190823.08554","rating":"1","notes":"good deal, thanks"},
{"id":"15727","rater_nick":"jine","rated_nick":"area","created_at":"1349391091.09734","rating":"5","notes":"For his honesty against Bitlc.net (Reporting a serious bug, without trying to activly exploit it). Thanks."},
{"id":"17399","rater_nick":"tenakha","rated_nick":"area","created_at":"1352974465.26709","rating":"1","notes":"bought 20 BTC, he sent first. Hope to trade with again soon. Easy transaction."},
{"id":"23833","rater_nick":"wijman","rated_nick":"area","created_at":"1365860953.91874","rating":"1","notes":"Bought three BTC - Fast pain free payment..."},
{"id":"24114","rater_nick":"sungazer","rated_nick":"area","created_at":"1366198476.46659","rating":"1","notes":"sold 3 BTC via uk faster payments xfer - smooth transaction"},
{"id":"24501","rater_nick":"cplbitcoin","rated_nick":"area","created_at":"1366922369.43096","rating":"8","notes":"Awesome chap, friends for many years"}
]
