[
{"id":"30150","rater_nick":"gwern","rated_nick":"AriGold","created_at":"1378309442.52242","rating":"1","notes":"My 0.1btc for his $13 PPUSD; so far so good"},
{"id":"30154","rater_nick":"arbitrage","rated_nick":"AriGold","created_at":"1389132245.29417","rating":"7","notes":"So many deals back and forth I've lost count"},
{"id":"30258","rater_nick":"BCB","rated_nick":"AriGold","created_at":"1389290491.57366","rating":"4","notes":"XBT for Chase. He's the man!"},
{"id":"30262","rater_nick":"timechanger","rated_nick":"AriGold","created_at":"1378754910.86417","rating":"1","notes":"my btc for his PP"},
{"id":"31488","rater_nick":"Anoxy","rated_nick":"AriGold","created_at":"1384199752.58534","rating":"3","notes":"very good and smooth PPUSD-> BTC"},
{"id":"31498","rater_nick":"Cusipzzz","rated_nick":"AriGold","created_at":"1386612104.18807","rating":"5","notes":"many transactions, all smooth"},
{"id":"31516","rater_nick":"Coinpawn","rated_nick":"AriGold","created_at":"1384367152.18566","rating":"1","notes":"Great trooper! My precious bitcoins for his moneypak! Thanks"},
{"id":"31665","rater_nick":"congregate","rated_nick":"AriGold","created_at":"1390750337.33782","rating":"3","notes":"my PPUSD for their BTC, silky and smooth"},
{"id":"31705","rater_nick":"kork","rated_nick":"AriGold","created_at":"1384828746.2575","rating":"1","notes":"smooth. Thanks!"},
{"id":"31713","rater_nick":"cluelessperson","rated_nick":"AriGold","created_at":"1384835995.77674","rating":"1","notes":"His BoA Account transfer for my BTC. Everything smooth and easy."},
{"id":"31855","rater_nick":"Mad7Scientist","rated_nick":"AriGold","created_at":"1385154322.63506","rating":"2","notes":"~$600 CITM. Sent first."},
{"id":"31993","rater_nick":"masterofdisguise","rated_nick":"AriGold","created_at":"1385423088.55852","rating":"1","notes":"Sold a small amount of BTC through Square Cash. Smooth transaction."},
{"id":"32037","rater_nick":"nkr","rated_nick":"AriGold","created_at":"1385563014.53683","rating":"1","notes":"purchased steam game with my btc"},
{"id":"32054","rater_nick":"sovern","rated_nick":"AriGold","created_at":"1385876970.93977","rating":"1","notes":"Accused of scamming vanilla_unicorn. Logs clearly show someone nick squatting on Arigold on 11\/19\/2013"},
{"id":"32076","rater_nick":"esaym153","rated_nick":"AriGold","created_at":"1385582833.45138","rating":"3","notes":"smooth, moneypak for btc, honest"},
{"id":"32078","rater_nick":"tking0036","rated_nick":"AriGold","created_at":"1389636962.99455","rating":"1","notes":"Quick LTC for PPUSD"},
{"id":"32079","rater_nick":"diatonic","rated_nick":"AriGold","created_at":"1385590326.79953","rating":"1","notes":"My BTC for his PPUSD. Smooth. Will update if needed."},
{"id":"32147","rater_nick":"dmzpkts","rated_nick":"AriGold","created_at":"1385730699.46789","rating":"1","notes":"my btc for his ppusd, very quick and smooth."},
{"id":"32268","rater_nick":"therealNano","rated_nick":"AriGold","created_at":"1386030524.00699","rating":"9","notes":"He literally has my safe"},
{"id":"32302","rater_nick":"kaniini","rated_nick":"AriGold","created_at":"1386731133.05586","rating":"2","notes":"his ppusd for my btc, smooth as always"},
{"id":"32303","rater_nick":"caerian","rated_nick":"AriGold","created_at":"1386116438.6685","rating":"1","notes":"his ppusd for my bitcoins, quick and smoooth"},
{"id":"32324","rater_nick":"gruvfunk","rated_nick":"AriGold","created_at":"1386186711.70642","rating":"1","notes":"perfect"},
{"id":"32338","rater_nick":"encalibur","rated_nick":"AriGold","created_at":"1386214089.60088","rating":"1","notes":"his PPUSD for my BTC - no issues"},
{"id":"32356","rater_nick":"promethyl","rated_nick":"AriGold","created_at":"1386774148.85642","rating":"3","notes":"multiple trades 3+, univ-educ, works with seller."},
{"id":"32398","rater_nick":"lilb30","rated_nick":"AriGold","created_at":"1386723870.43265","rating":"2","notes":"my btc for gc thanks"},
{"id":"32399","rater_nick":"simran","rated_nick":"AriGold","created_at":"1388721747.46297","rating":"4","notes":"A lot of BTC-e USD and PP trades with this guy.. smooth and fast!"},
{"id":"32452","rater_nick":"LtBrenton","rated_nick":"AriGold","created_at":"1386617736.12219","rating":"1","notes":"Small tx, PPUSD to BTC, successful, nothing to report, no bobcats arrived in mail, all good"},
{"id":"32465","rater_nick":"DingoRabiit","rated_nick":"AriGold","created_at":"1386726994.65359","rating":"1","notes":"Very comfortable to trade with, was patent and he seemed very trustworthy"},
{"id":"32483","rater_nick":"rg","rated_nick":"AriGold","created_at":"1390330991.50635","rating":"2","notes":"boom boom boom boom boom boom let me here you say way-o way-o"},
{"id":"32734","rater_nick":"camolist","rated_nick":"AriGold","created_at":"1387350101.18826","rating":"3","notes":"an awesome in person cash for Casascius trade"},
{"id":"32747","rater_nick":"nubbins`","rated_nick":"AriGold","created_at":"1391363523.21785","rating":"2","notes":"several trades, mutual trust"},
{"id":"33036","rater_nick":"damier","rated_nick":"AriGold","created_at":"1388723951.33271","rating":"1","notes":"BTC for his PPUSD, quick and easy."},
{"id":"33042","rater_nick":"hoova53","rated_nick":"AriGold","created_at":"1388787265.98388","rating":"1","notes":"Nice smooth transaction"},
{"id":"33070","rater_nick":"larrymo","rated_nick":"AriGold","created_at":"1388945908.08454","rating":"1","notes":"my MP for his BTC, small amount"},
{"id":"33073","rater_nick":"lucyDrop","rated_nick":"AriGold","created_at":"1388946038.47171","rating":"1","notes":"My PP USD for his BTC | Worth USD 245 :) Smoooooth!"},
{"id":"33081","rater_nick":"phelps","rated_nick":"AriGold","created_at":"1388958872.70568","rating":"1","notes":"my ppusd for his btc, smooth trade"},
{"id":"33084","rater_nick":"DoctorBTC","rated_nick":"AriGold","created_at":"1388968924.25292","rating":"1","notes":"his PPUSD for my BTC (~$500). Quick 'n Easy\u2122."},
{"id":"33087","rater_nick":"c4pt","rated_nick":"AriGold","created_at":"1389605807.9372","rating":"5","notes":"his cash for my BTC all smooth and easy transactions"},
{"id":"33091","rater_nick":"boonies4u","rated_nick":"AriGold","created_at":"1389039360.70783","rating":"1","notes":"Their PPUSD for my BTC. Fast Txn."},
{"id":"33098","rater_nick":"Immuzikation","rated_nick":"AriGold","created_at":"1389050545.01915","rating":"2","notes":"My BTC for QP. Smooth!"},
{"id":"33110","rater_nick":"peezr","rated_nick":"AriGold","created_at":"1391133556.23039","rating":"2","notes":"My BTC for his PP & ChaseQP, Thanks for the repeated business!"},
{"id":"33118","rater_nick":"easyat","rated_nick":"AriGold","created_at":"1391207109.10241","rating":"5","notes":"The set of all sets that do not contain AriGold"},
{"id":"33125","rater_nick":"TheButterZone","rated_nick":"AriGold","created_at":"1389152148.62974","rating":"1","notes":"Paid bounty for bitcoincharts research"},
{"id":"33162","rater_nick":"Monie","rated_nick":"AriGold","created_at":"1389351235.08576","rating":"1","notes":"PPUSD for LTC 1.65"},
{"id":"33173","rater_nick":"JWU42","rated_nick":"AriGold","created_at":"1389542153.35346","rating":"2","notes":"My BTC for PPUSD - Very PRO - appreciate the help!"},
{"id":"33177","rater_nick":"freelance","rated_nick":"AriGold","created_at":"1396126145.16807","rating":"2","notes":"btc-e code for paypal. smooth trade."},
{"id":"33184","rater_nick":"zinodaur","rated_nick":"AriGold","created_at":"1389520709.91901","rating":"1","notes":"Helped me order some stuff in exchange for BTC. +1"},
{"id":"33191","rater_nick":"Rallye","rated_nick":"AriGold","created_at":"1389553655.73609","rating":"1","notes":"my BTC for his PPusd, small transaction, great guy, i would let him marry my sister"},
{"id":"33201","rater_nick":"markus","rated_nick":"AriGold","created_at":"1389619782.78793","rating":"1","notes":"my btc for his ppusd (small tx)"},
{"id":"33244","rater_nick":"alecpap","rated_nick":"AriGold","created_at":"1389816479.26273","rating":"1","notes":"small btc trade, very smooth"},
{"id":"33421","rater_nick":"dx","rated_nick":"AriGold","created_at":"1390789714.58386","rating":"1","notes":"My BTC for his PPusd, small amount, smooth trade"},
{"id":"33498","rater_nick":"stqism","rated_nick":"AriGold","created_at":"1391195528.69838","rating":"1","notes":"Gribble sucks"},
{"id":"33538","rater_nick":"agentjayjay","rated_nick":"AriGold","created_at":"1391383159.71605","rating":"1","notes":"my btc for ppusd, smooth as silk."},
{"id":"33612","rater_nick":"Michail1","rated_nick":"AriGold","created_at":"1394742682.82411","rating":"2","notes":"Bitcoin something something - Cornflakes and Carbon + 2x straw"}
]
