[
{"id":"9458","rater_nick":"mircea_popescu","rated_nick":"arij","created_at":"1330636929.70731","rating":"1","notes":"tiny btc sale, he sent first."},
{"id":"10463","rater_nick":"DeLorean719","rated_nick":"arij","created_at":"1335027439.62513","rating":"1","notes":"honest <3"},
{"id":"10588","rater_nick":"GlooBoy","rated_nick":"arij","created_at":"1447200841.99219","rating":"2","notes":"LR to BTC and giftcard consignment purchase"},
{"id":"10622","rater_nick":"rauskimon","rated_nick":"arij","created_at":"1335581937.74723","rating":"1","notes":"fast and easy"},
{"id":"10731","rater_nick":"bitfoo","rated_nick":"arij","created_at":"1344574595.21442","rating":"2","notes":"Paid back multiple small BTC loans in a timely manner"},
{"id":"11505","rater_nick":"sturles","rated_nick":"arij","created_at":"1338998922.63657","rating":"1","notes":"One smooth trade (PP)"},
{"id":"11534","rater_nick":"foggyb","rated_nick":"arij","created_at":"1339099070.83148","rating":"2","notes":"Re-ship for BTC - A+ nice guy"},
{"id":"11836","rater_nick":"moartr4dez","rated_nick":"arij","created_at":"1347940878.99864","rating":"2","notes":"have done a couple trades, latest for popmoney!"},
{"id":"12855","rater_nick":"LaoShanLong","rated_nick":"arij","created_at":"1342710988.8977","rating":"3","notes":"Encountered BTC transaction fee, was nice about the situation. Sold 0.9995 BTC for 9 USD to him."},
{"id":"12856","rater_nick":"jcpham","rated_nick":"arij","created_at":"1371492538.59449","rating":"2","notes":"Paid too much for his USB block eruptermajig"},
{"id":"13071","rater_nick":"Metabank","rated_nick":"arij","created_at":"1343317906.32483","rating":"1","notes":"sold 5 btc for pp"},
{"id":"13233","rater_nick":"anduck","rated_nick":"arij","created_at":"1419543585.37339","rating":"3","notes":"good guy, runs bitvps too"},
{"id":"13283","rater_nick":"bonks","rated_nick":"arij","created_at":"1349376346.21056","rating":"3","notes":"Truthworthy trader"},
{"id":"13298","rater_nick":"uw","rated_nick":"arij","created_at":"1344015818.00162","rating":"1","notes":"3 figure bank deposit for my BTC. smooth and easy"},
{"id":"13482","rater_nick":"ne0futur","rated_nick":"arij","created_at":"1344554053.8688","rating":"1","notes":"first samll transaction, btc for ppusd"},
{"id":"13622","rater_nick":"mvrak","rated_nick":"arij","created_at":"1344884828.38658","rating":"3","notes":"generally concerned with fairness, good guy"},
{"id":"13691","rater_nick":"aethero","rated_nick":"arij","created_at":"1349143271.30484","rating":"4","notes":"Multiple smooth transactions. Serve -> GoxUSD, adwords credit, gold."},
{"id":"13947","rater_nick":"Cylta","rated_nick":"arij","created_at":"1358789531.49834","rating":"5","notes":"Accepted a deal with significant amount of money and made it as expected. Nothing else to say."},
{"id":"13950","rater_nick":"starsoccer","rated_nick":"arij","created_at":"1376781628.80029","rating":"4","notes":"trade for asic"},
{"id":"14160","rater_nick":"Elmf","rated_nick":"arij","created_at":"1346178195.64273","rating":"2","notes":"helped with online payment, very patient"},
{"id":"14325","rater_nick":"ageis","rated_nick":"arij","created_at":"1346994400.97133","rating":"2","notes":null},
{"id":"14343","rater_nick":"lucidlepidoptera","rated_nick":"arij","created_at":"1350341494.23921","rating":"2","notes":"ordered from bitpantry, nice guy! also participated in btcpantry auction"},
{"id":"14463","rater_nick":"Michail1","rated_nick":"arij","created_at":"1448392776.89668","rating":"2","notes":"BTC stuff, ASIC and Steam, chips and salsa"},
{"id":"14639","rater_nick":"psymin","rated_nick":"arij","created_at":"1347312434.26828","rating":"1","notes":"Sold 1 BTC for PPUSD to him\/her. Seems legit"},
{"id":"14747","rater_nick":"RickLandman","rated_nick":"arij","created_at":"1347575952.05444","rating":"1","notes":"smooth transaction, no problems."},
{"id":"14811","rater_nick":"maximumrecursion","rated_nick":"arij","created_at":"1347728473.61364","rating":"2","notes":"Escrowed successful transaction"},
{"id":"14812","rater_nick":"floverton","rated_nick":"arij","created_at":"1347728485.36948","rating":"1","notes":"escrowed btc for moneypak"},
{"id":"14815","rater_nick":"phrog","rated_nick":"arij","created_at":"1347730967.18341","rating":"1","notes":"Helped me get some $$ out of my bank and into my BTC wallet. :)"},
{"id":"14878","rater_nick":"MonocleMan","rated_nick":"arij","created_at":"1375842360.94452","rating":"2","notes":"traded my BoA for his BTC, also traded PayPal in the past"},
{"id":"14880","rater_nick":"sshcl","rated_nick":"arij","created_at":"1347934403.67566","rating":"1","notes":"btc -ppusd , i paid 1st."},
{"id":"15387","rater_nick":"Joric","rated_nick":"arij","created_at":"1348852876.26594","rating":"1","notes":"cool guy, helped me out with PPUSD"},
{"id":"15389","rater_nick":"OneEyed","rated_nick":"arij","created_at":"1349094363.55696","rating":"2","notes":"Did two succesful transactions with him, nice and fast"},
{"id":"15607","rater_nick":"basselisk","rated_nick":"arij","created_at":"1349218706.35826","rating":"1","notes":"excelent user, fast transaction, will trade with him again!"},
{"id":"15708","rater_nick":"geod","rated_nick":"arij","created_at":"1349372121.7705","rating":"1","notes":"sold btc for ppusd. fast transaction"},
{"id":"15726","rater_nick":"boonies4u","rated_nick":"arij","created_at":"1349389877.19378","rating":"1","notes":"spotted me a few bitcents"},
{"id":"15799","rater_nick":"AnonX","rated_nick":"arij","created_at":"1349568974.01944","rating":"1","notes":"bought something for me with credit card worth 25usd, no problems, would do business again"},
{"id":"16659","rater_nick":"fbastage","rated_nick":"arij","created_at":"1351470255.1657","rating":"1","notes":"small tx, bought btc with his paypal"},
{"id":"17137","rater_nick":"dparrish","rated_nick":"arij","created_at":"1354160771.34586","rating":"2","notes":"2 BTC for PPUSD transactions, one each way"},
{"id":"17686","rater_nick":"BCB","rated_nick":"arij","created_at":"1354392600.99379","rating":"2","notes":"another small SERVE=>BTC trade"},
{"id":"17807","rater_nick":"ElevatedDownfall","rated_nick":"arij","created_at":"1358134312.39614","rating":"4","notes":"3 successful transactions. both my bitcoin for his ppusd. Also sent me back extra BTC since I undercharged on accident. Extremely cool thing to do. played and won in #bitcoin-gameshow"},
{"id":"18229","rater_nick":"Shrugged","rated_nick":"arij","created_at":"1354478560.61665","rating":"1","notes":"This guy is legit! Easy to work with."},
{"id":"18501","rater_nick":"theymos","rated_nick":"arij","created_at":"1355010982.88599","rating":"1","notes":null},
{"id":"18888","rater_nick":"Kelticfox","rated_nick":"arij","created_at":"1356105834.75244","rating":"1","notes":"Attended Bitcoin-Court. Scammed by LadyPearl (ex-boyfriend of current user). 550USD reimbursed by EpisKing."},
{"id":"18893","rater_nick":"d34th","rated_nick":"arij","created_at":"1356057768.3505","rating":"2","notes":"quick trade"},
{"id":"18894","rater_nick":"easyat","rated_nick":"arij","created_at":"1387579791.38298","rating":"3","notes":"Never was there a time when I did not exist nor you nor these lords of men. Neither will there be a time when we shall not exist; we all exist from now on. As the soul experiences in this body childhood, youth, and old age, so also it acquires another body; the sage in this is not deluded."},
{"id":"18997","rater_nick":"TheButterZone","rated_nick":"arij","created_at":"1373401252.23035","rating":"2","notes":"His Serve for my 1\/2 BTC, my BTC for eBay Bucks proxy purchase"},
{"id":"19164","rater_nick":"adinxn","rated_nick":"arij","created_at":"1356759147.28015","rating":"1","notes":"Fast transaction. His paypal for my BTC. Will do business again."},
{"id":"19203","rater_nick":"nightmann","rated_nick":"arij","created_at":"1356825963.81685","rating":"1","notes":"quick, painless bank of america p2p => BTC"},
{"id":"19328","rater_nick":"bonjurkes","rated_nick":"arij","created_at":"1357258805.6317","rating":"-1","notes":"return of your fake rating"},
{"id":"19845","rater_nick":"a5m0","rated_nick":"arij","created_at":"1364955526.46332","rating":"3","notes":"bought my mtgoxusd for bank transfer multiple times"},
{"id":"19978","rater_nick":"Gladamas","rated_nick":"arij","created_at":"1359091570.27214","rating":"1","notes":"Sold ~3 BTC for Chase QP, smooth tx"},
{"id":"20167","rater_nick":"pigeons","rated_nick":"arij","created_at":"1359641636.0284","rating":"1","notes":"good work with bitvps"},
{"id":"20170","rater_nick":"Mad7Scientist","rated_nick":"arij","created_at":"1359654835.35326","rating":"1","notes":"Bought ~5 BTC total from me with PP"},
{"id":"20326","rater_nick":"weenfan","rated_nick":"arij","created_at":"1360341418.57067","rating":"4","notes":"btc\/goxusd for multiple boa usd xfers"},
{"id":"20581","rater_nick":"RBecker","rated_nick":"arij","created_at":"1361038829.00856","rating":"2","notes":"Took my PPUSD for his GOXUSD. I sent first."},
{"id":"20970","rater_nick":"abrkn","rated_nick":"arij","created_at":"1362158813.10098","rating":"1","notes":"sold xrp for btc"},
{"id":"21049","rater_nick":"madberry","rated_nick":"arij","created_at":"1362290750.53688","rating":"1","notes":"My XRP for his BTC"},
{"id":"21328","rater_nick":"tborg","rated_nick":"arij","created_at":"1362838369.49876","rating":"1","notes":"rewarded me for some writing work. a-ok"},
{"id":"23200","rater_nick":"DreadKnight","rated_nick":"arij","created_at":"1365366382.11262","rating":"2","notes":"Good trade! my btc for his PP, decent amount"},
{"id":"23224","rater_nick":"JWU42","rated_nick":"arij","created_at":"1365385158.06531","rating":"1","notes":"Short mining lease - immediate payment - look forward to more transactions!"},
{"id":"23460","rater_nick":"Synops","rated_nick":"arij","created_at":"1365529444.08365","rating":"1","notes":"cool person, I paid a bill for them in exchange for BTC. Easy to deal with!"},
{"id":"23556","rater_nick":"Phoebus","rated_nick":"arij","created_at":"1365616406.8274","rating":"2","notes":"Quick btc for pp"},
{"id":"24043","rater_nick":"Immuzikation","rated_nick":"arij","created_at":"1366477015.06687","rating":"2","notes":"My BTC-e for PP. My BoA for BTC. Always smooth!"},
{"id":"24539","rater_nick":"NxTitle","rated_nick":"arij","created_at":"1366989556.14553","rating":"2","notes":"paid BTC for server payment"},
{"id":"24599","rater_nick":"Usagi","rated_nick":"arij","created_at":"1408715816.88467","rating":"2","notes":"I like BitVPS."},
{"id":"24618","rater_nick":"barbarousrelic","rated_nick":"arij","created_at":"1367162750.53891","rating":"1","notes":"Good smooth transaction"},
{"id":"24767","rater_nick":"MmmmYah","rated_nick":"arij","created_at":"1367382908.80756","rating":"1","notes":"very unusual trade .. I paid his invoice in exchange for btc.. ha I love otc ;)"},
{"id":"24827","rater_nick":"Rawted","rated_nick":"arij","created_at":"1367468830.25385","rating":"1","notes":"Always been a good guy in OTC. Sold him some ltc for btc. Smooth, as expected."},
{"id":"25093","rater_nick":"Sleepnbum","rated_nick":"arij","created_at":"1374187641.28","rating":"5","notes":"many transaction BTC -> BoA always smooth!"},
{"id":"25682","rater_nick":"bock","rated_nick":"arij","created_at":"1369414562.62623","rating":"1","notes":"Sold him BTC for PPEUR. Nice and patient buyer"},
{"id":"25961","rater_nick":"Dm90","rated_nick":"arij","created_at":"1370058159.50215","rating":"1","notes":"Met in person at NYC, paid cash for 8 BTC. Honest guy"},
{"id":"26083","rater_nick":"themartianist","rated_nick":"arij","created_at":"1370394725.14433","rating":"1","notes":"btc for retail purchase, smooth transaction."},
{"id":"26267","rater_nick":"designdream","rated_nick":"arij","created_at":"1370813273.66013","rating":"1","notes":"smooth smooth... thanks"},
{"id":"27024","rater_nick":"Exocyst","rated_nick":"arij","created_at":"1372796583.34752","rating":"1","notes":"Speedy transaction 2BTC for my USD BofA instant transfer."},
{"id":"27569","rater_nick":"lowroller","rated_nick":"arij","created_at":"1374209756.1185","rating":"1","notes":"Good transaction"},
{"id":"27739","rater_nick":"Scrat","rated_nick":"arij","created_at":"1374425609.45419","rating":"4","notes":"4 digit transaction"},
{"id":"28689","rater_nick":"Blitz-","rated_nick":"arij","created_at":"1376539210.10055","rating":"2","notes":"Multiple large transactions went smooth"},
{"id":"29319","rater_nick":"evilfix","rated_nick":"arij","created_at":"1376590786.06568","rating":"1","notes":"direct depo for his btc"},
{"id":"29370","rater_nick":"phillsphinest","rated_nick":"arij","created_at":"1376594440.3227","rating":"1","notes":"great guy. $800 tx and cut his rate in half. Will be back"},
{"id":"29549","rater_nick":"mugu","rated_nick":"arij","created_at":"1376689700.11836","rating":"3","notes":"fast and fair, bofa->btc look forward to future dealings"},
{"id":"29660","rater_nick":"cazocheese","rated_nick":"arij","created_at":"1376970255.5618","rating":"1","notes":"Very fast, super smooth!"},
{"id":"29674","rater_nick":"arbitrage","rated_nick":"arij","created_at":"1377030489.53368","rating":"3","notes":"my bank deposit for his btc ccchhhyyyeeeaaa"},
{"id":"29677","rater_nick":"wahbaduck","rated_nick":"arij","created_at":"1377032491.78115","rating":"2","notes":"My Escrow + transaction highly trusted"},
{"id":"29684","rater_nick":"funkymunky","rated_nick":"arij","created_at":"1377804089.87237","rating":"2","notes":"My BoA for his BTC, fast delivery and got a discount."},
{"id":"29739","rater_nick":"random_cat","rated_nick":"arij","created_at":"1377213826.03483","rating":"2","notes":"my 4 figure USD cash deposit for his btc. i am well pleased"},
{"id":"29779","rater_nick":"Blazed","rated_nick":"arij","created_at":"1389988246.51376","rating":"5","notes":"tons of trades, LTC, BITVPS, and Casascius coins..Smooth\u2122"},
{"id":"30123","rater_nick":"elevatioN","rated_nick":"arij","created_at":"1378240480.45641","rating":"1","notes":"multiple trades cash in his bank for btc in mahh wallet"},
{"id":"30177","rater_nick":"danieldaniel","rated_nick":"arij","created_at":"1384134182.54418","rating":"9","notes":"He's my homeshizzle."},
{"id":"30416","rater_nick":"tim-tams","rated_nick":"arij","created_at":"1395017339.59686","rating":"4","notes":"Sold him silver, physical Bitcoins, and ad space. Good trader."},
{"id":"31172","rater_nick":"tweeeaks","rated_nick":"arij","created_at":"1438309251.01639","rating":"5","notes":"in my crew fo sho... cas coin deals, silver, gamble...he legit"},
{"id":"31174","rater_nick":"Vl4dim1r","rated_nick":"arij","created_at":"1382842418.51353","rating":"1","notes":"Fun game!"},
{"id":"31309","rater_nick":"markus","rated_nick":"arij","created_at":"1417126306.94993","rating":"4","notes":"too many different things."},
{"id":"31854","rater_nick":"cluelessperson","rated_nick":"arij","created_at":"1385151965.76266","rating":"1","notes":"My BoA Cash Deposit for his 0.2 BTC. Professional and Smooth."},
{"id":"32263","rater_nick":"BigBitz","rated_nick":"arij","created_at":"1386001128.49831","rating":"2","notes":"Mutlitple deals and helped me with shipping. Trusted dude."},
{"id":"32360","rater_nick":"therealNano","rated_nick":"arij","created_at":"1386269311.68384","rating":"2","notes":"traded titan and casascius coins. smooth and fast. trustworthy"},
{"id":"32474","rater_nick":"stqism","rated_nick":"arij","created_at":"1386743988.54613","rating":"1","notes":"Provided legal consultation, paid fairly and on time"},
{"id":"33862","rater_nick":"rg","rated_nick":"arij","created_at":"1392847702.3","rating":"3","notes":"sexual deviant"},
{"id":"33887","rater_nick":"Dizzle","rated_nick":"arij","created_at":"1392919580.62764","rating":"1","notes":"Cash and BTC, my risk, smooth transaction."},
{"id":"33889","rater_nick":"aegis","rated_nick":"arij","created_at":"1392921782.87168","rating":"2","notes":"traded my BoA for his BTC... =>$1K... Trustworthy."},
{"id":"34067","rater_nick":"nezZario","rated_nick":"arij","created_at":"1393827612.21526","rating":"2","notes":"His BTC for my Programming. Excellent, no issues, quick payment, would love to do business again soon."},
{"id":"34494","rater_nick":"grapevine","rated_nick":"arij","created_at":"1397078330.69703","rating":"2","notes":"my cash dep his btc. $900"},
{"id":"35164","rater_nick":"joecool","rated_nick":"arij","created_at":"1399361615.97383","rating":"1","notes":"small transaction for graphic work"},
{"id":"35781","rater_nick":"csm","rated_nick":"arij","created_at":"1403549114.57838","rating":"1","notes":"regular"},
{"id":"37213","rater_nick":"HoMM","rated_nick":"arij","created_at":"1417044981.15314","rating":"1","notes":"Bought $50 worth of BTC from him by Paypal, great guy and enjoyable trade, recommended! :)"},
{"id":"37559","rater_nick":"darsie","rated_nick":"arij","created_at":"1423858287.62558","rating":"-1","notes":"arij_ claims to be arij. Refuses to auth <darsie> auth <arij_> No way. You can't make me. Trades with Starsoccer. Starsoccer: nah he is the real arij <darsie> If I lose trust in you I can update your rating. <arij_> Well that would be mean. He isn't even here http:\/\/pastebin.com\/TAjh3egp ."}
]
