[
{"id":"8660","rater_nick":"nanotube","rated_nick":"armariables","created_at":"1326863467.07429","rating":"1","notes":"small trade"},
{"id":"8749","rater_nick":"imsaguy","rated_nick":"armariables","created_at":"1327283344.97922","rating":"1","notes":null},
{"id":"10427","rater_nick":"seco","rated_nick":"armariables","created_at":"1336383247.44158","rating":"1","notes":"Loaned him smaller amount of BTC: Kept the agreed maturity date and amount of payback par excellence! **"},
{"id":"10430","rater_nick":"Blazr","rated_nick":"armariables","created_at":"1335981260.13432","rating":"1","notes":"Paid back BTC loan in full and a few days early. Trustworthy guy, would deal with him again"}
]
