[
{"id":"34102","rater_nick":"bingoboingo","rated_nick":"artifexd","created_at":"1404058124.03871","rating":"2","notes":"atc liquidity"},
{"id":"34362","rater_nick":"pete_dushenski","rated_nick":"artifexd","created_at":"1397694796.45549","rating":"1","notes":"nudger"},
{"id":"34527","rater_nick":"assbot","rated_nick":"artifexd","created_at":"1397196723.81554","rating":"1","notes":"#bitcoin-assets"},
{"id":"35089","rater_nick":"mircea_popescu","rated_nick":"artifexd","created_at":"1399030228.16267","rating":"1","notes":"Best story of a nick I ever heard."},
{"id":"35278","rater_nick":"danielpbarron","rated_nick":"artifexd","created_at":"1400200999.26346","rating":"1","notes":"runs bitbet bot in #bitcoin-assets"},
{"id":"35871","rater_nick":"punkman","rated_nick":"artifexd","created_at":"1404061536.22697","rating":"1","notes":"small btc\/atc trade | irc bot herder"},
{"id":"35938","rater_nick":"thickasthieves","rated_nick":"artifexd","created_at":"1404312354.09249","rating":"2","notes":"quick and easy OTC ATC"},
{"id":"36330","rater_nick":"mod6","rated_nick":"artifexd","created_at":"1407639646.58647","rating":"1","notes":"#bitcoin-assets & runs bitbet ircbot"}
]
