[
{"id":"1946","rater_nick":"JSharp","rated_nick":"Artifex","created_at":"1304754287.73507","rating":"1","notes":"great first transaction :)"},
{"id":"2332","rater_nick":"tjfontaine","rated_nick":"Artifex","created_at":"1305333120.48268","rating":"3","notes":"RL Friend"},
{"id":"2353","rater_nick":"Keefe","rated_nick":"Artifex","created_at":"1305359130.6882","rating":"1","notes":null},
{"id":"2436","rater_nick":"darec","rated_nick":"Artifex","created_at":"1305435599.52843","rating":"1","notes":"Friendly. Fast, smooth payment."},
{"id":"2499","rater_nick":"gwillen","rated_nick":"Artifex","created_at":"1305515644.36754","rating":"1","notes":"Paid prompty, thanks :-)"},
{"id":"2518","rater_nick":"VastLite","rated_nick":"Artifex","created_at":"1305574415.88446","rating":"1","notes":null},
{"id":"2522","rater_nick":"toffoo","rated_nick":"Artifex","created_at":"1305581727.28417","rating":"1","notes":"smooth tx via Chase Quickpay"},
{"id":"3194","rater_nick":"d4rks","rated_nick":"Artifex","created_at":"1306533845.86162","rating":"2","notes":null},
{"id":"3968","rater_nick":"Shocky","rated_nick":"Artifex","created_at":"1307259261.92253","rating":"1","notes":"sloooow but still successful"},
{"id":"3976","rater_nick":"snowing","rated_nick":"Artifex","created_at":"1307263971.72187","rating":"1","notes":null},
{"id":"4091","rater_nick":"T3mpn4me","rated_nick":"Artifex","created_at":"1307316233.16444","rating":"1","notes":"quick transaction and even sent BTC first thanx"},
{"id":"4100","rater_nick":"campbeld","rated_nick":"Artifex","created_at":"1307322433.41482","rating":"1","notes":"my first whole BTC, thanks artifex for easy trade"},
{"id":"4124","rater_nick":"opello","rated_nick":"Artifex","created_at":"1307339858.83125","rating":"2","notes":"ppusd <-> mtgusd"},
{"id":"4131","rater_nick":"Jaik3n","rated_nick":"Artifex","created_at":"1307348378.17804","rating":"5","notes":"Fast Transaction, Good Buyer PPUSD"},
{"id":"4817","rater_nick":"freako","rated_nick":"Artifex","created_at":"1307744303.60226","rating":"2","notes":"Good seller, had a pretty fast transaction. Definitely a guy to be trusted"}
]
