[
{"id":"18784","rater_nick":"episking-","rated_nick":"artlong","created_at":"1355845161.06256","rating":"1","notes":"my moneypak for his BTC. Thanks!"},
{"id":"19032","rater_nick":"bonks","rated_nick":"artlong","created_at":"1356473033.8169","rating":"1","notes":"MP for his BTC. Smooth trade"},
{"id":"19226","rater_nick":"sega01","rated_nick":"artlong","created_at":"1356902464.05332","rating":"-5","notes":"Buying BTC for MP. He disconnected after i sent the MP. Total scammer. Will update if he comes back online and the coins actually go through. he did not give a TX id"},
{"id":"19583","rater_nick":"fbastage","rated_nick":"artlong","created_at":"1357928976.78778","rating":"-10","notes":"serial scammer, multiple nicks. see taymm"},
{"id":"25014","rater_nick":"gmaxwell","rated_nick":"artlong","created_at":"1367819495.54464","rating":"-9","notes":"scammer"}
]
