[
{"id":"5893","rater_nick":"bx_","rated_nick":"arvicco","created_at":"1309556396.32058","rating":"2","notes":"g ood trade consistent"},
{"id":"15404","rater_nick":"Michail1","rated_nick":"arvicco","created_at":"1348864881.34322","rating":"1","notes":"Sold BTC for Chase QuickP. Thanks."},
{"id":"20951","rater_nick":"camolist","rated_nick":"arvicco","created_at":"1362114003.68506","rating":"1","notes":"bought my XRP with BTC. i sent first and all went very smooth, thanks!"},
{"id":"21538","rater_nick":"UNOE227","rated_nick":"arvicco","created_at":"1363368790.67627","rating":"1","notes":"Purchased some btc from him"},
{"id":"21698","rater_nick":"fbastage","rated_nick":"arvicco","created_at":"1363798986.64217","rating":"1","notes":"my xrp for his btc. thanks."},
{"id":"21891","rater_nick":"LoweryCBS","rated_nick":"arvicco","created_at":"1364139911.81095","rating":"1","notes":"Bought BTC for XRP. Good businessman!"},
{"id":"22086","rater_nick":"stepkrav","rated_nick":"arvicco","created_at":"1364293004.06232","rating":"1","notes":"One good transaction my XRP for his BTC"},
{"id":"22238","rater_nick":"Scrat","rated_nick":"arvicco","created_at":"1364308052.10602","rating":"1","notes":"My XRP for his BTC"},
{"id":"24636","rater_nick":"lenny_","rated_nick":"arvicco","created_at":"1367181540.2446","rating":"2","notes":"Sold me lots of mining HW (worth over $20k), trustworthy, would do business with him again"},
{"id":"28397","rater_nick":"cory","rated_nick":"arvicco","created_at":"1375732620.87771","rating":"3","notes":"He bought several thousand dollars worth of merchandise from me. He strikes me as quite the stand-up guy. A real pleasure to work with. :)"},
{"id":"28403","rater_nick":"Mqrius","rated_nick":"arvicco","created_at":"1375733083.70821","rating":"4","notes":"Large transaction, no problems!"}
]
