[
{"id":"15498","rater_nick":"jurov","rated_nick":"asa1024","created_at":"1349011012.73402","rating":"1","notes":"prolific coinbr user\/tester"},
{"id":"15510","rater_nick":"anduck","rated_nick":"asa1024","created_at":"1349036787.96243","rating":"2","notes":"trusted person"},
{"id":"15612","rater_nick":"jkidd","rated_nick":"asa1024","created_at":"1349648605.64325","rating":"2","notes":"he sold me bitcoins for amazon gift cards. would trade with again"},
{"id":"15872","rater_nick":"zapsoda","rated_nick":"asa1024","created_at":"1349729162.60642","rating":"4","notes":"Sold website to him, Bought and host domain for him, Bulit forum for him. Very trusted"},
{"id":"16007","rater_nick":"Btcmixers","rated_nick":"asa1024","created_at":"1349981100.56332","rating":"1","notes":"bought logo's for his website. good buy to work with"},
{"id":"16965","rater_nick":"beefsock","rated_nick":"asa1024","created_at":"1352167058.10048","rating":"1","notes":"Made him a logo, he paid for it promptly."},
{"id":"18081","rater_nick":"kromul","rated_nick":"asa1024","created_at":"1356029480.23067","rating":"4","notes":"Good trade. Very polite and good man. Will trade again"}
]
