[
{"id":"32668","rater_nick":"Apocalyptic","rated_nick":"ASAPCA","created_at":"1387182249.24974","rating":"-10","notes":"Shill"},
{"id":"32669","rater_nick":"fktheops","rated_nick":"ASAPCA","created_at":"1387182283.25751","rating":"10","notes":null},
{"id":"32686","rater_nick":"anduck","rated_nick":"ASAPCA","created_at":"1387182855.23259","rating":"-10","notes":"shill"},
{"id":"34314","rater_nick":"kyrio","rated_nick":"ASAPCA","created_at":"1395865402.49144","rating":"-10","notes":"Scammer\/shill accounts: toronto, chieff, robocope, fktheops, ASAPCA, KINGLILJAYYYYYYY, BDKBDK"}
]
