[
{"id":"30373","rater_nick":"mircea_popescu","rated_nick":"asciilifeform","created_at":"1385847104.30507","rating":"3","notes":"S.NSA engineer."},
{"id":"31925","rater_nick":"bingoboingo","rated_nick":"asciilifeform","created_at":"1401842619.41554","rating":"4","notes":"Realized I've been using his writings longer than I remembered"},
{"id":"33528","rater_nick":"jurov","rated_nick":"asciilifeform","created_at":"1398181305.96982","rating":"3","notes":"NSA delivers; met IRL"},
{"id":"34363","rater_nick":"kakobrekla","rated_nick":"asciilifeform","created_at":"1398369695.57721","rating":"3","notes":"met IRL, S.NSA co-owner, runs crypto\/security\/etc\/a bit of bitcoin related blog (loper-os.org)"},
{"id":"34508","rater_nick":"assbot","rated_nick":"asciilifeform","created_at":"1397196390.09811","rating":"1","notes":"#bitcoin-assets"},
{"id":"34571","rater_nick":"ben_vulpes","rated_nick":"asciilifeform","created_at":"1407290790.98915","rating":"2","notes":"fucking hilarious"},
{"id":"34610","rater_nick":"danielpbarron","rated_nick":"asciilifeform","created_at":"1398114983.33554","rating":"2","notes":"S.NSA engineer, and active member of #bitcoin-assets."},
{"id":"34811","rater_nick":"davout","rated_nick":"asciilifeform","created_at":"1398180369.86195","rating":"3","notes":"this nick maps to a real person i have met IRL, very knowledgeable about engineering and beagles"},
{"id":"34826","rater_nick":"thickasthieves","rated_nick":"asciilifeform","created_at":"1398169772.00623","rating":"3","notes":"makes stuff for No Such lAbs, intellectual and storyteller"},
{"id":"34850","rater_nick":"moiety","rated_nick":"asciilifeform","created_at":"1398212229.59546","rating":"2","notes":"the boy genius we all know and love; manul master"},
{"id":"34855","rater_nick":"mike_c","rated_nick":"asciilifeform","created_at":"1398221536.99158","rating":"3","notes":"built world class trng, incredibly smart guy."},
{"id":"34888","rater_nick":"hanbot","rated_nick":"asciilifeform","created_at":"1398346562.2031","rating":"1","notes":"Valiant soldier of solder."},
{"id":"35107","rater_nick":"cgcardona","rated_nick":"asciilifeform","created_at":"1399131394.71915","rating":"1","notes":"#bitcoin-assets regular and posted pics of the 2014 conf"},
{"id":"35630","rater_nick":"unbalanced","rated_nick":"asciilifeform","created_at":"1402636405.88264","rating":"1","notes":"Almost paranoid enough... almost. I learn a ton from him."},
{"id":"35643","rater_nick":"Blazed","rated_nick":"asciilifeform","created_at":"1402689590.43096","rating":"-1","notes":"spams useless ratings"},
{"id":"36334","rater_nick":"mod6","rated_nick":"asciilifeform","created_at":"1407640693.45469","rating":"1","notes":"#bitcoin-assets & No Such lAbs"},
{"id":"36409","rater_nick":"decimation","rated_nick":"asciilifeform","created_at":"1408247995.48615","rating":"2","notes":"engineer"},
{"id":"36990","rater_nick":"pete_dushenski","rated_nick":"asciilifeform","created_at":"1413904635.03324","rating":"2","notes":"loper, maker, the go-to for infosec."},
{"id":"37065","rater_nick":"trinque","rated_nick":"asciilifeform","created_at":"1414709222.44179","rating":"2","notes":"gutted the chicken"},
{"id":"37554","rater_nick":"cazalla","rated_nick":"asciilifeform","created_at":"1423703109.04718","rating":"1","notes":"i enjoy his contributions to #bitcoin-assets which serve as a reminder for me to stop and think about what it is i do with my computers"}
]
