[
{"id":"1355","rater_nick":"coinpal","rated_nick":"ashikarp","created_at":"1305116612.38669","rating":"3","notes":"automated CoinPal rating"},
{"id":"1516","rater_nick":"Beremat","rated_nick":"ashikarp","created_at":"1304231646.08288","rating":"1","notes":null},
{"id":"1595","rater_nick":"gusti","rated_nick":"ashikarp","created_at":"1304305174.59351","rating":"1","notes":null},
{"id":"1978","rater_nick":"lokey","rated_nick":"ashikarp","created_at":"1304834811.5503","rating":"1","notes":null}
]
