[
{"id":"31946","rater_nick":"qdqd","rated_nick":"asickilaa","created_at":"1385371163.63596","rating":"1","notes":"His BTC for my MP."},
{"id":"31950","rater_nick":"unosmi","rated_nick":"asickilaa","created_at":"1385371051.85321","rating":"1","notes":"multiple 4 digits transactions, very trusted always gets me my money!"},
{"id":"31951","rater_nick":"monelp","rated_nick":"asickilaa","created_at":"1385371110.33431","rating":"5","notes":"My $200 for his BTC."},
{"id":"31952","rater_nick":"peapod5","rated_nick":"asickilaa","created_at":"1385371260.47601","rating":"3","notes":"My first transaction, he's been very patient and helpful."},
{"id":"31957","rater_nick":"koolaidmannn","rated_nick":"asickilaa","created_at":"1385371668.58582","rating":"1","notes":"Excellent transaction and very helpful!"},
{"id":"31968","rater_nick":"chopperRoundsss","rated_nick":"asickilaa","created_at":"1385372469.09479","rating":"1","notes":"Once again a great transaction"},
{"id":"31975","rater_nick":"TheButterZone","rated_nick":"asickilaa","created_at":"1385374735.46344","rating":"-10","notes":"Shill connecting from ~qqdd@95.58.141.176 http:\/\/pastebin.com\/tdiQRGGr"}
]
