[
{"id":"10073","rater_nick":"sturles","rated_nick":"asoltys","created_at":"1333400613.67476","rating":"1","notes":"PayPal, smooth transaction"},
{"id":"10153","rater_nick":"moevsworld","rated_nick":"asoltys","created_at":"1333679666.3887","rating":"1","notes":"smooth paypal transaction by two relative noobs :)"},
{"id":"10157","rater_nick":"rg","rated_nick":"asoltys","created_at":"1333690035.46364","rating":"1","notes":"paypal for btc"},
{"id":"10174","rater_nick":"dwon","rated_nick":"asoltys","created_at":"1333845374.81788","rating":"1","notes":"sold small amount of BTC for PPCAD. Seems like an honest chap."},
{"id":"23078","rater_nick":"robbat2","rated_nick":"asoltys","created_at":"1365111595.67782","rating":"10","notes":null},
{"id":"23079","rater_nick":"beeteecee","rated_nick":"asoltys","created_at":"1365111663.52352","rating":"10","notes":"I deal with him regularly"},
{"id":"26968","rater_nick":"louong","rated_nick":"asoltys","created_at":"1372657282.63655","rating":"6","notes":"met in person, no trades yet, but referred someone to me. Honest guy and wants bitcoin to succeed."},
{"id":"28863","rater_nick":"LocalBitcoins","rated_nick":"asoltys","created_at":"1377252140.23449","rating":"1","notes":"Has 100% feedback score on LocalBitcoins.com with 3 confirmed trades. See: https:\/\/localbitcoins.com\/p\/asoltys\/"}
]
