[
{"id":"4913","rater_nick":"EvanR","rated_nick":"assassindrake","created_at":"1307810817.55001","rating":"10","notes":"know him in real life, for better or worse."},
{"id":"4916","rater_nick":"AnonX","rated_nick":"assassindrake","created_at":"1307816375.44937","rating":"1","notes":"traded 18btc for PPUSD, a irl friend of EvanR, EvanR vouched for him and trade went without problems, would trade again"},
{"id":"4991","rater_nick":"NxTitle","rated_nick":"assassindrake","created_at":"1307855925.00323","rating":"4","notes":"all-around awesome guy"},
{"id":"5638","rater_nick":"I}ruid","rated_nick":"assassindrake","created_at":"1308894762.03654","rating":"1","notes":"Prompt payment, smooth transaction."},
{"id":"5680","rater_nick":"black8","rated_nick":"assassindrake","created_at":"1308975298.45199","rating":"1","notes":"thanks for buying"},
{"id":"5702","rater_nick":"FlyRyan","rated_nick":"assassindrake","created_at":"1309015033.06317","rating":"2","notes":"Quick and painless transaction."},
{"id":"5704","rater_nick":"dcash","rated_nick":"assassindrake","created_at":"1309015100.74606","rating":"1","notes":"small-medium pptx patient and friendly"},
{"id":"5739","rater_nick":"Sickki","rated_nick":"assassindrake","created_at":"1309112715.18448","rating":"1","notes":"nice to deal with you."},
{"id":"5883","rater_nick":"afro1114","rated_nick":"assassindrake","created_at":"1309499026.47486","rating":"1","notes":"smooth transaction, thanks to you"},
{"id":"5907","rater_nick":"npouillard","rated_nick":"assassindrake","created_at":"1309622976.22351","rating":"2","notes":"successful namecoin trade"},
{"id":"5934","rater_nick":"Toobis","rated_nick":"assassindrake","created_at":"1309758997.57004","rating":"1","notes":"thanks for showing me the ropes!"},
{"id":"5953","rater_nick":"oneman","rated_nick":"assassindrake","created_at":"1309813784.29228","rating":"1","notes":"smooth deal, as dull as a good deal should be"},
{"id":"6008","rater_nick":"longtimenosee","rated_nick":"assassindrake","created_at":"1310843024.03751","rating":"10","notes":"great buyer, makes things painless and quick...sold over 170 btc to him"},
{"id":"6010","rater_nick":"akhan08","rated_nick":"assassindrake","created_at":"1310001967.31606","rating":"1","notes":"excellent quick 20btc for ppusd"},
{"id":"6090","rater_nick":"ReaX","rated_nick":"assassindrake","created_at":"1310311705.54239","rating":"1","notes":"bought 1 btc over pp - very nice contact"},
{"id":"6203","rater_nick":"c_k","rated_nick":"assassindrake","created_at":"1310772466.63697","rating":"1","notes":"Excellent, smooth trade :)"},
{"id":"6204","rater_nick":"danieldaniel","rated_nick":"assassindrake","created_at":"1310775478.31782","rating":"1","notes":":D Another great transaction... :)"},
{"id":"6207","rater_nick":"lambdacore","rated_nick":"assassindrake","created_at":"1310829898.97374","rating":"2","notes":"great coin trade; i'd trust him"},
{"id":"6209","rater_nick":"osmosis","rated_nick":"assassindrake","created_at":"1310779285.83027","rating":"4","notes":"creative deals, easy to resolve hiccups"},
{"id":"6223","rater_nick":"trilogy456","rated_nick":"assassindrake","created_at":"1310867239.11885","rating":"1","notes":"trade my games for btc"},
{"id":"6293","rater_nick":"RaphaelRC","rated_nick":"assassindrake","created_at":"1311222810.91475","rating":"1","notes":"1btc fast and easy"},
{"id":"6397","rater_nick":"xelister","rated_nick":"assassindrake","created_at":"1311720136.37038","rating":"2","notes":"Lended me ~20 BTC for 2 days, all as agreed"},
{"id":"6412","rater_nick":"CaptainDDL","rated_nick":"assassindrake","created_at":"1311826933.03655","rating":"1","notes":"Purchased 1 BTC via Paypal. Quick transaction!"},
{"id":"6642","rater_nick":"dx","rated_nick":"assassindrake","created_at":"1312950540.13898","rating":"1","notes":"Was patient enough to wait 40 minutes for the transaction to finish"},
{"id":"6675","rater_nick":"blognewb","rated_nick":"assassindrake","created_at":"1313113829.53391","rating":"1","notes":"great guy. quick transaction and quite funny"},
{"id":"6680","rater_nick":"quellhorst","rated_nick":"assassindrake","created_at":"1313119552.64423","rating":"1","notes":"9.5btc trade"},
{"id":"7083","rater_nick":"w00ly","rated_nick":"assassindrake","created_at":"1315594636.1031","rating":"2","notes":"I was trying to do moneypak for btc for 2 days and he saw me trying so he broke his own rule of accepting paypal\/MP just to help me. Great guy thanks!"},
{"id":"24021","rater_nick":"c4pt","rated_nick":"assassindrake","created_at":"1366059477.68744","rating":"1","notes":"his cash to my gox small transaction smooth"},
{"id":"24053","rater_nick":"Uhh_Duh","rated_nick":"assassindrake","created_at":"1366082732.35512","rating":"-10","notes":"Pure fraudster. Stay FAR FAR AWAY from this person."}
]
