[
{"id":"34504","rater_nick":"kakobrekla","rated_nick":"assbot","created_at":"1397196295.74989","rating":"1","notes":"assbot"},
{"id":"34537","rater_nick":"jcpham","rated_nick":"assbot","created_at":"1397241218.11445","rating":"1","notes":"What the fuck is this a bot or something?"},
{"id":"34540","rater_nick":"bingoboingo","rated_nick":"assbot","created_at":"1411865474.48552","rating":"10","notes":"friend"},
{"id":"34558","rater_nick":"mircea_popescu","rated_nick":"assbot","created_at":"1397301915.13847","rating":"1","notes":"Nice ass & face bot."},
{"id":"34559","rater_nick":"davout","rated_nick":"assbot","created_at":"1397302077.48023","rating":"1","notes":"one ass to rule them all"},
{"id":"34565","rater_nick":"punkman","rated_nick":"assbot","created_at":"1397311979.93742","rating":"1","notes":"AMAZING BOT"},
{"id":"34581","rater_nick":"moiety","rated_nick":"assbot","created_at":"1397345119.03966","rating":"1","notes":"rawr"},
{"id":"34600","rater_nick":"danielpbarron","rated_nick":"assbot","created_at":"1399259066.31298","rating":"1","notes":"#bitcoin-assets bot"},
{"id":"35388","rater_nick":"fluffypony","rated_nick":"assbot","created_at":"1401106778.13551","rating":"1","notes":"the A in assbot stands for AMAZING"},
{"id":"35598","rater_nick":"joesmoe","rated_nick":"assbot","created_at":"1402393140.84937","rating":"1","notes":"..."},
{"id":"36513","rater_nick":"Usagi","rated_nick":"assbot","created_at":"1408540839.1301","rating":"2","notes":"#bitcoin-assets ticker & services robot"},
{"id":"36972","rater_nick":"RagnarDanneskjol","rated_nick":"assbot","created_at":"1413722016.64243","rating":"1","notes":"highly informative user, lightning fast response time, possibly suffering insomnia, might be a robot"},
{"id":"37454","rater_nick":"felipelalli","rated_nick":"assbot","created_at":"1427555386.62593","rating":"1","notes":"Trustful WoT system."},
{"id":"38142","rater_nick":"Xplosionist","rated_nick":"assbot","created_at":"1445269798.97665","rating":"1","notes":"I likee bots, I need bots to likee me."},
{"id":"38578","rater_nick":"anduck","rated_nick":"assbot","created_at":"1496690679.61165","rating":"-10","notes":null}
]
