[
{"id":"20887","rater_nick":"Ssateneth","rated_nick":"astanix","created_at":"1362020988.4446","rating":"1","notes":"I sold him BTC for his Chase Quickpay. Small Transaction. Welcome to the Web of Trust."},
{"id":"21036","rater_nick":"trading","rated_nick":"astanix","created_at":"1362262314.31874","rating":"2","notes":null},
{"id":"21039","rater_nick":"Sp0tter","rated_nick":"astanix","created_at":"1362263533.54001","rating":"1","notes":"Bought minecraft key from him, fast, friendly, A++++ seller! (lol at ebay feedback!)"},
{"id":"21385","rater_nick":"nkr","rated_nick":"astanix","created_at":"1363033172.06669","rating":"1","notes":"cryptocurrency swap"},
{"id":"21396","rater_nick":"danieldaniel","rated_nick":"astanix","created_at":"1363044966.45878","rating":"1","notes":"12 LTC to BTC"},
{"id":"21547","rater_nick":"BCB","rated_nick":"astanix","created_at":"1363378088.43267","rating":"1","notes":"small Bitcoin for Dwollers Trade. Smooth."},
{"id":"21786","rater_nick":"GlooBoy","rated_nick":"astanix","created_at":"1363914165.52206","rating":"1","notes":"Fast BTC--myAmazon. Thx for the Trust."},
{"id":"24826","rater_nick":"purplebandana","rated_nick":"astanix","created_at":"1367467366.15939","rating":"1","notes":"smooth transgender - I mean transaction."}
]
