[
{"id":"7364","rater_nick":"stamit","rated_nick":"astana","created_at":"1318011340.93831","rating":"1","notes":"astana bought btc from me"},
{"id":"7753","rater_nick":"imsaguy","rated_nick":"astana","created_at":"1331602022.07866","rating":"-5","notes":"asshat and fails to follow through with bets and guarantees."},
{"id":"8239","rater_nick":"Maged","rated_nick":"astana","created_at":"1324405556.1332","rating":"-1","notes":"Uses improper techniques to get his money back from a trusted member. Scam accusation was a misunderstanding, but still use caution: https:\/\/bitcointalk.org\/index.php?topic=51217.0"},
{"id":"9585","rater_nick":"Mad7Scientist","rated_nick":"astana","created_at":"1331250989.90223","rating":"1","notes":"Bought 2 BTC from me PPUSD. sent first. Not identified during trade, used different nick."},
{"id":"9586","rater_nick":"smickles","rated_nick":"astana","created_at":"1331295532.16831","rating":"1","notes":"assisted in purchase of baby supplies"}
]
