[
{"id":"24811","rater_nick":"btcfaucet","rated_nick":"astrolabe","created_at":"1367449857.83045","rating":"1","notes":"Bought BTC through BitBargain"},
{"id":"24849","rater_nick":"r0nd0","rated_nick":"astrolabe","created_at":"1369682497.43836","rating":"4","notes":"sold btc with him twice without any problems- good guy"},
{"id":"24890","rater_nick":"bitnumus","rated_nick":"astrolabe","created_at":"1367574740.46438","rating":"1","notes":"bought btc for gbp"},
{"id":"25134","rater_nick":"BigBitz","rated_nick":"astrolabe","created_at":"1368051349.37425","rating":"1","notes":"My BTC for his UKBT! Fast and easy!"},
{"id":"26333","rater_nick":"iwilcox","rated_nick":"astrolabe","created_at":"1371061151.99047","rating":"1","notes":"Bought coins from me worth ~800GBP by UKBT; he sent first; effortless, quick and pleasant"},
{"id":"29813","rater_nick":"dabble","rated_nick":"astrolabe","created_at":"1377382580.66753","rating":"2","notes":"He bought 3.0 BTC via UKBT, quick & easy, thanks :)"},
{"id":"32059","rater_nick":"nastypoker","rated_nick":"astrolabe","created_at":"1385575188.60094","rating":"3","notes":"SOLD me some tasty coinage"}
]
