[
{"id":"2696","rater_nick":"darec","rated_nick":"astrohacker","created_at":"1305771276.15515","rating":"1","notes":null},
{"id":"2704","rater_nick":"bitcoinTrader","rated_nick":"astrohacker","created_at":"1306896104.92401","rating":"4","notes":"multiple paypal transactions"},
{"id":"2751","rater_nick":"rothgar","rated_nick":"astrohacker","created_at":"1305901173.05261","rating":"1","notes":null},
{"id":"2753","rater_nick":"LaoShanLong","rated_nick":"astrohacker","created_at":"1306981886.5815","rating":"4","notes":"several payments over paypal"},
{"id":"2763","rater_nick":"quellhorst","rated_nick":"astrohacker","created_at":"1305910941.63059","rating":"1","notes":"quick payer"},
{"id":"2765","rater_nick":"gdoteof","rated_nick":"astrohacker","created_at":"1305911326.38417","rating":"1","notes":"ordered and paid for shirt."},
{"id":"2769","rater_nick":"ph123uk","rated_nick":"astrohacker","created_at":"1306344725.28632","rating":"2","notes":"2 Smooth transactions"},
{"id":"2818","rater_nick":"ezl","rated_nick":"astrohacker","created_at":"1305963562.97166","rating":"2","notes":null},
{"id":"2892","rater_nick":"sweeper","rated_nick":"astrohacker","created_at":"1306289485.52089","rating":"2","notes":"2nd smooth sell for ppusd"},
{"id":"2931","rater_nick":"divergenta","rated_nick":"astrohacker","created_at":"1306101420.5358","rating":"1","notes":"Sold some btc for ppusd. fast payment."},
{"id":"2938","rater_nick":"danf2","rated_nick":"astrohacker","created_at":"1306102683.20909","rating":"1","notes":null},
{"id":"2942","rater_nick":"nanotube","rated_nick":"astrohacker","created_at":"1306124744.08445","rating":"2","notes":null},
{"id":"2956","rater_nick":"Namegduf","rated_nick":"astrohacker","created_at":"1306124001.34185","rating":"1","notes":"Quick trade"},
{"id":"2983","rater_nick":"ahmedapr27","rated_nick":"astrohacker","created_at":"1306170503.97479","rating":"1","notes":"traded 10 btc for 72usd pp :)smooth"},
{"id":"3006","rater_nick":"yrral86","rated_nick":"astrohacker","created_at":"1306201868.82289","rating":"1","notes":"10 BTC via PP"},
{"id":"3016","rater_nick":"Backburn","rated_nick":"astrohacker","created_at":"1306209635.62125","rating":"2","notes":"extra point for being awesome with a noobie"},
{"id":"3046","rater_nick":"benlake","rated_nick":"astrohacker","created_at":"1306341014.01588","rating":"1","notes":"quick and smooth 10 BTC"},
{"id":"3054","rater_nick":"dinox","rated_nick":"astrohacker","created_at":"1306979639.61709","rating":"2","notes":"traded two times, no problem"},
{"id":"3061","rater_nick":"Beremat","rated_nick":"astrohacker","created_at":"1306365767.24884","rating":"1","notes":"Great buyer :)"},
{"id":"3080","rater_nick":"Sonata","rated_nick":"astrohacker","created_at":"1306377564.4266","rating":"1","notes":null},
{"id":"3219","rater_nick":"SantiGasm","rated_nick":"astrohacker","created_at":"1306553908.57708","rating":"1","notes":"Great buyer, quick transaction"},
{"id":"3240","rater_nick":"Nate214","rated_nick":"astrohacker","created_at":"1306982800.79116","rating":"3","notes":"Multiple Transactions, quick, easy, pays fairly, would trade again."},
{"id":"3246","rater_nick":"Drise","rated_nick":"astrohacker","created_at":"1306685069.39141","rating":"2","notes":"smooth, excellent. Always a pleasure with a good trade"},
{"id":"3340","rater_nick":"Kiba","rated_nick":"astrohacker","created_at":"1306813420.23819","rating":"1","notes":null},
{"id":"3756","rater_nick":"antivigilante","rated_nick":"astrohacker","created_at":"1307145805.01796","rating":"3","notes":"great to trade with"},
{"id":"3760","rater_nick":"Antony`","rated_nick":"astrohacker","created_at":"1307147353.17634","rating":"1","notes":"Easy trade, quick and simple."},
{"id":"17466","rater_nick":"techmrw","rated_nick":"astrohacker","created_at":"1375208576.10414","rating":"-2","notes":"Nick squatter using this nick. Real astrohacker not only is not enforced, but also not even registered with freenode. Make sure he is identified with gribble before dealing with him. Scammer can just register this nick away from him."},
{"id":"28842","rater_nick":"LocalBitcoins","rated_nick":"astrohacker","created_at":"1377251589.8088","rating":"1","notes":"Has 100% feedback score on LocalBitcoins.com with 2 confirmed trades. See: https:\/\/localbitcoins.com\/p\/Astrohacker\/"}
]
