[
{"id":"10089","rater_nick":"occulta","rated_nick":"ataranlen","created_at":"1341507823.40525","rating":"6","notes":"1 more transaction for the record :)"},
{"id":"10883","rater_nick":"vragnaroda","rated_nick":"ataranlen","created_at":"1336690339.0234","rating":"1","notes":null},
{"id":"10889","rater_nick":"imsaguy","rated_nick":"ataranlen","created_at":"1336701828.41453","rating":"2","notes":null},
{"id":"10970","rater_nick":"GlooBoy","rated_nick":"ataranlen","created_at":"1337097493.93729","rating":"1","notes":"Sm. Fast trade. Pleasant."},
{"id":"11854","rater_nick":"danieldaniel","rated_nick":"ataranlen","created_at":"1340046544.7215","rating":"3","notes":"OMG truztworthz OMG"},
{"id":"12550","rater_nick":"mcorlett","rated_nick":"ataranlen","created_at":"1342037646.73434","rating":"1","notes":"Smooth!"},
{"id":"12612","rater_nick":"distribution","rated_nick":"ataranlen","created_at":"1342199673.21915","rating":"2","notes":"made two flawless proxy buys through him"},
{"id":"12614","rater_nick":"MBS","rated_nick":"ataranlen","created_at":"1342199983.60657","rating":"1","notes":"sold him metro 2033"},
{"id":"12853","rater_nick":"pershen","rated_nick":"ataranlen","created_at":"1342704409.95577","rating":"1","notes":"Sold Steam games for BTC, fast transaction ;)"},
{"id":"13011","rater_nick":"LRP","rated_nick":"ataranlen","created_at":"1343159764.81406","rating":"2","notes":"Good buyer, bought $2000+ AGC"},
{"id":"16237","rater_nick":"BTC934","rated_nick":"ataranlen","created_at":"1350576999.32271","rating":"1","notes":"I sold him 2 Amazon Code for BTC."},
{"id":"23497","rater_nick":"DoctorRomeo","rated_nick":"ataranlen","created_at":"1365552596.9138","rating":"1","notes":"Smooth escrow service between myself and igorhvr over .24 BTC transaction. Very patient with me."},
{"id":"23499","rater_nick":"igorhvr","rated_nick":"ataranlen","created_at":"1365552787.82043","rating":"1","notes":"Honest escrow service in a .24 BTC transaction."},
{"id":"33909","rater_nick":"Joric","rated_nick":"ataranlen","created_at":"1393011173.51553","rating":"1","notes":"trusted guy, helped with escrow"},
{"id":"33912","rater_nick":"WallRib","rated_nick":"ataranlen","created_at":"1393012983.41578","rating":"1","notes":"Escrowed a transaction, everything went smoothly"},
{"id":"35667","rater_nick":"Hasimir","rated_nick":"ataranlen","created_at":"1402816307.01066","rating":"3","notes":"My BTC for a MBP shipped from USA to AUS, tx value over $2,000, only delays caused by FedEx not meeting their global express guarantee. Escrow provided by nanotube."}
]
