[
{"id":"19888","rater_nick":"Aaron_TangCryp","rated_nick":"ATC","created_at":"1360210871.17629","rating":"7","notes":"Hundreds of dollars in bullion sales and loaned him a decent amount of BTC, Honest and straightforward"},
{"id":"19926","rater_nick":"episking-","rated_nick":"ATC","created_at":"1358971721.95179","rating":"1","notes":"his BTC for my MoneyPak. He sent first. Thank you!"},
{"id":"20009","rater_nick":"BCB","rated_nick":"ATC","created_at":"1359215750.96488","rating":"3","notes":"multiple Paypal\/Moneypak=>BTC and small loan. Trusted."},
{"id":"20044","rater_nick":"camolist","rated_nick":"ATC","created_at":"1359332075.98781","rating":"1","notes":"sold me BTC in exchange for moneypak"},
{"id":"20256","rater_nick":"UNOE227","rated_nick":"ATC","created_at":"1359942275.30421","rating":"1","notes":"btc - ltc transaction, He sent first"},
{"id":"20305","rater_nick":"yoyoceramic","rated_nick":"ATC","created_at":"1360191090.51179","rating":"3","notes":"His bank deposit for my BTC. Have spoken to over the phone, does what he says with frequent updates. Thanks."},
{"id":"20328","rater_nick":"baalm","rated_nick":"ATC","created_at":"1360270353.54007","rating":"1","notes":"Bought BTC For MoneyPak, extremly helpfull and nice!"},
{"id":"20339","rater_nick":"fbastage","rated_nick":"ATC","created_at":"1360302228.79564","rating":"1","notes":"(ATC777) his btc for my ltc."},
{"id":"20351","rater_nick":"serp","rated_nick":"ATC","created_at":"1360348932.46343","rating":"1","notes":"took my bitcoins and gave me shiny silver. shipped very quickly."},
{"id":"20396","rater_nick":"beethoven8201","rated_nick":"ATC","created_at":"1360454502.21618","rating":"2","notes":"my MP for his BTC. Enjoy your food and everything =)"},
{"id":"20482","rater_nick":"GlooBoy","rated_nick":"ATC","created_at":"1360690183.52212","rating":"2","notes":"BTC--->myMP - Thanks for the Trust..."},
{"id":"20530","rater_nick":"TradeFortress","rated_nick":"ATC","created_at":"1363779983.58476","rating":"2","notes":"two loan repayments made"},
{"id":"21878","rater_nick":"a5m0","rated_nick":"ATC","created_at":"1364099435.12103","rating":"1","notes":"bought a gpu for bitcoin"}
]
