[
{"id":"826","rater_nick":"dishwara","rated_nick":"AtlasLGo","created_at":"1301235483.09664","rating":"1","notes":null},
{"id":"848","rater_nick":"doublec","rated_nick":"AtlasLGo","created_at":"1301365871.60088","rating":"1","notes":null},
{"id":"977","rater_nick":"EvanR","rated_nick":"AtlasLGo","created_at":"1302323406.62678","rating":"1","notes":null},
{"id":"1134","rater_nick":"bencoder","rated_nick":"AtlasLGo","created_at":"1303055665.67399","rating":"2","notes":null},
{"id":"1296","rater_nick":"Keefe","rated_nick":"AtlasLGo","created_at":"1303692370.73546","rating":"1","notes":null},
{"id":"1322","rater_nick":"dracoling","rated_nick":"AtlasLGo","created_at":"1303739675.311","rating":"1","notes":null},
{"id":"1364","rater_nick":"lyspooner","rated_nick":"AtlasLGo","created_at":"1303846262.39354","rating":"1","notes":null},
{"id":"1420","rater_nick":"Maged","rated_nick":"AtlasLGo","created_at":"1305160899.72965","rating":"2","notes":"Amazon Payments 4\/28\/11"},
{"id":"1499","rater_nick":"theymos","rated_nick":"AtlasLGo","created_at":"1304194321.51897","rating":"4","notes":null},
{"id":"1661","rater_nick":"LightRider","rated_nick":"AtlasLGo","created_at":"1304383365.32546","rating":"1","notes":"Stood by his word."},
{"id":"1794","rater_nick":"lulzplzkthx","rated_nick":"AtlasLGo","created_at":"1304559873.43178","rating":"2","notes":"Seen him around. Thanks for the pizza. :)"},
{"id":"1797","rater_nick":"nanotube","rated_nick":"AtlasLGo","created_at":"1304563247.67285","rating":"3","notes":null},
{"id":"2219","rater_nick":"bluehelix","rated_nick":"AtlasLGo","created_at":"1306845835.66258","rating":"1","notes":"YOU ow me a ratting dude :)"},
{"id":"2223","rater_nick":"TREYisRAD","rated_nick":"AtlasLGo","created_at":"1305233352.80737","rating":"1","notes":null},
{"id":"2554","rater_nick":"toffoo","rated_nick":"AtlasLGo","created_at":"1305602728.18522","rating":"3","notes":"always smooth and friendly txs"},
{"id":"2664","rater_nick":"citiz3n","rated_nick":"AtlasLGo","created_at":"1305728759.26074","rating":"1","notes":null},
{"id":"16263","rater_nick":"fbastage","rated_nick":"AtlasLGo","created_at":"1350619325.38847","rating":"-3","notes":"WARNING: this nick is not set to ENFORCE. a name squatter is sitting on this name conning people with this person's rating."},
{"id":"16792","rater_nick":"techmrw","rated_nick":"AtlasLGo","created_at":"1351751783.62105","rating":"-1","notes":"WARNING: Nick squatter is using this identity. This person is NOT who he claims to be. Don't get scammed. I will remove this rating if you identify, enforce and auth to gribble."}
]
