[
{"id":"16688","rater_nick":"Ssateneth","rated_nick":"AtomicComic","created_at":"1351566927.36502","rating":"1","notes":"Gave me a World of Warcraft gametime code gratis. Thanks."},
{"id":"16830","rater_nick":"GlooBoy","rated_nick":"AtomicComic","created_at":"1385579884.13157","rating":"2","notes":"BTC for mySteam and sm. Serve - Thx for the trust"},
{"id":"17232","rater_nick":"ElevatedDownfall","rated_nick":"AtomicComic","created_at":"1352594378.5384","rating":"2","notes":"free advertising via flyers ( bitcoincoffee.com )"},
{"id":"17343","rater_nick":"lucidlepidoptera","rated_nick":"AtomicComic","created_at":"1353044940.14502","rating":"2","notes":"sent out advertisements for bitpantry, placed a bitpantry order in conjuction with anduck"},
{"id":"17364","rater_nick":"aethero","rated_nick":"AtomicComic","created_at":"1353788415.49922","rating":"3","notes":null},
{"id":"17886","rater_nick":"textish","rated_nick":"AtomicComic","created_at":"1353809737.01197","rating":"1","notes":"Bought my old 4850X2 for BTC. My first transaction. Very helpful, answered plenty of noob questions. Knowledgeable and friendly."},
{"id":"17888","rater_nick":"TheButterZone","rated_nick":"AtomicComic","created_at":"1354571221.72652","rating":"1","notes":"Paid 1.4 BTC for 60 days of ad inserts starting 11-14-12, received grab bag 12-3-12."},
{"id":"24730","rater_nick":"Synops","rated_nick":"AtomicComic","created_at":"1367344867.58603","rating":"1","notes":"Did a trade for their BTC and Gamestop Gift Code for a Moneypak Code."},
{"id":"26304","rater_nick":"anduck","rated_nick":"AtomicComic","created_at":"1370971611.01806","rating":"-3","notes":"untrustworthy, scammed me or forgot our deal, although been most of the time unavailable after our deal agreement."},
{"id":"33108","rater_nick":"DoctorBTC","rated_nick":"AtomicComic","created_at":"1389117005.17414","rating":"1","notes":"His BTC for MoneyPak (<$100). Quick and easy."}
]
