[
{"id":"18707","rater_nick":"GlooBoy","rated_nick":"AtomChildren","created_at":"1355808257.63616","rating":"-2","notes":"Times up. Seems to have backed out of a deal w\/ aspera. Bragging earlier about how he cannot be a scammer."},
{"id":"18712","rater_nick":"weenfan","rated_nick":"AtomChildren","created_at":"1355621558.9397","rating":"1","notes":"quick and smooth amazon code for btc"},
{"id":"18718","rater_nick":"Ssateneth","rated_nick":"AtomChildren","created_at":"1355876962.80506","rating":"-1","notes":"I sold him BTC for his Moneypak. Small transaction. He heavily censored the receipt though and didn't provide proof it was in his posession; Probably a moneypak from a 3rd party. He also scammed Aspera. Avoid."},
{"id":"18732","rater_nick":"BCB","rated_nick":"AtomChildren","created_at":"1355877144.80939","rating":"-1","notes":"Currently a Scammer"},
{"id":"18750","rater_nick":"aspera","rated_nick":"AtomChildren","created_at":"1355798726.1096","rating":"-3","notes":"AWOL on pending deal, already paid him half."}
]
