[
{"id":"6436","rater_nick":"NoGodInSpace","rated_nick":"ATPippo","created_at":"1312090603.69102","rating":"1","notes":"Fast transaction and easy to work with! A+"},
{"id":"6440","rater_nick":"CanadaDude","rated_nick":"ATPippo","created_at":"1312092173.45372","rating":"5","notes":null},
{"id":"6442","rater_nick":"palsecam","rated_nick":"ATPippo","created_at":"1312136751.73739","rating":"1","notes":"BTC <-> PaySafeCard, all good."},
{"id":"6452","rater_nick":"slothearn","rated_nick":"ATPippo","created_at":"1312178939.72073","rating":"1","notes":"smooth sailing! :)"},
{"id":"6474","rater_nick":"NoValues","rated_nick":"ATPippo","created_at":"1312292136.63401","rating":"3","notes":"sorry about misunderstanding"},
{"id":"6496","rater_nick":"erek","rated_nick":"ATPippo","created_at":"1312339957.85755","rating":"1","notes":"sent ppusd (~50USD) for 4.277 BTC, smooth trade"},
{"id":"6511","rater_nick":"aielima","rated_nick":"ATPippo","created_at":"1312396251.38754","rating":"1","notes":"polite and _patient_ person; a pleasure!"},
{"id":"6523","rater_nick":"huphates","rated_nick":"ATPippo","created_at":"1312474163.88219","rating":"1","notes":"very pleasant and quick exchange of paysafecard (10EUR) for BTC"},
{"id":"6541","rater_nick":"rj","rated_nick":"ATPippo","created_at":"1312532869.76151","rating":"1","notes":"4 BtC via MB great seller, fast, easy thanks"},
{"id":"6669","rater_nick":"rgm3","rated_nick":"ATPippo","created_at":"1313088104.07672","rating":"1","notes":"Went first, paid PP fee."},
{"id":"6672","rater_nick":"rotanid","rated_nick":"ATPippo","created_at":"1313100606.40902","rating":"2","notes":"excellent, sold me 10BTC"},
{"id":"7072","rater_nick":"sgornick","rated_nick":"ATPippo","created_at":"1315866248.45718","rating":"2","notes":"A couple transactions where I sold a few BTC for ATPippo's PPUSD. Great trades!"},
{"id":"25361","rater_nick":"madberry","rated_nick":"ATPippo","created_at":"1368575858.51579","rating":"-10","notes":"A squatter is using this nick, trade with extreme caution always check ;;ident and ;;getrating in #bitcoin-otc those command don't work in PM. ATPippo please enforce your nick and send me a PM to have this rating removed."}
]
