[
{"id":"11438","rater_nick":"pigeons","rated_nick":"aurumxchange","created_at":"1338854645.4112","rating":"2","notes":"good exchange website"},
{"id":"11439","rater_nick":"guruvan","rated_nick":"aurumxchange","created_at":"1338854732.10862","rating":"1","notes":"used them several times, gpg authed on-site w\/otc key. well done."},
{"id":"11441","rater_nick":"nanotube","rated_nick":"aurumxchange","created_at":"1340901838.63896","rating":"3","notes":"some sizeable trades; appears to be the real aurumxchange.com, since his gpg key is listed on http:\/\/www.aurumxchange.com\/contact"},
{"id":"11506","rater_nick":"sic_nic","rated_nick":"aurumxchange","created_at":"1341886932.03696","rating":"6","notes":"Multiple, smooth TX's for 700 BTC or so. Highly recommend."},
{"id":"11564","rater_nick":"LaoShanLong","rated_nick":"aurumxchange","created_at":"1339197723.66705","rating":"1","notes":"MTGUSD > Dwolla"},
{"id":"11725","rater_nick":"coinlady","rated_nick":"aurumxchange","created_at":"1339690615.07116","rating":"3","notes":null},
{"id":"11762","rater_nick":"tummybug","rated_nick":"aurumxchange","created_at":"1339800232.77155","rating":"7","notes":"bitcoins fine trade, no problems"},
{"id":"11772","rater_nick":"starsoccer","rated_nick":"aurumxchange","created_at":"1339813911.79656","rating":"3","notes":"good PP>BTC and BTC>Wire trade"},
{"id":"11895","rater_nick":"akhan08","rated_nick":"aurumxchange","created_at":"1340141442.17988","rating":"1","notes":"excellent first trade bought btc for ppusd"},
{"id":"11897","rater_nick":"gdoteof","rated_nick":"aurumxchange","created_at":"1340142805.56028","rating":"2","notes":"successful relatively large transaction in medium sized increments, superfast turn around"},
{"id":"11904","rater_nick":"nckrazze-","rated_nick":"aurumxchange","created_at":"1340146392.56471","rating":"3","notes":"gave me ppusd for BTC at 96% market, great guy! LIVE ON DELSUR IT!"},
{"id":"12111","rater_nick":"Newar","rated_nick":"aurumxchange","created_at":"1340715883.76043","rating":"1","notes":"good to trade with you"},
{"id":"12217","rater_nick":"easystevey","rated_nick":"aurumxchange","created_at":"1347287021.84445","rating":"3","notes":"multiple large transactions, always great"},
{"id":"12265","rater_nick":"Blackthorn77","rated_nick":"aurumxchange","created_at":"1341255739.37","rating":"5","notes":"Many online transfers with buyer, first on OTC"},
{"id":"12267","rater_nick":"Hunner","rated_nick":"aurumxchange","created_at":"1341255950.76028","rating":"1","notes":"Professional and reasonable. Thanks!"},
{"id":"25573","rater_nick":"zekesonxx","rated_nick":"aurumxchange","created_at":"1369147025.66564","rating":"10","notes":"Anti-Supa"},
{"id":"37797","rater_nick":"opticbit","rated_nick":"aurumxchange","created_at":"1430864218.55799","rating":"1","notes":null}
]
