[
{"id":"25597","rater_nick":"BitHub","rated_nick":"AusBitBank","created_at":"1374979208.98112","rating":"5","notes":null},
{"id":"26651","rater_nick":"QG","rated_nick":"AusBitBank","created_at":"1404724172.72541","rating":"5","notes":"Awesome!!"},
{"id":"26756","rater_nick":"Darkarnium","rated_nick":"AusBitBank","created_at":"1372243258.55955","rating":"2","notes":"Jolly good show."},
{"id":"27944","rater_nick":"AndrewJackson","rated_nick":"AusBitBank","created_at":"1381906196.13735","rating":"5","notes":"bitcoin deity"},
{"id":"28820","rater_nick":"LocalBitcoins","rated_nick":"AusBitBank","created_at":"1377250941.52394","rating":"1","notes":"Has 99% feedback score on LocalBitcoins.com with 277 confirmed trades. See: https:\/\/localbitcoins.com\/p\/ausbitbank\/"},
{"id":"29805","rater_nick":"MacBito","rated_nick":"AusBitBank","created_at":"1377341195.5196","rating":"1","notes":"Fast and safe transaction. trustworthy person"},
{"id":"29819","rater_nick":"JaMocar","rated_nick":"AusBitBank","created_at":"1377386820.5973","rating":"3","notes":"Fast, trustworthy ;)"},
{"id":"33869","rater_nick":"rakka","rated_nick":"AusBitBank","created_at":"1392855734.06321","rating":"5","notes":null}
]
