[
{"id":"25331","rater_nick":"BCB","rated_nick":"AussieBob","created_at":"1368526509.00171","rating":"5","notes":"numerous paypal trades under another nick (Whitebread). Trusted"},
{"id":"25332","rater_nick":"markus","rated_nick":"AussieBob","created_at":"1368526520.37022","rating":"1","notes":"previously known as Whitebread; tiny my btc for pp transaction a while ago that went smooth. his paypal name was verified against a driver license photo."},
{"id":"25912","rater_nick":"tencevad","rated_nick":"AussieBob","created_at":"1369982943.50952","rating":"1","notes":"My BTC for PPUSD. Smooth transaction."},
{"id":"26055","rater_nick":"OPK","rated_nick":"AussieBob","created_at":"1370331112.59779","rating":"3","notes":"small BTC>PP but great to deal with, will deal again"},
{"id":"27311","rater_nick":"babbler","rated_nick":"AussieBob","created_at":"1373680692.32026","rating":"1","notes":"quick easy my btc for his ppusd"},
{"id":"27313","rater_nick":"QG","rated_nick":"AussieBob","created_at":"1373688776.01688","rating":"-1","notes":"Suspicious trader enters #bitcoin-aus to trade to himself with PP?? * AussieBob (~Whitebrea@marine44.lnk.telstra.net) has joined #bitcoin-aus * loldusters (~Whitebrea@marine44.lnk.telstra.net) has joined #bitcoin-aus * <AussieBob> loldusters: im looking to buy some coins for paypal as well - not having much luck though"},
{"id":"27318","rater_nick":"BitHub","rated_nick":"AussieBob","created_at":"1373863992.32401","rating":"-10","notes":"Tried to scam me for extra coins, see #bitcoin-aus for more <AussieBob> The only reason i was pretending to be someone else on loldusters was such that I could potentially get free coins - additional notes, is now lying that i pm him which never happened, please produce the logs, in short a liar and a scammer do not trade with this guy, very dodgy."}
]
