[
{"id":"28531","rater_nick":"bitcoinfnatic","rated_nick":"AVALON","created_at":"1375794479.12817","rating":"1","notes":"my moneypak for his bitcoin, easy and fast transaction!"},
{"id":"28532","rater_nick":"hamcheese","rated_nick":"AVALON","created_at":"1375794535.12739","rating":"1","notes":"3rd great bank transfer transaction. thanks."},
{"id":"28533","rater_nick":"coolkid552","rated_nick":"AVALON","created_at":"1375794584.13395","rating":"1","notes":"good fast trade goxusd for ppusd"},
{"id":"28534","rater_nick":"heavysetta","rated_nick":"AVALON","created_at":"1375794625.88078","rating":"1","notes":"2 transactions and a big loan, trusted guy"},
{"id":"28535","rater_nick":"myunk","rated_nick":"AVALON","created_at":"1375794664.4081","rating":"5","notes":"many good MP for btc transactions"},
{"id":"28536","rater_nick":"munkari","rated_nick":"AVALON","created_at":"1375794719.54537","rating":"1","notes":"BTC for MP very knowledgeable trader"},
{"id":"28537","rater_nick":"GlooBoy","rated_nick":"AVALON","created_at":"1376452121.9168","rating":"-10","notes":"SCAMMER using many shill accounts to cross rate himself. This scammer is: hppiw, rockyjohn, Myans, UncleRobertt, jdmwd, Jackkk, jumboshrimpp, ionp, tyra8 - and more."},
{"id":"28538","rater_nick":"gruiz1","rated_nick":"AVALON","created_at":"1375794760.0477","rating":"3","notes":"easy transaction"},
{"id":"28562","rater_nick":"handle","rated_nick":"AVALON","created_at":"1375810589.82654","rating":"-10","notes":"ratings abuser and scammer"},
{"id":"28571","rater_nick":"ultramancool","rated_nick":"AVALON","created_at":"1375811107.00007","rating":"-10","notes":"ratings abuser and scammer"},
{"id":"29117","rater_nick":"wizkid057","rated_nick":"AVALON","created_at":"1376510005.93688","rating":"-10","notes":"Useless ratings spam account"},
{"id":"29145","rater_nick":"jcpham","rated_nick":"AVALON","created_at":"1376512176.94782","rating":"-10","notes":"WoT Abuser"},
{"id":"29206","rater_nick":"supakilla9","rated_nick":"AVALON","created_at":"1376597479.27376","rating":"-10","notes":null},
{"id":"29210","rater_nick":"gwern","rated_nick":"AVALON","created_at":"1376585499.30201","rating":"-10","notes":"I never transacted with this account, sockpuppet of cynz; read https:\/\/dl.dropboxusercontent.com\/u\/182368464\/2013-08-15-scammeraccusation.txt.asc"},
{"id":"29212","rater_nick":"SupaKilla1","rated_nick":"AVALON","created_at":"1376585622.65932","rating":"-10","notes":"SCAM SCAM GOATSEX FAG SCAM"},
{"id":"29214","rater_nick":"supakilla7","rated_nick":"AVALON","created_at":"1376595400.22271","rating":"-10","notes":"Walter White: Tread lightly."},
{"id":"29243","rater_nick":"SupaKilla2","rated_nick":"AVALON","created_at":"1376586658.48987","rating":"-10","notes":"DUDE YOU SHOUL'VE BOUGHT BUTTERFLY LABS"},
{"id":"29265","rater_nick":"SupaKilla3","rated_nick":"AVALON","created_at":"1376587275.32242","rating":"-10","notes":null},
{"id":"29304","rater_nick":"SupaKilla4","rated_nick":"AVALON","created_at":"1376589835.0702","rating":"-10","notes":null},
{"id":"29333","rater_nick":"SupaKilla5","rated_nick":"AVALON","created_at":"1376590972.54242","rating":"-10","notes":null},
{"id":"29360","rater_nick":"supakilla6","rated_nick":"AVALON","created_at":"1376591956.90695","rating":"-10","notes":"The school has always been the most important means of transferring the wealth of tradition from one generation to the next. This applies today in an even higher degree than in former times, for through modern development of economic life, the family as bearer of tradition and education has become weakened. The continuance and health of human society is therefore in a still higher degree dependent on school than f"},
{"id":"29416","rater_nick":"supakilla8","rated_nick":"AVALON","created_at":"1376596450.96497","rating":"-10","notes":null},
{"id":"29472","rater_nick":"supakilla10","rated_nick":"AVALON","created_at":"1376598549.34693","rating":"-10","notes":null},
{"id":"37365","rater_nick":"Kelticfox","rated_nick":"AVALON","created_at":"1419886580.32706","rating":"-10","notes":"Alt of FF, known scammer in #bitcoin-otc"}
]
