[
{"id":"30458","rater_nick":"tim-tams","rated_nick":"avicci","created_at":"1379718647.54821","rating":"-10","notes":"Yeah, he's a scammer."},
{"id":"30461","rater_nick":"wrinklemonster","rated_nick":"avicci","created_at":"1379696770.74753","rating":"-1","notes":"for stealing 1.3 bitcoins when i have 2 forms of chatlogs and the full transaction detail to show i sent them. then following up with email saying we never even agreed to do the sale and you dont have them."},
{"id":"30462","rater_nick":"Ssateneth","rated_nick":"avicci","created_at":"1379700235.60035","rating":"-10","notes":"received 2 btc transactions from wrinklemonster in the amount of 0.75 BTC and 1.25 BTC, paid for first trade, didn't pay for second trade, claims to DIDNT SEE SECOND AMOUNT COME IN and claims the PP account he's supposed to pay isn't accepting payments, won't return the 1.25BTC. Scammer. Also -10'd me for calling him out, so he gets a -10 back."},
{"id":"30466","rater_nick":"stqism","rated_nick":"avicci","created_at":"1379699625.61884","rating":"-10","notes":"saw him scam wrinklemonster via paypal"},
{"id":"30467","rater_nick":"GlooBoy","rated_nick":"avicci","created_at":"1379699704.13152","rating":"-10","notes":"whiny little bitch who got busted - Dont trust any rating from this known scammer"},
{"id":"30468","rater_nick":"quickcoin","rated_nick":"avicci","created_at":"1379700121.06667","rating":"-10","notes":"Scammed wrinklemonster and we all witnessed it. Paypal scammer most likely, will update if wrinklemonster ever gets his second payment, and issues are resolved. Leaves me a \u221210 for calling out his scamminess."},
{"id":"30474","rater_nick":"BigBitz","rated_nick":"avicci","created_at":"1379718644.70536","rating":"-10","notes":"Hey Scotty."}
]
