[
{"id":"21323","rater_nick":"sturles","rated_nick":"avocado","created_at":"1362819678.55237","rating":"1","notes":"PayPal"},
{"id":"23670","rater_nick":"dracoling","rated_nick":"avocado","created_at":"1365710235.87686","rating":"3","notes":"Paypal, dwolla, reliable trader."},
{"id":"28857","rater_nick":"LocalBitcoins","rated_nick":"avocado","created_at":"1377252044.42309","rating":"1","notes":"Has 100% feedback score on LocalBitcoins.com with 3 confirmed trades. See: https:\/\/localbitcoins.com\/p\/nullren\/"}
]
