[
{"id":"10289","rater_nick":"paulzag","rated_nick":"awesomeo","created_at":"1334588398.64928","rating":"1","notes":"sold awesomeo BTC for PPUSD. He was quick and easy. I messed up not finding my BTC where I expected them. But found them"},
{"id":"10307","rater_nick":"sturles","rated_nick":"awesomeo","created_at":"1334407675.39772","rating":"1","notes":"PayPal"},
{"id":"10308","rater_nick":"GlooBoy","rated_nick":"awesomeo","created_at":"1398638724.97525","rating":"-10","notes":"scammer squatting this account - Make sure to have them auth. - DO NOT TRADE --old rating=1- BTC for PP. well established eBay record! Looks good so far :)."},
{"id":"10319","rater_nick":"a5m0","rated_nick":"awesomeo","created_at":"1334428905.0701","rating":"1","notes":"sold btc for paypal"},
{"id":"10322","rater_nick":"nonverba","rated_nick":"awesomeo","created_at":"1334439628.22681","rating":"1","notes":"Sold BTC, instant, friendly, would trade again."},
{"id":"10345","rater_nick":"guruvan","rated_nick":"awesomeo","created_at":"1334573293.1057","rating":"1","notes":"quick fast sold him BTC for PPUSD good transaction for far... ebay\/PP ID match"},
{"id":"10348","rater_nick":"ckshock","rated_nick":"awesomeo","created_at":"1334616776.05015","rating":"3","notes":"bought 5.8btcs @ 4.25gbp via Neteller"},
{"id":"10356","rater_nick":"tesla","rated_nick":"awesomeo","created_at":"1334598236.00418","rating":"1","notes":"a pleasure to do business with him"},
{"id":"10358","rater_nick":"AndrewNTH","rated_nick":"awesomeo","created_at":"1335444728.38852","rating":"1","notes":"Two transactions, one PP one Neteller, both times quick and helpful."},
{"id":"10378","rater_nick":"btcseller","rated_nick":"awesomeo","created_at":"1334693546.92299","rating":"1","notes":"flawless BTC sale For PP"},
{"id":"10490","rater_nick":"Mad7Scientist","rated_nick":"awesomeo","created_at":"1335130819.8124","rating":"1","notes":"Bought 3 BTC from me for PPUSD"},
{"id":"10549","rater_nick":"ocminer","rated_nick":"awesomeo","created_at":"1335275769.99852","rating":"1","notes":"nice and easy ppusd transaction, he sent first"}
]
