[
{"id":"24174","rater_nick":"DoubleRainbow","rated_nick":"awesomefusion","created_at":"1366315135.96138","rating":"1","notes":"Sold BTC"},
{"id":"24181","rater_nick":"coindiff","rated_nick":"awesomefusion","created_at":"1366329452.01296","rating":"1","notes":"Quick seller, no troubles, would trade again"},
{"id":"24502","rater_nick":"cplbitcoin","rated_nick":"awesomefusion","created_at":"1366922175.685","rating":"1","notes":"Prompt trade"},
{"id":"24594","rater_nick":"oldskip","rated_nick":"awesomefusion","created_at":"1367102246.0273","rating":"1","notes":"small trade via bitbargain UKBT"}
]
