[
{"id":"10191","rater_nick":"splatster","rated_nick":"Azelphur","created_at":"1338305175.02766","rating":"4","notes":"We've done... everything."},
{"id":"10206","rater_nick":"llanox","rated_nick":"Azelphur","created_at":"1334030475.96509","rating":"2","notes":"Loaned me 8 Bitcoins for a paypal payment in ~3 days (Ebay) Nice guy. Easy to work with"},
{"id":"10207","rater_nick":"speed_racer8","rated_nick":"Azelphur","created_at":"1334096280.48318","rating":"3","notes":"sent me btc for ppusd, sent first, good fellow, multiple times"},
{"id":"10210","rater_nick":"anastasiawyatt","rated_nick":"Azelphur","created_at":"1334037859.85446","rating":"3","notes":"Paid me to work on his bukkit plugin... Specifically database stuff (Language: Java)"},
{"id":"10423","rater_nick":"bitavenue","rated_nick":"Azelphur","created_at":"1334871200.75247","rating":"1","notes":"cheers my man"},
{"id":"11116","rater_nick":"Doffx","rated_nick":"Azelphur","created_at":"1337728138.59267","rating":"5","notes":"Great transaction through Mpex!"},
{"id":"11954","rater_nick":"bonks","rated_nick":"Azelphur","created_at":"1340307296.34036","rating":"1","notes":"My BTC for his MP"},
{"id":"12168","rater_nick":"guruvan","rated_nick":"Azelphur","created_at":"1340836181.14523","rating":"1","notes":"worked out a deal to trade some SS (on market at agreed price) and have recommended him for some mining work. makes a good bot too :D"},
{"id":"12243","rater_nick":"dcash","rated_nick":"Azelphur","created_at":"1341194656.21237","rating":"1","notes":"quick pptransaction"},
{"id":"12335","rater_nick":"enLogic","rated_nick":"Azelphur","created_at":"1341352209.10811","rating":"1","notes":"Fair Enough"},
{"id":"12428","rater_nick":"aethero","rated_nick":"Azelphur","created_at":"1343765222.04987","rating":"5","notes":"Highly trusted sys-admin of one of our projects. Trust him enough to let him keep root to our webserver."},
{"id":"12666","rater_nick":"lucidlepidoptera","rated_nick":"Azelphur","created_at":"1342294643.81077","rating":"3","notes":"one of my very first btc-foodie customers, really nice guy!"},
{"id":"13129","rater_nick":"brs3rk","rated_nick":"Azelphur","created_at":"1343422368.05535","rating":"1","notes":"Sold 2 btcs, paypal, nice and smooth"},
{"id":"13234","rater_nick":"starsoccer","rated_nick":"Azelphur","created_at":"1343765267.55146","rating":"4","notes":"helped me a while back with my webserver and aethero trusts him"},
{"id":"13404","rater_nick":"GlooBoy","rated_nick":"Azelphur","created_at":"1344372503.12473","rating":"1","notes":"BTC for SteamGame - Painless Trans."},
{"id":"13523","rater_nick":"MBS","rated_nick":"Azelphur","created_at":"1353705515.06234","rating":"8","notes":"Sold him a bunch of stuff"},
{"id":"13566","rater_nick":"lewis713","rated_nick":"Azelphur","created_at":"1359371752.68084","rating":"3","notes":"bought bitcoins off him multiple times, smooth transactions."},
{"id":"13606","rater_nick":"tanky","rated_nick":"Azelphur","created_at":"1344856154.79143","rating":"1","notes":"Traded my 1 BTC for PPUSD"},
{"id":"13670","rater_nick":"Coolio-","rated_nick":"Azelphur","created_at":"1348606794.1913","rating":"-10","notes":null},
{"id":"14130","rater_nick":"smickles","rated_nick":"Azelphur","created_at":"1353729775.27374","rating":"1","notes":"my patron"},
{"id":"15216","rater_nick":"noulol","rated_nick":"Azelphur","created_at":"1348606483.51629","rating":"-10","notes":"should mind his own fucking business"},
{"id":"15220","rater_nick":"[nin]","rated_nick":"Azelphur","created_at":"1348606701.98923","rating":"-10","notes":"should mind his own fucking business"},
{"id":"15236","rater_nick":"wolf13","rated_nick":"Azelphur","created_at":"1348606907.50442","rating":"-10","notes":"should mind his own fucking business"},
{"id":"15272","rater_nick":"Luceo","rated_nick":"Azelphur","created_at":"1348650632.66914","rating":"1","notes":"Seems trustworthy, haven't traded but will do."},
{"id":"15379","rater_nick":"mircea_popescu","rated_nick":"Azelphur","created_at":"1348827451.1609","rating":"3","notes":"we traded shares otc >1k btc. wrote pympex"},
{"id":"16127","rater_nick":"EionRobb","rated_nick":"Azelphur","created_at":"1350269119.98433","rating":"3","notes":"Friend who I have also bought computer equipment off"},
{"id":"16164","rater_nick":"DarkCow","rated_nick":"Azelphur","created_at":"1350330066.17546","rating":"1","notes":"Sold 10 BTC to me via UK Bank Transfer"},
{"id":"16198","rater_nick":"dragonst","rated_nick":"Azelphur","created_at":"1350413007.58252","rating":"1","notes":"Bought BTC from him for UK bank trnasfer"},
{"id":"16207","rater_nick":"btcfaucet","rated_nick":"Azelphur","created_at":"1351655693.33167","rating":"5","notes":"Trusted, legit seller. All negative ratings are from scammers, non-trusted users."},
{"id":"16210","rater_nick":"lard007","rated_nick":"Azelphur","created_at":"1350428031.71626","rating":"1","notes":"very quick - perfect trade - used GBP transfer for some BTC"},
{"id":"16251","rater_nick":"HarryCross","rated_nick":"Azelphur","created_at":"1350607559.80691","rating":"1","notes":"Sold me BTC for UK Bank transfer A****"},
{"id":"16394","rater_nick":"skylantern","rated_nick":"Azelphur","created_at":"1351882347.04167","rating":"3","notes":"sold him btc for uk bank transfer"},
{"id":"16397","rater_nick":"spannah","rated_nick":"Azelphur","created_at":"1350943023.56227","rating":"1","notes":"Transfered BTC instantly, very helpful chap."},
{"id":"16399","rater_nick":"excession","rated_nick":"Azelphur","created_at":"1354573360.64558","rating":"3","notes":"reliable seller, instant transfer, will use again"},
{"id":"16401","rater_nick":"stkr25","rated_nick":"Azelphur","created_at":"1351022036.11205","rating":"2","notes":"second time buyer, went quickly and smoothly as expected :)"},
{"id":"16417","rater_nick":"faradayy","rated_nick":"Azelphur","created_at":"1350960019.84178","rating":"1","notes":"Sold btc for bank transfer, sent first and received prompt payment."},
{"id":"16439","rater_nick":"tyler","rated_nick":"Azelphur","created_at":"1351006676.11198","rating":"1","notes":"Helpful - nice transaction"},
{"id":"16451","rater_nick":"bottlecap","rated_nick":"Azelphur","created_at":"1351020994.33194","rating":"1","notes":"Sold me bitcoins for UK bank transfer"},
{"id":"16488","rater_nick":"JackExEck","rated_nick":"Azelphur","created_at":"1351082916.91096","rating":"1","notes":"I bought few coins through UK Transfer. Very Satisfied with this speedy transaction."},
{"id":"16493","rater_nick":"evolvex","rated_nick":"Azelphur","created_at":"1351108899.35625","rating":"1","notes":"Sold me 30 BTC for UK Bank transfer - awesome service, friendly guy."},
{"id":"16529","rater_nick":"TheGent","rated_nick":"Azelphur","created_at":"1351189203.05844","rating":"2","notes":"Sold 50BTCs to him for GBP via UK Bank xfer"},
{"id":"16541","rater_nick":"Ru5ty","rated_nick":"Azelphur","created_at":"1361974752.96291","rating":"5","notes":"Multiple smooth fast tx via UK Bank Transfer"},
{"id":"16543","rater_nick":"kintoll","rated_nick":"Azelphur","created_at":"1351644127.61641","rating":"2","notes":"One small transaction. Professional, very fast."},
{"id":"16547","rater_nick":"thescarab","rated_nick":"Azelphur","created_at":"1354240925.64097","rating":"5","notes":"Several smooth and friendly transactions"},
{"id":"16569","rater_nick":"thestringpuller","rated_nick":"Azelphur","created_at":"1358519248.34321","rating":"2","notes":"did escrow for free, good people"},
{"id":"16711","rater_nick":"oxman12345","rated_nick":"Azelphur","created_at":"1351628511.21529","rating":"1","notes":"Sold me BTC via GBP Transfer"},
{"id":"16716","rater_nick":"cantonpork","rated_nick":"Azelphur","created_at":"1363633509.96695","rating":"4","notes":"bought BTC from him via GBP xfer multiple times"},
{"id":"16733","rater_nick":"rg","rated_nick":"Azelphur","created_at":"1351655726.02656","rating":"10","notes":"Trusted by me and many others. -10's are from fake accounts (Actual rating: 4, 10 to combat stupid sock puppets)"},
{"id":"16756","rater_nick":"AndrewNTH","rated_nick":"Azelphur","created_at":"1352349836.17166","rating":"2","notes":"Quick and available for GBP trading at 5am"},
{"id":"16765","rater_nick":"tyautin101","rated_nick":"Azelphur","created_at":"1351707204.14222","rating":"1","notes":"Great guy, A+++ Helpful for first time buyers, would recommend"},
{"id":"16769","rater_nick":"bps`","rated_nick":"Azelphur","created_at":"1365373137.41974","rating":"3","notes":"bought btc from him by UK bank transfer multiple times, very reliable"},
{"id":"16776","rater_nick":"milkvsmalk2","rated_nick":"Azelphur","created_at":"1351721081.60642","rating":"1","notes":"Sold BTC to me for a UK bank transfer"},
{"id":"16781","rater_nick":"hamitron","rated_nick":"Azelphur","created_at":"1351727920.42764","rating":"1","notes":"ty"},
{"id":"16824","rater_nick":"DeltronZero","rated_nick":"Azelphur","created_at":"1354846536.87753","rating":"2","notes":"Bought BTC from him via UK bank transfer multiple times"},
{"id":"16854","rater_nick":"youknowitstrue","rated_nick":"Azelphur","created_at":"1351881010.83246","rating":"1","notes":"Great trade - how it should be done!"},
{"id":"16905","rater_nick":"Catwheel","rated_nick":"Azelphur","created_at":"1352043443.98962","rating":"1","notes":"Purchased some BTC from Azelphur. Very quick and smooth transaction. Thanks - I'm sure I'll be back for more!"},
{"id":"16908","rater_nick":"maalad","rated_nick":"Azelphur","created_at":"1353269137.10328","rating":"1","notes":"another flawless transaction uk"},
{"id":"17012","rater_nick":"Sunadun","rated_nick":"Azelphur","created_at":"1353956925.61866","rating":"5","notes":"Had a number of good and easy transactions now via cash deposit, would highly recommend!"},
{"id":"17019","rater_nick":"Mad7Scientist","rated_nick":"Azelphur","created_at":"1352240702.41618","rating":"1","notes":"Bought 3.3 BTC from me with PayPal"},
{"id":"17048","rater_nick":"JasonKemp","rated_nick":"Azelphur","created_at":"1358169182.52404","rating":"1","notes":null},
{"id":"17049","rater_nick":"Anon1989","rated_nick":"Azelphur","created_at":"1352285048.73985","rating":"10","notes":"Reliable and trustworthy trader! Previous Reports obviously fake"},
{"id":"17050","rater_nick":"fbastage","rated_nick":"Azelphur","created_at":"1352293743.40461","rating":"1","notes":"voted for Megatron http:\/\/24.media.tumblr.com\/tumblr_md2r1t2HDu1qz5k14o1_500.jpg"},
{"id":"17054","rater_nick":"JohnnyPotSmoker","rated_nick":"Azelphur","created_at":"1365193417.80227","rating":"2","notes":null},
{"id":"17098","rater_nick":"boybojnud","rated_nick":"Azelphur","created_at":"1352343583.84044","rating":"1","notes":"Good for newcomers! Easy, quick transaction. Would recommend!"},
{"id":"17127","rater_nick":"romit","rated_nick":"Azelphur","created_at":"1359554280.63665","rating":"8","notes":"Quite a few transactions of high value with them, all went perfectly!"},
{"id":"17134","rater_nick":"Liboan","rated_nick":"Azelphur","created_at":"1358371209.75651","rating":"1","notes":"I've had good trading experiences with Azelphur. A fine, helpful bitcoiner."},
{"id":"17185","rater_nick":"Jamboree","rated_nick":"Azelphur","created_at":"1352494051.63458","rating":"1","notes":"Very helpful, quick via UK bank transfer, good for newcomers"},
{"id":"17323","rater_nick":"Systeme","rated_nick":"Azelphur","created_at":"1352842761.45538","rating":"1","notes":"Very quick and easy, thanks bro"},
{"id":"17325","rater_nick":"savetheinternet","rated_nick":"Azelphur","created_at":"1352850562.3689","rating":"1","notes":"Gave me a tiny short-term loan"},
{"id":"17410","rater_nick":"liupeng","rated_nick":"Azelphur","created_at":"1353010736.59765","rating":"1","notes":"Sold me BTC via Bank Transfer (GBP) Great communication, very helpful!"},
{"id":"17507","rater_nick":"cr4bdevil","rated_nick":"Azelphur","created_at":"1353172689.89793","rating":"10","notes":"Quick, easy and fast transaction, would use again."},
{"id":"17508","rater_nick":"FiestaMan","rated_nick":"Azelphur","created_at":"1353173144.48249","rating":"1","notes":"very easy transaction"},
{"id":"17581","rater_nick":"aldur1","rated_nick":"Azelphur","created_at":"1358035619.99231","rating":"10","notes":"trading with regularly large transactions no issues"},
{"id":"17732","rater_nick":"herbie","rated_nick":"Azelphur","created_at":"1356064794.73163","rating":"7","notes":"Bought BTC by UK bank transfer many times. always a pleasure to deal with"},
{"id":"17745","rater_nick":"INBR3D","rated_nick":"Azelphur","created_at":"1353511153.98703","rating":"1","notes":"Azelphur sold me few hundred \u00a3\u00a3 worth of computer hardware. stuck to his word, perfect couldn't ask for more. better than fleabay! thanks"},
{"id":"17753","rater_nick":"adamjgmiller","rated_nick":"Azelphur","created_at":"1353525785.28553","rating":"5","notes":"I wired him over 1,000 USD and then he immediately sent back the agreed to number of BTC"},
{"id":"17797","rater_nick":"negev","rated_nick":"Azelphur","created_at":"1353617630.50618","rating":"1","notes":"Bought BTC with uk bank transfer"},
{"id":"17809","rater_nick":"markk2125","rated_nick":"Azelphur","created_at":"1353654553.57293","rating":"3","notes":"Feedback notes here"},
{"id":"17835","rater_nick":"MonteDrum","rated_nick":"Azelphur","created_at":"1357261776.77709","rating":"4","notes":"Multiple quick and easy transactions! Thanks!"},
{"id":"17837","rater_nick":"rufoa","rated_nick":"Azelphur","created_at":"1356391164.29459","rating":"2","notes":"Sold me BTC via UK bank transfer"},
{"id":"17839","rater_nick":"LRP","rated_nick":"Azelphur","created_at":"1353695760.57539","rating":"2","notes":"Bought BTC from via Xoom, went first. Fast transaction."},
{"id":"17912","rater_nick":"BCB","rated_nick":"Azelphur","created_at":"1354063244.12409","rating":"3","notes":"Multible good transactions"},
{"id":"17956","rater_nick":"tompaw","rated_nick":"Azelphur","created_at":"1353976521.20827","rating":"5","notes":"Very helpful to a newcomer."},
{"id":"17985","rater_nick":"boybojnud1","rated_nick":"Azelphur","created_at":"1354052490.34565","rating":"1","notes":"quick easy transaction as last time #1 bitcoin uk trader!"},
{"id":"17990","rater_nick":"salty001","rated_nick":"Azelphur","created_at":"1354053731.34094","rating":"1","notes":"good quick trade recommended"},
{"id":"18006","rater_nick":"kariyan","rated_nick":"Azelphur","created_at":"1358370257.80428","rating":"2","notes":"recommended seller"},
{"id":"18007","rater_nick":"gt7","rated_nick":"Azelphur","created_at":"1357336946.02519","rating":"3","notes":"Top seller for BTC \/ GBP by faster payment]"},
{"id":"18014","rater_nick":"bit8guy","rated_nick":"Azelphur","created_at":"1363731124.3392","rating":"2","notes":"Bought BTC via bank transfer, fast and easy"},
{"id":"18018","rater_nick":"CookieMonster","rated_nick":"Azelphur","created_at":"1354063869.4568","rating":"1","notes":"Sold BTC to me via UK bank transfer"},
{"id":"18068","rater_nick":"graft1","rated_nick":"Azelphur","created_at":"1354101816.81267","rating":"3","notes":"Bought small amount of bit coins, fast transaction & friendly response"},
{"id":"18071","rater_nick":"Cylta","rated_nick":"Azelphur","created_at":"1354103377.17825","rating":"2","notes":"Bought some coins from him, average amount."},
{"id":"18093","rater_nick":"geebo","rated_nick":"Azelphur","created_at":"1354484937.4199","rating":"2","notes":"very helpful with first time user. uk banks transfer for 2.5 BTC"},
{"id":"18112","rater_nick":"guerrilla4","rated_nick":"Azelphur","created_at":"1354208924.21905","rating":"1","notes":"Good smooth transaction via uk bank wire, would recommend"},
{"id":"18114","rater_nick":"johnbob1411","rated_nick":"Azelphur","created_at":"1354212737.41315","rating":"1","notes":"First transaction, very quick and easy. Thanks!"},
{"id":"18116","rater_nick":"JamesBob","rated_nick":"Azelphur","created_at":"1354216699.47334","rating":"1","notes":"excellent service recvd BTC quickly seller very friendly"},
{"id":"18118","rater_nick":"unifiednick","rated_nick":"Azelphur","created_at":"1354219453.37332","rating":"1","notes":"bought BTC from him using UK bank transfer"},
{"id":"18122","rater_nick":"inyala","rated_nick":"Azelphur","created_at":"1354224915.87017","rating":"1","notes":"Bought BTC from him via UK bank transfer"},
{"id":"18124","rater_nick":"Pucilowski","rated_nick":"Azelphur","created_at":"1354226426.14264","rating":"1","notes":"Bought large volume of BTC via UK bank transfer, incredibly smooth"},
{"id":"18131","rater_nick":"BitCommerce","rated_nick":"Azelphur","created_at":"1354234979.89503","rating":"1","notes":"Purchased BTC - Instant smooth transaction"},
{"id":"18145","rater_nick":"wakka","rated_nick":"Azelphur","created_at":"1357682891.44044","rating":"3","notes":"Couple of good transactions"},
{"id":"18148","rater_nick":"zipstyle","rated_nick":"Azelphur","created_at":"1354310387.69234","rating":"1","notes":"good transaction via xoom"},
{"id":"18151","rater_nick":"Scribe","rated_nick":"Azelphur","created_at":"1363035472.45079","rating":"3","notes":"Bought BTC from on multiple occassions"},
{"id":"18188","rater_nick":"laura9999","rated_nick":"Azelphur","created_at":"1354912898.5229","rating":"2","notes":"Bought BTC twice, very prompt transfer of coins and helpful, good rates, will use again"},
{"id":"18203","rater_nick":"BonTheDon","rated_nick":"Azelphur","created_at":"1354409723.08313","rating":"3","notes":"Friendly guy, helped me out quite a bit. Bought 8.4 BTC off him so far, pleasure to do business with :)"},
{"id":"18224","rater_nick":"Gironamo","rated_nick":"Azelphur","created_at":"1366388373.63713","rating":"3","notes":"Sold BTC to me multiple times"},
{"id":"18485","rater_nick":"DPP_","rated_nick":"Azelphur","created_at":"1355426237.12517","rating":"3","notes":"Nice guy, several medium-value succesful, quick trades. Pro guy, would trade again."},
{"id":"18692","rater_nick":"alwaysminings","rated_nick":"Azelphur","created_at":"1355586461.38518","rating":"5","notes":null},
{"id":"18693","rater_nick":"Michail1","rated_nick":"Azelphur","created_at":"1355587635.63029","rating":"2","notes":"BTC Long term loan. Paid back within hours. It was a quickie."},
{"id":"18722","rater_nick":"ZamioculcasTT","rated_nick":"Azelphur","created_at":"1355689855.06023","rating":"2","notes":"Sold me BTC via UK bank transfer multiple times"},
{"id":"18756","rater_nick":"chylee","rated_nick":"Azelphur","created_at":"1355756209.401","rating":"1","notes":"very quick service by Bank transter"},
{"id":"18758","rater_nick":"Dobbshead","rated_nick":"Azelphur","created_at":"1366682837.05086","rating":"3","notes":"Prompt reliable transfer from uk for BTC"},
{"id":"18772","rater_nick":"Captain-Obvious","rated_nick":"Azelphur","created_at":"1355792718.33999","rating":"1","notes":"very speedy"},
{"id":"18838","rater_nick":"dub","rated_nick":"Azelphur","created_at":"1355955005.11257","rating":"1","notes":"fulfilled mining contract for ~30BTC"},
{"id":"18845","rater_nick":"pigeons","rated_nick":"Azelphur","created_at":"1355957783.47263","rating":"1","notes":null},
{"id":"18860","rater_nick":"Quiteheady","rated_nick":"Azelphur","created_at":"1356723529.45231","rating":"1","notes":"good transaction as usual ;p"},
{"id":"19553","rater_nick":"Doogzman","rated_nick":"Azelphur","created_at":"1357812917.91173","rating":"1","notes":"Sold me BTC for bank transfer quick and easy transaction, thanks."},
{"id":"19864","rater_nick":"sungazer","rated_nick":"Azelphur","created_at":"1358770644.30707","rating":"1","notes":"Sold BTC to me via UK bank transfer"},
{"id":"20024","rater_nick":"jcpham","rated_nick":"Azelphur","created_at":"1359261955.64542","rating":"5","notes":"BEWARE THE WRATH OF ZOG"},
{"id":"20032","rater_nick":"miernik","rated_nick":"Azelphur","created_at":"1359308456.06652","rating":"1","notes":"sold him 1 Bitcoin, got UK bank transfer instantly"},
{"id":"20078","rater_nick":"dansmith_btc","rated_nick":"Azelphur","created_at":"1359408397.75839","rating":"5","notes":"Sold me 1200 GBP worth of BTC via UK bank transfer in less than 1 hour"},
{"id":"20178","rater_nick":"JoeBloggs123321","rated_nick":"Azelphur","created_at":"1359676246.02305","rating":"1","notes":"very good service, professional"},
{"id":"20616","rater_nick":"HorseOlive","rated_nick":"Azelphur","created_at":"1363289066.4099","rating":"2","notes":"Fantastic service, had btc in seconds."},
{"id":"20736","rater_nick":"nox_","rated_nick":"Azelphur","created_at":"1361383966.21459","rating":"1","notes":"Bought BTC, very smooth transaction"},
{"id":"21065","rater_nick":"gingrich2","rated_nick":"Azelphur","created_at":"1362350568.18675","rating":"1","notes":"Smooth easy transaction, would recommend"},
{"id":"21348","rater_nick":"Craynon","rated_nick":"Azelphur","created_at":"1363026610.26756","rating":"2","notes":"One trade each way, both with BTC and GBP via bank transfer. Fast and easy!"},
{"id":"21414","rater_nick":"loneranger1982","rated_nick":"Azelphur","created_at":"1363118775.67239","rating":"1","notes":"Paid me via Bank for BTC"},
{"id":"21705","rater_nick":"Parabol","rated_nick":"Azelphur","created_at":"1363803365.57798","rating":"1","notes":"Nice and smooth transaction, thanks!"},
{"id":"21713","rater_nick":"IdahoSuss","rated_nick":"Azelphur","created_at":"1363808442.52127","rating":"1","notes":null},
{"id":"21733","rater_nick":"davidvennik","rated_nick":"Azelphur","created_at":"1363836034.34506","rating":"1","notes":"muddled up the sort code but fixed it for me at 03:15, payment went through, all sorted"},
{"id":"22409","rater_nick":"mrjay","rated_nick":"Azelphur","created_at":"1364331016.7033","rating":"1","notes":"Sold me BTC via UKBT on BitBargain"},
{"id":"23068","rater_nick":"omgitsmehehe_","rated_nick":"Azelphur","created_at":"1365109729.35692","rating":"1","notes":"quick and easy UK bank transfer"},
{"id":"23083","rater_nick":"torbore","rated_nick":"Azelphur","created_at":"1365115478.79118","rating":"1","notes":"Smooth transaction btc for gbp via bank transfer. Will do business again."},
{"id":"23087","rater_nick":"ffssixtynine","rated_nick":"Azelphur","created_at":"1365118243.40919","rating":"1","notes":null},
{"id":"23157","rater_nick":"bassula","rated_nick":"Azelphur","created_at":"1365272869.82061","rating":"1","notes":"Traded MTGOXUSD for UK BankT, nice & fast. I sent first."},
{"id":"24139","rater_nick":"Lemon","rated_nick":"Azelphur","created_at":"1366237439.32225","rating":"5","notes":"Great rates and instant transaction. Will use again."},
{"id":"24151","rater_nick":"SirLouiz","rated_nick":"Azelphur","created_at":"1366255121.82361","rating":"1","notes":"Bought my coins via Paypal."},
{"id":"24185","rater_nick":"dabble","rated_nick":"Azelphur","created_at":"1369317053.20853","rating":"2","notes":"Couple of trades now both ways, non trivial amount! :)"},
{"id":"24844","rater_nick":"moarrr","rated_nick":"Azelphur","created_at":"1375185795.10139","rating":"2","notes":"received \u00a3300 amazon GBP for bitcoins :) (+Other large trades)"},
{"id":"25628","rater_nick":"luna2","rated_nick":"Azelphur","created_at":"1369266948.8056","rating":"1","notes":"pleasant and smooth transaction - BTC -> WU"},
{"id":"25681","rater_nick":"gruez","rated_nick":"Azelphur","created_at":"1369413732.00201","rating":"1","notes":null},
{"id":"25853","rater_nick":"bluechocobo","rated_nick":"Azelphur","created_at":"1369806057.05015","rating":"1","notes":"The transaction went as smoothly as it could have."},
{"id":"25860","rater_nick":"daemon","rated_nick":"Azelphur","created_at":"1369832955.64384","rating":"1","notes":"Sold BTC to me via UK bank transfer A+ pro"},
{"id":"27668","rater_nick":"anduck","rated_nick":"Azelphur","created_at":"1374261655.13816","rating":"3","notes":"nice house, dude. oh and rating for being trusted, duh"},
{"id":"29552","rater_nick":"nanotube","rated_nick":"Azelphur","created_at":"1376689867.66495","rating":"2","notes":null},
{"id":"29681","rater_nick":"cookiemonster3","rated_nick":"Azelphur","created_at":"1377041492.20646","rating":"5","notes":null},
{"id":"29850","rater_nick":"BigBitz","rated_nick":"Azelphur","created_at":"1377559775.54821","rating":"7","notes":"We Drank, We Ate, We Bitcoin :) Solid dude."},
{"id":"31329","rater_nick":"cryptodechange","rated_nick":"Azelphur","created_at":"1383602303.30045","rating":"3","notes":"Processed many grocery orders through cryptodechange.com for BTC, thanks!"},
{"id":"32493","rater_nick":"sovern","rated_nick":"Azelphur","created_at":"1386819895.66546","rating":"3","notes":"smooth(tm) as you would expect. his btc for my portal 2."},
{"id":"32583","rater_nick":"iwilcox","rated_nick":"Azelphur","created_at":"1387049302.78459","rating":"1","notes":"Based on months of interactions; haven't transacted"},
{"id":"32657","rater_nick":"robocope","rated_nick":"Azelphur","created_at":"1387181527.20138","rating":"-10","notes":"PIECE OF FUCKING DOG SHIT SCAMMER!!!!!!!!!!!!!!!!!!!!!!!!!!!!!!!!!!!!!!!!!!!!!!!!! FUCK THE OPSPIECE OF FUCKING DOG SHIT SCAMMER!!!!!!!!!!!!!!!!!!!!!!!!!!!!!!!!!!!!!!!!!!!!!!!!! FUCK THE OPSPIECE OF FUCKING DOG SHIT SCAMMER!!!!!!!!!!!!!!!!!!!!!!!!!!!!!!!!!!!!!!!!!!!!!!!!! FUCK THE OPSPIECE OF FUCKING DOG SHIT SCAMMER!!!!!!!!!!!!!!!!!!!!!!!!!!!!!!!!!!!!!!!!!!!!!!!!! FUCK THE OPS"},
{"id":"32658","rater_nick":"chieff","rated_nick":"Azelphur","created_at":"1387181612.24204","rating":"-10","notes":"PIECE OF FUCKING DOG SHIT SCAMMER!!!!!!!!!!!!!!!!!!!!!!!!!!!!!!!!!!!!!!!!!!!!!!!!! FUCK THE OPSPIECE OF FUCKING DOG SHIT SCAMMER!!!!!!!!!!!!!!!!!!!!!!!!!!!!!!!!!!!!!!!!!!!!!!!!! FUCK THE OPSPIECE OF FUCKING DOG SHIT SCAMMER!!!!!!!!!!!!!!!!!!!!!!!!!!!!!!!!!!!!!!!!!!!!!!!!! FUCK THE OPSPIECE OF FUCKING DOG SHIT SCAMMER!!!!!!!!!!!!!!!!!!!!!!!!!!!!!!!!!!!!!!!!!!!!!!!!! FUCK THE OPS"},
{"id":"32659","rater_nick":"toronto","rated_nick":"Azelphur","created_at":"1387181653.00516","rating":"-10","notes":"PIECE OF FUCKING DOG SHIT SCAMMER!!!!!!!!!!!!!!!!!!!!!!!!!!!!!!!!!!!!!!!!!!!!!!!!! FUCK THE OPSPIECE OF FUCKING DOG SHIT SCAMMER!!!!!!!!!!!!!!!!!!!!!!!!!!!!!!!!!!!!!!!!!!!!!!!!! FUCK THE OPSPIECE OF FUCKING DOG SHIT SCAMMER!!!!!!!!!!!!!!!!!!!!!!!!!!!!!!!!!!!!!!!!!!!!!!!!! FUCK THE OPSPIECE OF FUCKING DOG SHIT SCAMMER!!!!!!!!!!!!!!!!!!!!!!!!!!!!!!!!!!!!!!!!!!!!!!!!! FUCK THE OPS"},
{"id":"32662","rater_nick":"fktheops","rated_nick":"Azelphur","created_at":"1387181861.1956","rating":"-10","notes":"PIECE OF FUCKING DOG SHIT SCAMMER!!!!!!!!!!!!!!!!!!!!!!!!!!!!!!!!!!!!!!!!!!!!!!!!! FUCK THE OPSPIECE OF FUCKING DOG SHIT SCAMMER!!!!!!!!!!!!!!!!!!!!!!!!!!!!!!!!!!!!!!!!!!!!!!!!! FUCK THE OPSPIECE OF FUCKING DOG SHIT SCAMMER!!!!!!!!!!!!!!!!!!!!!!!!!!!!!!!!!!!!!!!!!!!!!!!!! FUCK THE OPSPIECE OF FUCKING DOG SHIT SCAMMER!!!!!!!!!!!!!!!!!!!!!!!!!!!!!!!!!!!!!!!!!!!!!!!!! FUCK THE OPS"},
{"id":"32674","rater_nick":"ASAPCA","rated_nick":"Azelphur","created_at":"1387182401.41459","rating":"-10","notes":"PIECE OF FUCKING DOG SHIT SCAMMER!!!!!!!!!!!!!!!!!!!!!!!!!!!!!!!!!!!!!!!!!!!!!!!!! FUCK THE OPSPIECE OF FUCKING DOG SHIT SCAMMER!!!!!!!!!!!!!!!!!!!!!!!!!!!!!!!!!!!!!!!!!!!!!!!!! FUCK THE OPSPIECE OF FUCKING DOG SHIT SCAMMER!!!!!!!!!!!!!!!!!!!!!!!!!!!!!!!!!!!!!!!!!!!!!!!!! FUCK THE OPSPIECE OF FUCKING DOG SHIT SCAMMER!!!!!!!!!!!!!!!!!!!!!!!!!!!!!!!!!!!!!!!!!!!!!!!!! FUCK THE OPS"},
{"id":"32681","rater_nick":"KINGLILJAYYYYYYY","rated_nick":"Azelphur","created_at":"1387182693.07836","rating":"-10","notes":"PIECE OF FUCKING DOG SHIT SCAMMER!!!!!!!!!!!!!!!!!!!!!!!!!!!!!!!!!!!!!!!!!!!!!!!!! FUCK THE OPSPIECE OF FUCKING DOG SHIT SCAMMER!!!!!!!!!!!!!!!!!!!!!!!!!!!!!!!!!!!!!!!!!!!!!!!!! FUCK THE OPSPIECE OF FUCKING DOG SHIT SCAMMER!!!!!!!!!!!!!!!!!!!!!!!!!!!!!!!!!!!!!!!!!!!!!!!!! FUCK THE OPSPIECE OF FUCKING DOG SHIT SCAMMER!!!!!!!!!!!!!!!!!!!!!!!!!!!!!!!!!!!!!!!!!!!!!!!!! FUCK THE O"},
{"id":"32691","rater_nick":"BDKBDK","rated_nick":"Azelphur","created_at":"1387182874.11286","rating":"-10","notes":"PIECE OF FUCKING DOG SHIT SCAMMER!!!!!!!!!!!!!!!!!!!!!!!!!!!!!!!!!!!!!!!!!!!!!!!!! FUCK THE OPSPIECE OF FUCKING DOG SHIT SCAMMER!!!!!!!!!!!!!!!!!!!!!!!!!!!!!!!!!!!!!!!!!!!!!!!!! FUCK THE OPSPIECE OF FUCKING DOG SHIT SCAMMER!!!!!!!!!!!!!!!!!!!!!!!!!!!!!!!!!!!!!!!!!!!!!!!!! FUCK THE OPSPIECE OF FUCKING DOG SHIT SCAMMER!!!!!!!!!!!!!!!!!!!!!!!!!!!!!!!!!!!!!!!!!!!!!!!!! FUCK THE O"},
{"id":"33673","rater_nick":"nastypoker","rated_nick":"Azelphur","created_at":"1392061529.51923","rating":"2","notes":"well known trader quick and easy"},
{"id":"33720","rater_nick":"Thumper_UK","rated_nick":"Azelphur","created_at":"1392221603.80663","rating":"1","notes":"bought my BTC for UKBT"},
{"id":"33782","rater_nick":"Xiando","rated_nick":"Azelphur","created_at":"1392543538.46543","rating":"-10","notes":"Works with a criminal spreading wallet-stealing .exe with TR\/Dropper.Gen, kicked me when I pointed out file has a trojan to help his fellow scammer steal wallets"},
{"id":"34121","rater_nick":"rustyn","rated_nick":"Azelphur","created_at":"1394211392.145","rating":"1","notes":"Was escrow for BTC:UKBT transaction with bit_"},
{"id":"34252","rater_nick":"csm","rated_nick":"Azelphur","created_at":"1404309237.17834","rating":"1","notes":"regular"},
{"id":"34495","rater_nick":"Sockseven","rated_nick":"Azelphur","created_at":"1397086549.11881","rating":"10","notes":"Very good friend, visited in person, highly trusted. Nice guy to boot!"},
{"id":"35181","rater_nick":"|EHG|","rated_nick":"Azelphur","created_at":"1399500289.53286","rating":"10","notes":"Azelphur is credit to team! ~know him for years from the sourcemod community. Marvelous dev. Probably even wears funny hats."},
{"id":"37765","rater_nick":"opticbit","rated_nick":"Azelphur","created_at":"1430863673.23538","rating":"1","notes":null},
{"id":"38407","rater_nick":"RBecker","rated_nick":"Azelphur","created_at":"1468078998.42037","rating":"4","notes":"Trustworthy op, provided backup VPS"},
{"id":"38609","rater_nick":"darsie","rated_nick":"Azelphur","created_at":"1501405515.27803","rating":"3","notes":"his (friends?) 2 digit CC for my BTC."},
{"id":"38619","rater_nick":"kingdom","rated_nick":"Azelphur","created_at":"1502742014.4258","rating":"2","notes":"Long time user and helper of OTC-UK, Trade went as smooth as melted butter."}
]
