[
{"id":"3441","rater_nick":"SerajewelKS","rated_nick":"azymux","created_at":"1306964874.01381","rating":"1","notes":"Sold BTC for popmoney USD, smooth transaction"},
{"id":"3446","rater_nick":"roxy","rated_nick":"azymux","created_at":"1306965920.1414","rating":"1","notes":"Nice guy, quick paypal payment"},
{"id":"16810","rater_nick":"techmrw","rated_nick":"azymux","created_at":"1351784829.05067","rating":"-1","notes":"WARNING: Nick squatter is using this identity. This person is NOT who he claims to be. Don't get scammed. I will remove this rating if you identify, enforce and auth to gribble."}
]
