[
{"id":"4026","rater_nick":"Phoebus","rated_nick":"B-T-C-buyer","created_at":"1307381308.00206","rating":"-1","notes":"Use at your own risk."},
{"id":"4037","rater_nick":"MRD_","rated_nick":"B-T-C-buyer","created_at":"1307400281.62821","rating":"-10","notes":"Do not trade with this user."},
{"id":"4085","rater_nick":"mcilrain","rated_nick":"B-T-C-buyer","created_at":"1307394726.99769","rating":"-10","notes":"PayPal txn disputer"},
{"id":"4096","rater_nick":"Tombom52","rated_nick":"B-T-C-buyer","created_at":"1307393404.20083","rating":"-10","notes":"scammer, disputed their paypal payment. Don't sell."},
{"id":"4166","rater_nick":"toffoo","rated_nick":"B-T-C-buyer","created_at":"1307368290.65281","rating":"2","notes":"two trades via Chase Quickpay"},
{"id":"4171","rater_nick":"Keefe","rated_nick":"B-T-C-buyer","created_at":"1308064620.19629","rating":"-10","notes":"He\/she reversed a Chase QuickPay transfer to me. It may have been a stolen Chase account."},
{"id":"4189","rater_nick":"FooDSt4mP","rated_nick":"B-T-C-buyer","created_at":"1307393671.02821","rating":"-10","notes":"SCAM ALERT! She will rip your ass like an old t-shirt."},
{"id":"5282","rater_nick":"T3mpn4me","rated_nick":"B-T-C-buyer","created_at":"1308217061.87441","rating":"-10","notes":"scammer"},
{"id":"5283","rater_nick":"vragnaroda","rated_nick":"B-T-C-buyer","created_at":"1308217134.46966","rating":"-10","notes":"don't expect him back under that name anyway"}
]
