[
{"id":"24299","rater_nick":"fabrizziop","rated_nick":"b1z","created_at":"1366550793.4793","rating":"1","notes":"bought tf2 items (keys) with BTC"},
{"id":"25742","rater_nick":"TheButterZone","rated_nick":"b1z","created_at":"1369542588.23145","rating":"1","notes":"BTC for my PP on 1-2-13"},
{"id":"25861","rater_nick":"Dm90","rated_nick":"b1z","created_at":"1369839537.87404","rating":"1","notes":"Received 1.1 BTC after sending him Paypal USD 3 days ago as per the agreement. Would trade again."},
{"id":"26163","rater_nick":"BigBitz","rated_nick":"b1z","created_at":"1370601802.99345","rating":"1","notes":"My PPUSD for his BTC. b1z sent first!"},
{"id":"33004","rater_nick":"wahbaduck","rated_nick":"b1z","created_at":"1388475568.17025","rating":"1","notes":"my pp for his btc small transaction, nice guy"},
{"id":"33224","rater_nick":"csm","rated_nick":"b1z","created_at":"1392114471.86997","rating":"2","notes":"two triple digit sales of BTC via PayPal since 2014-01-13"},
{"id":"34117","rater_nick":"trilogy456","rated_nick":"b1z","created_at":"1394200590.51796","rating":"1","notes":"my PP for their BTC, small trade. Quick trade"},
{"id":"34661","rater_nick":"tim-tams","rated_nick":"b1z","created_at":"1397572792.06161","rating":"3","notes":"I've written for him and traded. Awesome guy."},
{"id":"35026","rater_nick":"numismatics","rated_nick":"b1z","created_at":"1398748233.67139","rating":"1","notes":"his BTC for my PPUSD-smooth and easy"}
]
