[
{"id":"20327","rater_nick":"ATC","rated_nick":"baalm","created_at":"1360270283.5354","rating":"1","notes":"Sold him BTC for MP. He sent first, smooth trade."},
{"id":"20335","rater_nick":"BCB","rated_nick":"baalm","created_at":"1360286785.21563","rating":"1","notes":"small paypal to bitcoin trade. smooth."},
{"id":"20620","rater_nick":"TheButterZone","rated_nick":"baalm","created_at":"1361138430.63722","rating":"1","notes":"BTC to LR, I middlemanned for an exchanger."},
{"id":"25526","rater_nick":"Ssateneth","rated_nick":"baalm","created_at":"1369015007.79438","rating":"-10","notes":"Name is currently being used by a scammer. Do not trade with this person under any circumstance. If this person is messaging you, stop immediately and say something in #bitcoin-otc"}
]
