[
{"id":"15550","rater_nick":"toffoo","rated_nick":"Babaji","created_at":"1349804146.01782","rating":"2","notes":"two good trades dwola for btc, no problems"},
{"id":"15857","rater_nick":"rg","rated_nick":"Babaji","created_at":"1349710028.20313","rating":"1","notes":"Small $20 BTC->PPusd trade. No problems."},
{"id":"16465","rater_nick":"NaruFGT","rated_nick":"Babaji","created_at":"1351045958.30616","rating":"1","notes":"Successful DWOLLA transaction, glad to do business."},
{"id":"21515","rater_nick":"gwillen","rated_nick":"Babaji","created_at":"1363285734.1648","rating":"-1","notes":"Thinks we're all pussies, apparently."},
{"id":"21520","rater_nick":"TheButterZone","rated_nick":"Babaji","created_at":"1363295177.39848","rating":"-1","notes":"Calls people who refuse to be victims of PayPal chargeback scams pussies ."}
]
