[
{"id":"7956","rater_nick":"gigavps","rated_nick":"babbler","created_at":"1325000775.17293","rating":"2","notes":"multiple moneypak transactions. all good."},
{"id":"8167","rater_nick":"imsaguy","rated_nick":"babbler","created_at":"1324427750.89312","rating":"2","notes":"quick and easy moneypak<->btc transfers"},
{"id":"8300","rater_nick":"cory","rated_nick":"babbler","created_at":"1324608349.80318","rating":"2","notes":"He's sold me triple digit MoneyPak for BTC"},
{"id":"9146","rater_nick":"paulzag","rated_nick":"babbler","created_at":"1333466938.28209","rating":"3","notes":"sold babble BTC for PPUSD and MP several transactions, all quick & easy"},
{"id":"9422","rater_nick":"errydayimgenerat","rated_nick":"babbler","created_at":"1330463548.79999","rating":"2","notes":"sent Wells Fargo bank wire 100$ for MtGox USD code. Stayed around to make sure it confirmed, great communication."},
{"id":"9652","rater_nick":"spawn-","rated_nick":"babbler","created_at":"1331650959.77232","rating":"1","notes":"quick nice business BTC for PPUSD highly recommended!"},
{"id":"10220","rater_nick":"rg","rated_nick":"babbler","created_at":"1334067568.55298","rating":"1","notes":"sold him btc for ppusd, seems ok so far."},
{"id":"10819","rater_nick":"GlooBoy","rated_nick":"babbler","created_at":"1351193447.62439","rating":"3","notes":"Multi-Transactions. Thx for the Trust."},
{"id":"11784","rater_nick":"grubles","rated_nick":"babbler","created_at":"1339871480.22874","rating":"1","notes":null},
{"id":"13252","rater_nick":"aethero","rated_nick":"babbler","created_at":"1343849087.22375","rating":"1","notes":"Bought my BTC for his MP"},
{"id":"13640","rater_nick":"MBS","rated_nick":"babbler","created_at":"1344912751.39998","rating":"1","notes":"Sold mtgoxusd for moneypak"},
{"id":"14568","rater_nick":"Ssateneth","rated_nick":"babbler","created_at":"1360730852.12929","rating":"3","notes":"I sold him BTC for his PPUSD multiple times. Small to medium-size transactions."},
{"id":"20154","rater_nick":"BCB","rated_nick":"babbler","created_at":"1363291505.11245","rating":"4","notes":"Multiple Paypal to Bitcoin Trades. Always smooth"},
{"id":"21112","rater_nick":"guruvan","rated_nick":"babbler","created_at":"1362435732.06257","rating":"1","notes":"easy trade my goxusd for his ppusd - nice & professional - will update once more time passes (and PP is clear clear clear!)"},
{"id":"21120","rater_nick":"Aaron_TangCryp","rated_nick":"babbler","created_at":"1362440744.51681","rating":"1","notes":"his PP for my BTC quick and smooth plus paid my high fees :D"},
{"id":"22392","rater_nick":"yoyoceramic","rated_nick":"babbler","created_at":"1364321677.64794","rating":"1","notes":"quick my ppusd for his btc. Thanks!"},
{"id":"22782","rater_nick":"Perlboy","rated_nick":"babbler","created_at":"1364702873.20423","rating":"2","notes":"Easy to deal with, fast PP->BTC trade."},
{"id":"22784","rater_nick":"tonydtiger","rated_nick":"babbler","created_at":"1364703772.81656","rating":"2","notes":"his BTC for my PP usd, smooth transaction"},
{"id":"23568","rater_nick":"geod","rated_nick":"babbler","created_at":"1365620484.95461","rating":"1","notes":"bought btc using pp. fast transaction"},
{"id":"23635","rater_nick":"csm","rated_nick":"babbler","created_at":"1367049791.45359","rating":"2","notes":"double digit PayPal transaction"},
{"id":"24544","rater_nick":"markus","rated_nick":"babbler","created_at":"1368041385.98298","rating":"2","notes":"a couple of mutual pp <-> btc trades. smooth."},
{"id":"24831","rater_nick":"tencevad","rated_nick":"babbler","created_at":"1367478592.01862","rating":"1","notes":"My PPUSD for his BTC. Smooth transaction."},
{"id":"24984","rater_nick":"veox","rated_nick":"babbler","created_at":"1372803342.31659","rating":"1","notes":"My PPUSD for their mBTC. Put in 0 transaction fees, didn't warn."},
{"id":"24998","rater_nick":"MmmmYah","rated_nick":"babbler","created_at":"1367806686.31559","rating":"1","notes":"smooth tx...his btc for my pp usd"},
{"id":"25157","rater_nick":"QuantumQrack","rated_nick":"babbler","created_at":"1368096991.96637","rating":"1","notes":"PPUSD for BTC, smooth"},
{"id":"25447","rater_nick":"semesa","rated_nick":"babbler","created_at":"1368745865.26084","rating":"1","notes":"fast, easy trade, his btc for my PPUSD"},
{"id":"25545","rater_nick":"lucyDrop","rated_nick":"babbler","created_at":"1369080205.90727","rating":"2","notes":"Smoooooooooooooth Transaction MY PP USD for his BTC :D THANK YOU ! :)"},
{"id":"25731","rater_nick":"simran","rated_nick":"babbler","created_at":"1369514820.76697","rating":"1","notes":"Traded BTC-e code for PayPal"},
{"id":"26811","rater_nick":"TheLordOfTime","rated_nick":"babbler","created_at":"1372289127.94936","rating":"1","notes":"my ppusd, their btc."},
{"id":"27092","rater_nick":"Blazed","rated_nick":"babbler","created_at":"1373040646.62109","rating":"1","notes":"small PP for BTC"},
{"id":"27148","rater_nick":"allban","rated_nick":"babbler","created_at":"1373149627.59348","rating":"1","notes":"my ppusd, his btc, smooth trade"},
{"id":"27248","rater_nick":"bigbadjudas","rated_nick":"babbler","created_at":"1373476979.73588","rating":"1","notes":"His BTC for my PP, Smooth and Painless"},
{"id":"27254","rater_nick":"am42","rated_nick":"babbler","created_at":"1373494143.16604","rating":"1","notes":"quick and easy. pp for 3 btc"},
{"id":"27272","rater_nick":"puma1337","rated_nick":"babbler","created_at":"1373565173.68529","rating":"1","notes":"I purchase 6btc via pp, very quick and simple. thanks!"},
{"id":"27310","rater_nick":"tim-tams","rated_nick":"babbler","created_at":"1373679640.14345","rating":"1","notes":"Great deal, my silver for his BTC. Paid immediately and was very cooperative."},
{"id":"27312","rater_nick":"AussieBob","rated_nick":"babbler","created_at":"1373680792.5406","rating":"1","notes":"easy transaction - my pp for his btc - sent coins fast"},
{"id":"27338","rater_nick":"DeLorean719","rated_nick":"babbler","created_at":"1373744684.07978","rating":"2","notes":"Large transaction his BTC my PPUSD, I paid first. Good guy."},
{"id":"28044","rater_nick":"gentoovps","rated_nick":"babbler","created_at":"1375136695.87004","rating":"1","notes":"my ppusd for his 0.5btc - fastest transaction yet"},
{"id":"28069","rater_nick":"BigBitz","rated_nick":"babbler","created_at":"1386018988.22358","rating":"-10","notes":"Nick Squatting."},
{"id":"28172","rater_nick":"Jamesonwa","rated_nick":"babbler","created_at":"1375414488.94456","rating":"2","notes":"My PP for his 10BTC (he sent first, safe smooth deal) *THANKS*"},
{"id":"29904","rater_nick":"tr0y","rated_nick":"babbler","created_at":"1377653533.9293","rating":"1","notes":"Smooth transaction for small amount btc for ppusd."}
]
