[
{"id":"3015","rater_nick":"astrohacker","rated_nick":"Backburn","created_at":"1306209626.42425","rating":"1","notes":"one good trade, would trade again"},
{"id":"3730","rater_nick":"Shocky","rated_nick":"Backburn","created_at":"1307136993.43681","rating":"1","notes":"good, fast seller A+++"},
{"id":"3734","rater_nick":"krioyn","rated_nick":"Backburn","created_at":"1307137203.09504","rating":"1","notes":"Smooth transaction, recommended"},
{"id":"3738","rater_nick":"miccy777","rated_nick":"Backburn","created_at":"1307137779.20714","rating":"1","notes":"Thanks"},
{"id":"3741","rater_nick":"bitcoinTrader","rated_nick":"Backburn","created_at":"1307138903.13809","rating":"1","notes":"nice pp transaction"},
{"id":"4437","rater_nick":"dehuman","rated_nick":"Backburn","created_at":"1307556686.83002","rating":"5","notes":"quick payment up front. nice guy, would conduct business with again."}
]
