[
{"id":"37125","rater_nick":"xanthyos","rated_nick":"bagels7","created_at":"1420086447.60525","rating":"3","notes":null},
{"id":"37126","rater_nick":"danielpbarron","rated_nick":"bagels7","created_at":"1415706019.80351","rating":"2","notes":"boy who pretends to be a girl; http:\/\/twitter.com\/SakuraSoph"},
{"id":"37139","rater_nick":"mircea_popescu","rated_nick":"bagels7","created_at":"1415889404.85258","rating":"1","notes":"says she's an escort in montreal. if you ever visit, lemme know how it went."}
]
