[
{"id":"19660","rater_nick":"TonyFord","rated_nick":"Bananenbrot","created_at":"1359144637.31267","rating":"2","notes":"sold any bitcoins 2 times, exchange was done quickly"},
{"id":"20640","rater_nick":"sturles","rated_nick":"Bananenbrot","created_at":"1361192171.38587","rating":"1","notes":"One trade, BTC \/ EUR bank transfer."},
{"id":"24918","rater_nick":"nyusternie","rated_nick":"Bananenbrot","created_at":"1367614940.7477","rating":"2","notes":"really helped me out by testing a new intl sms gateway before launch"}
]
