[
{"id":"3069","rater_nick":"LaoShanLong","rated_nick":"barbarousrelic","created_at":"1306372937.86731","rating":"2","notes":"2.18 BTC @ 8 dwolla each, barbarousrelic payed fees"},
{"id":"3331","rater_nick":"plantain","rated_nick":"barbarousrelic","created_at":"1306808107.85992","rating":"1","notes":"prompt payment!"},
{"id":"4718","rater_nick":"Current-C","rated_nick":"barbarousrelic","created_at":"1307672540.51329","rating":"1","notes":null},
{"id":"13519","rater_nick":"MBS","rated_nick":"barbarousrelic","created_at":"1344646089.84268","rating":"1","notes":"Sold amazon gift card"},
{"id":"13756","rater_nick":"Imperial","rated_nick":"barbarousrelic","created_at":"1345199429.05549","rating":"1","notes":"Bought his BTC with BoA transfer"},
{"id":"14299","rater_nick":"Ixo","rated_nick":"barbarousrelic","created_at":"1346597081.87217","rating":"1","notes":"bought some litecoins off me, everything went just fine"},
{"id":"18295","rater_nick":"dparrish","rated_nick":"barbarousrelic","created_at":"1354672957.23151","rating":"1","notes":"Sold me BTC for a BoA transfer, he paid first"},
{"id":"20768","rater_nick":"BCB","rated_nick":"barbarousrelic","created_at":"1361499383.92238","rating":"4","notes":"Multiple Wells Fargo p2p to Bitcoin Trades. Always Smooth"},
{"id":"20770","rater_nick":"toffoo","rated_nick":"barbarousrelic","created_at":"1361499661.04917","rating":"2","notes":"first trade, CapitalOne360 for BTC, smooth no problems"},
{"id":"22925","rater_nick":"TheCass","rated_nick":"barbarousrelic","created_at":"1364953154.58631","rating":"1","notes":"Cool dude. Smooth and quick transaction"},
{"id":"23174","rater_nick":"MmmmYah","rated_nick":"barbarousrelic","created_at":"1365294909.99499","rating":"1","notes":"smooth buy of his btc via capitalone 360 checking peer to peer payment.."},
{"id":"24617","rater_nick":"arij","rated_nick":"barbarousrelic","created_at":"1367162726.44612","rating":"1","notes":"traded my btc for his bofa"}
]
