[
{"id":"13195","rater_nick":"seco","rated_nick":"bassula","created_at":"1343654076.22659","rating":"1","notes":"Pleasant and accurate conversation: He managed to wait a few days until we finally get a deal, and kept his word as promised. Welcome to OTC! :-)"},
{"id":"13275","rater_nick":"toofast4you","rated_nick":"bassula","created_at":"1343919344.04468","rating":"1","notes":"Bought some bitcoins, all went smooth as expected.Will do some transactions in the future :-)."},
{"id":"14080","rater_nick":"mindlost","rated_nick":"bassula","created_at":"1346196075.71425","rating":"2","notes":"couple of small transactions, quick and pleasant, i sent first"},
{"id":"22996","rater_nick":"Azelphur","rated_nick":"bassula","created_at":"1365034243.92504","rating":"1","notes":"Sold me MTGoxUSD via UK Bank transfer"}
]
