[
{"id":"10475","rater_nick":"isoman2kx","rated_nick":"basselisk","created_at":"1335067132.1711","rating":"1","notes":"legit, took ppusd and had a pleasant buying experience. thanks!"},
{"id":"10611","rater_nick":"bigd555","rated_nick":"basselisk","created_at":"1335490446.30606","rating":"2","notes":"Bought 4.22btc off him for 21.75usd via paypal. I highly recommend buying from him any time he is selling. I will definatly buy from him from now on."},
{"id":"10975","rater_nick":"speed_racer8","rated_nick":"basselisk","created_at":"1337118251.9652","rating":"1","notes":"pp for btc, good fellow, fast"},
{"id":"11298","rater_nick":"ne0futur","rated_nick":"basselisk","created_at":"1343723388.66942","rating":"3","notes":"third paypal transaction, everything well."},
{"id":"12141","rater_nick":"Newar","rated_nick":"basselisk","created_at":"1340767490.59297","rating":"1","notes":"good to trade with you"},
{"id":"12879","rater_nick":"llanox","rated_nick":"basselisk","created_at":"1342753911.65988","rating":"1","notes":"bought 10 btc for PPUSD. Easy transaction, and a nice guy"},
{"id":"14228","rater_nick":"synchronize","rated_nick":"basselisk","created_at":"1346394307.37109","rating":"1","notes":"Immediate payment - fast transaction via PaypalUSD - Thanks!"},
{"id":"15606","rater_nick":"arij","rated_nick":"basselisk","created_at":"1349218694.90514","rating":"1","notes":"sent me btc first for my pp"},
{"id":"15778","rater_nick":"sega01","rated_nick":"basselisk","created_at":"1349504102.41101","rating":"1","notes":"Bought 1 BTC for PPUSD from him. Very prompt and legitimate seller."},
{"id":"18936","rater_nick":"x0Jakeyboy0x","rated_nick":"basselisk","created_at":"1356198778.94783","rating":"1","notes":"Bought BTC for Paypal. Good guy. Great transaction. Will trade with again."},
{"id":"20753","rater_nick":"jcpham","rated_nick":"basselisk","created_at":"1361412489.03047","rating":"1","notes":"Bought btc with pp"},
{"id":"21406","rater_nick":"HellMind","rated_nick":"basselisk","created_at":"1363104719.92732","rating":"1","notes":"he sold me 1.2BTC everything smooth(paid with paypal)"},
{"id":"22975","rater_nick":"BCB","rated_nick":"basselisk","created_at":"1369177074.87859","rating":"2","notes":"PP\/CitiBank Trades. like Butta."},
{"id":"25967","rater_nick":"pyroarchy","rated_nick":"basselisk","created_at":"1370074773.11691","rating":"1","notes":"small ppusd tx smooth and fast!"},
{"id":"26019","rater_nick":"greenmaji","rated_nick":"basselisk","created_at":"1370249042.47796","rating":"1","notes":"My PP for his BTC smooth trade"},
{"id":"28657","rater_nick":"dundysf","rated_nick":"basselisk","created_at":"1375940490.26106","rating":"1","notes":"My PP for his BTC - very smooth."},
{"id":"35910","rater_nick":"RBecker","rated_nick":"basselisk","created_at":"1404188305.49307","rating":"-1","notes":"squatter using your nick - PM me to remove this rating once you're back"},
{"id":"35941","rater_nick":"ruukasu","rated_nick":"basselisk","created_at":"1404327948.84887","rating":"-10","notes":"has not authed in more than 394 days. asked him to auth, he posted a fake ;;ident message and was still unauthed. if you're ever back, auth and message be to remove this rating"},
{"id":"36022","rater_nick":"Kelticfox","rated_nick":"basselisk","created_at":"1405283919.81622","rating":"-10","notes":"Squatter (Scammer) sitting on account. PM me when you're back for removal."},
{"id":"36023","rater_nick":"DeepSpace","rated_nick":"basselisk","created_at":"1405285858.33404","rating":"-10","notes":"Account abused by FF. Be careful"}
]
