[
{"id":"18972","rater_nick":"BCB","rated_nick":"batteryfire","created_at":"1356300254.83546","rating":"3","notes":"Chase Quick Pay=>BTC, smooth"},
{"id":"19039","rater_nick":"Oldsport","rated_nick":"batteryfire","created_at":"1356477959.9345","rating":"2","notes":"bought AGC with btc."},
{"id":"19042","rater_nick":"BeholdGlow","rated_nick":"batteryfire","created_at":"1356492800.28508","rating":"1","notes":"purchased (with btc) his walmart eGift. will do business again"},
{"id":"19047","rater_nick":"lawnchair","rated_nick":"batteryfire","created_at":"1356504103.72726","rating":"3","notes":"bought ukash usd for btc... perfect transaction."},
{"id":"19227","rater_nick":"TraderSam","rated_nick":"batteryfire","created_at":"1356915281.54354","rating":"10","notes":"My brother."},
{"id":"21649","rater_nick":"fbastage","rated_nick":"batteryfire","created_at":"1363702994.41328","rating":"1","notes":"my chase for his btc. he sent first. thanks"},
{"id":"21691","rater_nick":"Immuzikation","rated_nick":"batteryfire","created_at":"1363823255.16444","rating":"8","notes":"Large CD for BTC. Incredibly trustworthy trader!"},
{"id":"21726","rater_nick":"segy","rated_nick":"batteryfire","created_at":"1363819592.61777","rating":"1","notes":"My Chase QuickPay for btc. Fast, smooth transaction."},
{"id":"21739","rater_nick":"joe_k","rated_nick":"batteryfire","created_at":"1363840292.62256","rating":"5","notes":"Met locally; super easy USD -> BTC transaction. Definitely will do business again."},
{"id":"21746","rater_nick":"thebrinks","rated_nick":"batteryfire","created_at":"1363859773.71346","rating":"2","notes":"My Paypal + Chase Quickpay => BTC, nice and smooth"},
{"id":"21828","rater_nick":"dna6a","rated_nick":"batteryfire","created_at":"1363997678.80665","rating":"3","notes":"Brilliant and helpful! Highly Recommended!"},
{"id":"22889","rater_nick":"episking-","rated_nick":"batteryfire","created_at":"1364926081.45282","rating":"1","notes":"my cash deposit for his BTC. He sent first. THANKS!!"},
{"id":"23053","rater_nick":"HungDaddy","rated_nick":"batteryfire","created_at":"1365103602.13947","rating":"1","notes":"Good transaction. pp->BTC"},
{"id":"23069","rater_nick":"Scribe","rated_nick":"batteryfire","created_at":"1365110014.48465","rating":"1","notes":"bought btc with my paypal, smooth transaction"},
{"id":"23085","rater_nick":"xrobau","rated_nick":"batteryfire","created_at":"1365115819.27857","rating":"1","notes":"Bought via Paypal, sent coins. I'm buying a pony."},
{"id":"24165","rater_nick":"congregate","rated_nick":"batteryfire","created_at":"1366314461.80389","rating":"2","notes":"multiple smooth PP for BTC trans"},
{"id":"24168","rater_nick":"Billdr","rated_nick":"batteryfire","created_at":"1366313108.98022","rating":"1","notes":"Bought some btc off him at a great price, using my paypal."},
{"id":"24176","rater_nick":"jk9357","rated_nick":"batteryfire","created_at":"1366315172.02089","rating":"1","notes":"small paypal ==> bitcoin trade"},
{"id":"25315","rater_nick":"BTCOxygen","rated_nick":"batteryfire","created_at":"1368480104.04556","rating":"1","notes":"BTC for PPUSD. Nice trade."},
{"id":"25494","rater_nick":"themartianist","rated_nick":"batteryfire","created_at":"1368926441.62306","rating":"1","notes":"bought btc via quick pay. A smooth transaction he was very patient."}
]
