[
{"id":"34278","rater_nick":"Michail1","rated_nick":"bawse","created_at":"1395705274.22862","rating":"1","notes":"Proved he is: https:\/\/localbitcoins.com\/accounts\/profile\/rocket\/"},
{"id":"34281","rater_nick":"ThePendulum","rated_nick":"bawse","created_at":"1395705737.95769","rating":"1","notes":"His BTC for my PPUSD. Risky transaction on my side, kept his promise! :)"},
{"id":"34407","rater_nick":"anduck","rated_nick":"bawse","created_at":"1396453909.5119","rating":"1","notes":"verified to be 'rocket' at localbitcoins"},
{"id":"35018","rater_nick":"Sammey","rated_nick":"bawse","created_at":"1398708696.98161","rating":"10","notes":"Several legit traders have been shilling new, so far legit, accounts such as mine and bawse because they don't understand how OTC really works. -- Shill offset rating... (danielpbarron)"},
{"id":"35020","rater_nick":"GlooBoy","rated_nick":"bawse","created_at":"1398708974.39812","rating":"-2","notes":"Cries about WoT abuse and then thanks shillers who fluff his trustwortyness"},
{"id":"35080","rater_nick":"BigBitz","rated_nick":"bawse","created_at":"1399288059.76869","rating":"-8","notes":"I don't trust him."}
]
