[
{"id":"38316","rater_nick":"yang","rated_nick":"bayatu","created_at":"1459616115.66605","rating":"1","notes":"His PPEUR for my BTC, small amount"},
{"id":"38333","rater_nick":"cluelessperson","rated_nick":"bayatu","created_at":"1460708471.56639","rating":"-1","notes":"Little history, doesn't seem to understand trust model of #bitcoin-otc, wouldn't trust unless I see improvement."},
{"id":"38334","rater_nick":"Kelticfox","rated_nick":"bayatu","created_at":"1460811109.49055","rating":"-5","notes":"Wants to trade 100Euros in order to get ratings. Wants to use ratings to get a 300Euro loan."}
]
