[
{"id":"4176","rater_nick":"kW","rated_nick":"bb","created_at":"1307375700.06838","rating":"6","notes":null},
{"id":"4184","rater_nick":"T_X","rated_nick":"bb","created_at":"1307379047.45676","rating":"1","notes":"smooth transaction, no trouble"},
{"id":"4260","rater_nick":"ottodv","rated_nick":"bb","created_at":"1307451347.87808","rating":"1","notes":"Great trade."},
{"id":"4401","rater_nick":"codemojo","rated_nick":"bb","created_at":"1307544181.73156","rating":"1","notes":null},
{"id":"4545","rater_nick":"Keefe","rated_nick":"bb","created_at":"1307589276.42149","rating":"2","notes":null},
{"id":"16812","rater_nick":"techmrw","rated_nick":"bb","created_at":"1351784973.77786","rating":"-1","notes":"WARNING: Nick squatter is using this identity. This person is NOT who he claims to be. Don't get scammed. I will remove this rating if you identify, enforce and auth to gribble."}
]
