[
{"id":"9132","rater_nick":"spawn-","rated_nick":"bbr0wn","created_at":"1329297352.13284","rating":"1","notes":"nice trade he sent me PPUSD and i sent him BTC"},
{"id":"9164","rater_nick":"sturles","rated_nick":"bbr0wn","created_at":"1329485873.32364","rating":"1","notes":"PayPal"},
{"id":"18436","rater_nick":"jcpham","rated_nick":"bbr0wn","created_at":"1357313890.12985","rating":"2","notes":"Multiple successful PP trades."},
{"id":"19348","rater_nick":"stimu","rated_nick":"bbr0wn","created_at":"1357299881.62695","rating":"1","notes":"ppusd for btc"},
{"id":"19350","rater_nick":"sgornick","rated_nick":"bbr0wn","created_at":"1357305259.74536","rating":"1","notes":"Sold a few BTCs in exchange for bbr0wn's PPUSD.  Great trx."},
{"id":"19354","rater_nick":"sega01","rated_nick":"bbr0wn","created_at":"1357320557.57632","rating":"1","notes":"Sold 4 BTC for PPUSD. bbr0wn sent first. Smooth transaction, no issues. Thanks!"}
]
