[
{"id":"14995","rater_nick":"episking-","rated_nick":"BCB","created_at":"1498165552.1729","rating":"8","notes":"Mulitple transactions. Lots of trust. Thank you sir!! Valued member of the geekocracy"},
{"id":"14997","rater_nick":"paraipan","rated_nick":"BCB","created_at":"1348182775.52954","rating":"3","notes":"Trustworthy guy, have done some great paypal transactions with him and even loaned me money on bitcointalk"},
{"id":"15002","rater_nick":"vampire","rated_nick":"BCB","created_at":"1348184090.15644","rating":"5","notes":"traded thousands of dollars worth of mtgox\/ing\/dwolla dollars"},
{"id":"15004","rater_nick":"Ignatius-otc","rated_nick":"BCB","created_at":"1348184416.08753","rating":"1","notes":"gox\/chaseqp smooth trade, forum balla"},
{"id":"15489","rater_nick":"OgNasty","rated_nick":"BCB","created_at":"1348959176.1141","rating":"1","notes":null},
{"id":"15945","rater_nick":"fishface1","rated_nick":"BCB","created_at":"1349898041.16638","rating":"1","notes":"Dwolla to Gox, quick and easy transaction w\/ excellent communication"},
{"id":"16502","rater_nick":"Metta28","rated_nick":"BCB","created_at":"1351130326.58051","rating":"1","notes":null},
{"id":"16655","rater_nick":"lurk_","rated_nick":"BCB","created_at":"1351464970.70542","rating":"1","notes":null},
{"id":"17335","rater_nick":"MustelloStaff","rated_nick":"BCB","created_at":"1352855296.88102","rating":"1","notes":"escrow service for WU transfer"},
{"id":"17338","rater_nick":"ktorp","rated_nick":"BCB","created_at":"1352857373.87669","rating":"5","notes":"have bought a small amount of PPUSD from him and he has held a few hundred dollars' worth of bitcoins for me twice"},
{"id":"17346","rater_nick":"jbrazy","rated_nick":"BCB","created_at":"1352860565.43156","rating":"1","notes":"Good guy, sent BTC immediately following payment. Also helped a newbie through the process. A+"},
{"id":"17351","rater_nick":"zipstyle","rated_nick":"BCB","created_at":"1354064429.56234","rating":"1","notes":"courteous, friendly, and quick."},
{"id":"17481","rater_nick":"btcbuy314","rated_nick":"BCB","created_at":"1355378351.22594","rating":"2","notes":"makes you verify but is trustworthy. his btc for my ppusd."},
{"id":"17491","rater_nick":"dbdoggreen","rated_nick":"BCB","created_at":"1353125639.73889","rating":"2","notes":null},
{"id":"17496","rater_nick":"manes","rated_nick":"BCB","created_at":"1353133430.38937","rating":"1","notes":"Sold 200 USD in Moneypak"},
{"id":"17515","rater_nick":"projectshifter","rated_nick":"BCB","created_at":"1370547833.30494","rating":"8","notes":"multiple mp and pp trades, great guy, thanks again!"},
{"id":"17519","rater_nick":"adamjgmiller","rated_nick":"BCB","created_at":"1353196726.9354","rating":"1","notes":"BTC==>PP 100+ Easy"},
{"id":"17559","rater_nick":"evoo1","rated_nick":"BCB","created_at":"1353264997.5961","rating":"10","notes":"btc for pp - very professional"},
{"id":"17563","rater_nick":"majinx","rated_nick":"BCB","created_at":"1365908768.33914","rating":"5","notes":"Small BTC for PP. No Issues..."},
{"id":"17567","rater_nick":"aethero","rated_nick":"BCB","created_at":"1355974515.45116","rating":"5","notes":null},
{"id":"17694","rater_nick":"Samoi","rated_nick":"BCB","created_at":"1370918000.96946","rating":"5","notes":"good trader"},
{"id":"17736","rater_nick":"Jamesonwa","rated_nick":"BCB","created_at":"1355801994.14513","rating":"4","notes":"another one of my goto's for btc good guy and fast dealings"},
{"id":"17913","rater_nick":"Azelphur","rated_nick":"BCB","created_at":"1354063254.89626","rating":"3","notes":"Multiple large BTC transactions"},
{"id":"17931","rater_nick":"mollyringwald","rated_nick":"BCB","created_at":"1367523208.71613","rating":"10","notes":"several transactions paypal and bank transfer he always makes it easy to get coins"},
{"id":"17960","rater_nick":"GlooBoy","rated_nick":"BCB","created_at":"1353980323.41526","rating":"2","notes":"BTC--->mySERVE - Fast and Easy."},
{"id":"17962","rater_nick":"TheButterZone","rated_nick":"BCB","created_at":"1354306558.6987","rating":"1","notes":"My Serve for his BTC. Only use debit card with Serve! Bank transfer & credit card -10!"},
{"id":"18102","rater_nick":"florafauna","rated_nick":"BCB","created_at":"1354167284.73896","rating":"2","notes":"PPUSD to BTC Very helpful, was patient when I needed to be walked through the transaction"},
{"id":"18136","rater_nick":"Mitosis","rated_nick":"BCB","created_at":"1354245391.41239","rating":"2","notes":"my dwolla for his MtGox USD -> great trader , tolerated my longwinded discussion of algebra"},
{"id":"18162","rater_nick":"c4pt","rated_nick":"BCB","created_at":"1359925314.03495","rating":"10","notes":"its rolled over into higher numbers than 10 lost count starting this as 11 sold me btc for paypal numerous times reliable person to trade with"},
{"id":"18176","rater_nick":"evilfix","rated_nick":"BCB","created_at":"1356899579.70886","rating":"5","notes":"multiple xfers his btc my mp always smooth"},
{"id":"18180","rater_nick":"zapsoda","rated_nick":"BCB","created_at":"1354389149.37776","rating":"1","notes":"bought BTC with my PPUSD was really patient with me when PP failed"},
{"id":"18189","rater_nick":"eriiikk","rated_nick":"BCB","created_at":"1354401896.5192","rating":"1","notes":"52BTC for PP. Excellent communication, and thanks for the patience. : )"},
{"id":"18197","rater_nick":"sharp","rated_nick":"BCB","created_at":"1354405240.70355","rating":"1","notes":null},
{"id":"18207","rater_nick":"jcpham","rated_nick":"BCB","created_at":"1365437824.11626","rating":"3","notes":"Several transactions"},
{"id":"18209","rater_nick":"ph0x","rated_nick":"BCB","created_at":"1356555840.35893","rating":"3","notes":"Multiple Transactions for my Serve"},
{"id":"18211","rater_nick":"Faeralini","rated_nick":"BCB","created_at":"1355374303.53281","rating":"2","notes":null},
{"id":"18233","rater_nick":"nj8668","rated_nick":"BCB","created_at":"1354486450.04223","rating":"2","notes":"Sold me BTC for PPUSD, quick and easy. Thanks!"},
{"id":"18237","rater_nick":"rg","rated_nick":"BCB","created_at":"1354495373.86316","rating":"1","notes":"successful transaction"},
{"id":"18241","rater_nick":"dogshu","rated_nick":"BCB","created_at":"1397184724.84424","rating":"3","notes":"multiple very smooth transactions"},
{"id":"18255","rater_nick":"l4than-d3vers","rated_nick":"BCB","created_at":"1355240135.03808","rating":"3","notes":"mutiple small transactions, my PPUSD for BTC"},
{"id":"18259","rater_nick":"mckay","rated_nick":"BCB","created_at":"1354578398.86896","rating":"1","notes":"bought small amount of BTC for PPUSD, good"},
{"id":"18266","rater_nick":"camolist","rated_nick":"BCB","created_at":"1354590976.12538","rating":"1","notes":"sold me btc for paypal. fast and smooth transaction"},
{"id":"18271","rater_nick":"Rassah","rated_nick":"BCB","created_at":"1363834166.67211","rating":"3","notes":"Traded a few times over PPUSD. Always prompt payments."},
{"id":"18274","rater_nick":"Michail1","rated_nick":"BCB","created_at":"1354597831.34629","rating":"1","notes":"Purchased BTC with my Chase. 4 digit. Fast."},
{"id":"18275","rater_nick":"tunafizz","rated_nick":"BCB","created_at":"1355616906.51769","rating":"2","notes":"<reliable seller, second transaction with this seller and they move quickly a+>"},
{"id":"18298","rater_nick":"gloves","rated_nick":"BCB","created_at":"1354687677.99331","rating":"2","notes":null},
{"id":"18302","rater_nick":"Hailsithis","rated_nick":"BCB","created_at":"1354679558.77683","rating":"1","notes":"quick btc for my MP thanks"},
{"id":"18304","rater_nick":"ductmangerj","rated_nick":"BCB","created_at":"1354682000.91894","rating":"1","notes":"1btc for ppusd..smooth"},
{"id":"18306","rater_nick":"wafflebear937","rated_nick":"BCB","created_at":"1354683780.26806","rating":"1","notes":"Provided me a short time loan. Thanks!"},
{"id":"18326","rater_nick":"weeboo","rated_nick":"BCB","created_at":"1354724976.86333","rating":"1","notes":"Bought BTC for 100 PPUSD. Nice and easy trade, nice !"},
{"id":"18328","rater_nick":"xempew","rated_nick":"BCB","created_at":"1354943631.02953","rating":"5","notes":"Numerous large PPUSD <=> BTC\/mtGox transactions. Pleasure to transact with. Thank you Qikcoin!"},
{"id":"18331","rater_nick":"xulrunner","rated_nick":"BCB","created_at":"1355623981.96045","rating":"1","notes":null},
{"id":"18338","rater_nick":"akhan08","rated_nick":"BCB","created_at":"1357764442.64318","rating":"3","notes":"Multiple large transactions"},
{"id":"18342","rater_nick":"conorc","rated_nick":"BCB","created_at":"1354748460.19349","rating":"1","notes":"quick and easy thanks"},
{"id":"18345","rater_nick":"Lepton","rated_nick":"BCB","created_at":"1367903528.35944","rating":"2","notes":"bought btc good tx"},
{"id":"18347","rater_nick":"jacketeer","rated_nick":"BCB","created_at":"1355196037.57044","rating":"2","notes":"PPUSD -> BTC, prompt, trusted seller"},
{"id":"18351","rater_nick":"gavain788","rated_nick":"BCB","created_at":"1354762155.14252","rating":"1","notes":"Perfect transaction, thanks!"},
{"id":"18352","rater_nick":"frend","rated_nick":"BCB","created_at":"1367376640.34216","rating":"7","notes":"always smooth"},
{"id":"18376","rater_nick":"Crontaur","rated_nick":"BCB","created_at":"1359673980.60807","rating":"3","notes":"Awesome Dude!"},
{"id":"18394","rater_nick":"puma1337","rated_nick":"BCB","created_at":"1365647164.55129","rating":"3","notes":"many smooth transactions, thanks!"},
{"id":"18412","rater_nick":"torirc","rated_nick":"BCB","created_at":"1362258164.96485","rating":"3","notes":"Awesome person, every time."},
{"id":"18455","rater_nick":"roamfree","rated_nick":"BCB","created_at":"1360021652.74519","rating":"2","notes":"Paypal to BTC Silky Smooth"},
{"id":"18456","rater_nick":"isasha","rated_nick":"BCB","created_at":"1354910828.20902","rating":"1","notes":"Sold me my first btc I love this guy!"},
{"id":"18457","rater_nick":"DPP_","rated_nick":"BCB","created_at":"1355267371.57382","rating":"5","notes":"Really good trader, quick service, good prices. Many successful trades."},
{"id":"18468","rater_nick":"AAP-","rated_nick":"BCB","created_at":"1362704694.16868","rating":"5","notes":"Several PPUSD to BTC tx, always smooth"},
{"id":"18477","rater_nick":"IRcrank","rated_nick":"BCB","created_at":"1354933428.43878","rating":"1","notes":"Sold me my first btc I love that guy!"},
{"id":"18482","rater_nick":"freewil","rated_nick":"BCB","created_at":"1354949347.27973","rating":"1","notes":"qik and easy transaction"},
{"id":"18493","rater_nick":"HungDaddy","rated_nick":"BCB","created_at":"1365445902.60695","rating":"2","notes":"Fast and easy transaction as usual. Would buy from again."},
{"id":"18542","rater_nick":"MisterLudvigsen","rated_nick":"BCB","created_at":"1355102429.80612","rating":"1","notes":"OTC-cherry popped, transaction went smooth and gentle."},
{"id":"18543","rater_nick":"dcash","rated_nick":"BCB","created_at":"1355105830.04009","rating":"1","notes":"will update in 30 days.12.9.12"},
{"id":"18556","rater_nick":"kasvag0r1an","rated_nick":"BCB","created_at":"1355161305.69557","rating":"2","notes":"Another quick and easy trade. PPUSD=>BTC. Helpful and trustworthy guy."},
{"id":"18579","rater_nick":"easyat","rated_nick":"BCB","created_at":"1365717432.44226","rating":"5","notes":"Multiple 4 figure transaction. Smooth as budda"},
{"id":"18586","rater_nick":"textish","rated_nick":"BCB","created_at":"1355193339.6619","rating":"1","notes":"Small My BTC->USD Wells Fargo Transfer -- Easy transaction, great communication"},
{"id":"18598","rater_nick":"Wooly","rated_nick":"BCB","created_at":"1360737295.65925","rating":"4","notes":"Sold me btc for my PPUSD several times, always quick and easy, thanks!"},
{"id":"18611","rater_nick":"shockwav","rated_nick":"BCB","created_at":"1364615033.85497","rating":"5","notes":"My BTC for his $ via PP. Smooth."},
{"id":"18625","rater_nick":"beethoven8201","rated_nick":"BCB","created_at":"1355276307.99499","rating":"1","notes":"cash deposit for BTC -- thanks for helping a newbie"},
{"id":"18646","rater_nick":"bitplane","rated_nick":"BCB","created_at":"1355367309.77795","rating":"1","notes":"Small trade for paypal, quick and painless"},
{"id":"18647","rater_nick":"dparrish","rated_nick":"BCB","created_at":"1355875025.68041","rating":"2","notes":"Sold me BTC for bank transfer, and was patient"},
{"id":"18650","rater_nick":"spooner111","rated_nick":"BCB","created_at":"1365359769.57557","rating":"2","notes":"Multiple PPUSD TO BTC purchases. Always smooth"},
{"id":"18671","rater_nick":"LIERO","rated_nick":"BCB","created_at":"1365434517.76407","rating":"3","notes":"Purchased his BTC with PPUSD, several trades. Always smooth"},
{"id":"18704","rater_nick":"tecan","rated_nick":"BCB","created_at":"1355607650.14146","rating":"1","notes":"smooth transaction"},
{"id":"18714","rater_nick":"utaequ","rated_nick":"BCB","created_at":"1355621898.38802","rating":"1","notes":"small MoneyBookers\/BTC trade. Fast."},
{"id":"18731","rater_nick":"AtomChildren","rated_nick":"BCB","created_at":"1355698382.016","rating":"1","notes":"traded my pak for his coins"},
{"id":"18735","rater_nick":"bitcoinvixen","rated_nick":"BCB","created_at":"1362703124.70276","rating":"4","notes":"2 multiple bankwire for BTC trades, paypal for btc, no BS, awesome."},
{"id":"18740","rater_nick":"lupin3","rated_nick":"BCB","created_at":"1355709716.67086","rating":"2","notes":"Very quick, simple, and secure set-up for PP>BTC."},
{"id":"18816","rater_nick":"starsoccer","rated_nick":"BCB","created_at":"1370661296.4024","rating":"7","notes":"many trades can always count on him. As smooth as a babies butt"},
{"id":"18832","rater_nick":"mudkip4","rated_nick":"BCB","created_at":"1355953059.05462","rating":"1","notes":"My MP for his BTC thanks"},
{"id":"18863","rater_nick":"Kelticfox","rated_nick":"BCB","created_at":"1356021838.9031","rating":"1","notes":"Good Guy BCB"},
{"id":"18869","rater_nick":"Phraust","rated_nick":"BCB","created_at":"1356029732.5731","rating":"1","notes":"Smooth trade, sold MP for BTC :D"},
{"id":"18919","rater_nick":"defaced","rated_nick":"BCB","created_at":"1362065569.87521","rating":"2","notes":"PPUSD for BTC went smoothly."},
{"id":"18921","rater_nick":"polymorphous","rated_nick":"BCB","created_at":"1357073556.78324","rating":"5","notes":"Another quick and easy trade"},
{"id":"18945","rater_nick":"sega01","rated_nick":"BCB","created_at":"1356203339.91455","rating":"1","notes":"Bought BTC for PPUSD. Smooth transaction, I sent first."},
{"id":"18955","rater_nick":"JWU42","rated_nick":"BCB","created_at":"1356222211.24391","rating":"1","notes":"Sold BTC for Dwolla - Smooth transaction from a solid trader!"},
{"id":"18957","rater_nick":"MarkyRamone","rated_nick":"BCB","created_at":"1356809473.26944","rating":"3","notes":"multiple transaction,Service=10,Communication=10, recommended"},
{"id":"18964","rater_nick":"cFrank","rated_nick":"BCB","created_at":"1356288335.73205","rating":"1","notes":"My MP for his BTC"},
{"id":"18975","rater_nick":"daemon","rated_nick":"BCB","created_at":"1356321651.91959","rating":"1","notes":"nice and smooth; though he does not support opera (boo) -- recommended"},
{"id":"18978","rater_nick":"nightmann","rated_nick":"BCB","created_at":"1359584080.0066","rating":"4","notes":"5+ BofA => BTC transactions, smooth always"},
{"id":"18992","rater_nick":"batteryfire","rated_nick":"BCB","created_at":"1365010571.74297","rating":"6","notes":"My Dwolla for Cash + Bought BTC via Chase QP. Smooth and fast transactions. Thanks!"},
{"id":"19058","rater_nick":"johndoe1111","rated_nick":"BCB","created_at":"1357864967.05548","rating":"1","notes":"Dwolla->BTC. Fast, smooth, recommended."},
{"id":"19070","rater_nick":"jezta","rated_nick":"BCB","created_at":"1356564528.66942","rating":"1","notes":"congrats on a century of good ratings! (bought through paypal)"},
{"id":"19100","rater_nick":"slybootz","rated_nick":"BCB","created_at":"1361316123.15675","rating":"3","notes":"Another MP>BTC, quick and painless. TY"},
{"id":"19177","rater_nick":"vigilyn","rated_nick":"BCB","created_at":"1361154356.27077","rating":"3","notes":"Sold MoneyPak & Serve for his BTC, quick & easy!."},
{"id":"19186","rater_nick":"Shrugged","rated_nick":"BCB","created_at":"1371404459.85282","rating":"6","notes":"Trusted."},
{"id":"19216","rater_nick":"theymos","rated_nick":"BCB","created_at":"1356835679.51084","rating":"4","notes":"Works against scams on the forum a lot. Seems very honest."},
{"id":"19297","rater_nick":"scionb","rated_nick":"BCB","created_at":"1362803113.4456","rating":"4","notes":"Always super quick and a pleasure to deal with."},
{"id":"19300","rater_nick":"adinxn","rated_nick":"BCB","created_at":"1357171924.73434","rating":"2","notes":"paypal -> BTC"},
{"id":"19309","rater_nick":"BeholdGlow","rated_nick":"BCB","created_at":"1357185838.84174","rating":"10","notes":"odds are in your favor"},
{"id":"19326","rater_nick":"bonjurkes","rated_nick":"BCB","created_at":"1357258354.24052","rating":"10","notes":null},
{"id":"19329","rater_nick":"legitnick1","rated_nick":"BCB","created_at":"1357259176.74375","rating":"1","notes":"mtgoxusd for my MP"},
{"id":"19337","rater_nick":"galilee7_","rated_nick":"BCB","created_at":"1357273588.01818","rating":"1","notes":"totally trustworthy"},
{"id":"19370","rater_nick":"YewniiVerse","rated_nick":"BCB","created_at":"1357430813.31159","rating":"2","notes":"escrowed and he bought starbucks egift on oybee"},
{"id":"19373","rater_nick":"TraderSam","rated_nick":"BCB","created_at":"1357356280.41055","rating":"1","notes":"escrowed for me and YewniiVerse."},
{"id":"19394","rater_nick":"spunkie","rated_nick":"BCB","created_at":"1363232242.67532","rating":"2","notes":"Multiple transactions, alwasy smooth"},
{"id":"19398","rater_nick":"weenfan","rated_nick":"BCB","created_at":"1360507994.64751","rating":"4","notes":"multiple BTC sent for BoA USD .."},
{"id":"19423","rater_nick":"Immuzikation","rated_nick":"BCB","created_at":"1379354261.18087","rating":"1","notes":"Multiple transactions. Always smooth."},
{"id":"19429","rater_nick":"ElevatedDownfall","rated_nick":"BCB","created_at":"1357496822.2664","rating":"3","notes":"MoneyPaks PPUSD and BTC"},
{"id":"19438","rater_nick":"stimu","rated_nick":"BCB","created_at":"1357519833.63783","rating":"1","notes":"ppusd for btc"},
{"id":"19443","rater_nick":"djgee","rated_nick":"BCB","created_at":"1357522700.2157","rating":"1","notes":"smooth, easy, quick. thanks man! ill be back."},
{"id":"19457","rater_nick":"swhitt","rated_nick":"BCB","created_at":"1371522666.95226","rating":"6","notes":"Multiple high-value bank of america\/paypal\/chase usd->btc transfers for 6months+. Nice guy, always effortless."},
{"id":"19482","rater_nick":"bomboclat77","rated_nick":"BCB","created_at":"1357614045.24643","rating":"1","notes":"good honest trader bought my MP for btc"},
{"id":"19505","rater_nick":"publio","rated_nick":"BCB","created_at":"1357679269.31007","rating":"1","notes":"painless mid-sized LR trade"},
{"id":"19512","rater_nick":"andyh2","rated_nick":"BCB","created_at":"1365445551.91968","rating":"6","notes":"multiple btc for ppusd purchases, smooth&fast every time A+"},
{"id":"19515","rater_nick":"yongjhen","rated_nick":"BCB","created_at":"1357709184.48446","rating":"1","notes":"buy 2 BTC with paypal, smooth transaction"},
{"id":"19523","rater_nick":"fweezy","rated_nick":"BCB","created_at":"1357747544.55926","rating":"1","notes":"Fast and smooth btc transaction. Self proclaimed nice guy"},
{"id":"19541","rater_nick":"sgornick","rated_nick":"BCB","created_at":"1357792582.37505","rating":"1","notes":"I sold a small amount  BTCs to BCB for BCB's PPUSD.  Great trx."},
{"id":"19546","rater_nick":"QuattroCV","rated_nick":"BCB","created_at":"1362077466.26789","rating":"3","notes":"BTC 4 figure deal. nice guy"},
{"id":"19562","rater_nick":"lewis713","rated_nick":"BCB","created_at":"1357887422.29855","rating":"2","notes":"smooth transaction with paypal"},
{"id":"19623","rater_nick":"Emerus","rated_nick":"BCB","created_at":"1358097392.01679","rating":"1","notes":null},
{"id":"19718","rater_nick":"max88","rated_nick":"BCB","created_at":"1358358696.01708","rating":"2","notes":"Sold me over 120 in BTC with my noob reputation. A stand up guy and great to do business with!"},
{"id":"19778","rater_nick":"marketanarchist","rated_nick":"BCB","created_at":"1358545801.33617","rating":"1","notes":"perfect trasaction ty bcb!"},
{"id":"19779","rater_nick":"gaantr2","rated_nick":"BCB","created_at":"1363189711.54428","rating":"2","notes":"solid trader, multiple trades. Good prices."},
{"id":"19813","rater_nick":"ThaddeusB","rated_nick":"BCB","created_at":"1358629816.36935","rating":"2","notes":"Nice guy, pleasure to do business with (my Dwolla for his Mtgox USD code)"},
{"id":"19829","rater_nick":"Scrat","rated_nick":"BCB","created_at":"1363286019.57945","rating":"2","notes":"Multiple transactions. Smooth as a baby's butt"},
{"id":"19853","rater_nick":"bitcoin88","rated_nick":"BCB","created_at":"1358746052.23286","rating":"1","notes":"Quick and smooth btc->LR exchange"},
{"id":"19871","rater_nick":"vick","rated_nick":"BCB","created_at":"1358800696.4441","rating":"1","notes":"One up for you man!"},
{"id":"19877","rater_nick":"phreakocious","rated_nick":"BCB","created_at":"1358996934.16186","rating":"2","notes":"consistent performer"},
{"id":"19907","rater_nick":"chrophedra","rated_nick":"BCB","created_at":"1358905756.64875","rating":"5","notes":"Bought over 2K PPUSD worth of BTC through his e-commerce site, and a couple in private. Thanks for your trust"},
{"id":"19908","rater_nick":"anon2301","rated_nick":"BCB","created_at":"1358906489.7283","rating":"1","notes":"bought 1 BTC for PPUSD, fast & easy trade"},
{"id":"19909","rater_nick":"noitev","rated_nick":"BCB","created_at":"1370297506.19356","rating":"4","notes":"another fast paypal THANKS!!!"},
{"id":"19932","rater_nick":"bilal","rated_nick":"BCB","created_at":"1358993533.41738","rating":"2","notes":"Smooth transaction, guided me through my very first transaction, Paypal -> BTC"},
{"id":"19937","rater_nick":"Manifested","rated_nick":"BCB","created_at":"1358997019.75261","rating":"1","notes":"Bought through paypapl. Great help."},
{"id":"19987","rater_nick":"opticbit","rated_nick":"BCB","created_at":"1359152987.85083","rating":"2","notes":null},
{"id":"19998","rater_nick":"karmtec","rated_nick":"BCB","created_at":"1359174397.08564","rating":"1","notes":"Smooth Transaction"},
{"id":"20006","rater_nick":"x0Jakeyboy0x","rated_nick":"BCB","created_at":"1359215132.13778","rating":"2","notes":"Good guy. Finally got to do business. I'm sure it won't be the last."},
{"id":"20008","rater_nick":"ATC","rated_nick":"BCB","created_at":"1360801093.61531","rating":"7","notes":"Lots of trades, small loans, etc. Highly trusted and very helpful and professional."},
{"id":"20011","rater_nick":"endless","rated_nick":"BCB","created_at":"1359217909.51532","rating":"1","notes":null},
{"id":"20013","rater_nick":"BitBoy","rated_nick":"BCB","created_at":"1384043654.15623","rating":"9","notes":"Countless WF P2P => BTC transactions."},
{"id":"20023","rater_nick":"mjgrae","rated_nick":"BCB","created_at":"1360342265.20813","rating":"2","notes":"PPUSD --> BTC Quick and easy, second time transaction."},
{"id":"20039","rater_nick":"Killerherts","rated_nick":"BCB","created_at":"1359320731.40091","rating":"8","notes":"moneypak-->pp---->BTC--> succsess thanks for helping me get my first trans done"},
{"id":"20094","rater_nick":"corbs132","rated_nick":"BCB","created_at":"1359426196.43331","rating":"1","notes":"eh, pretty cool guy and doesn't afraid of bitcoins"},
{"id":"20097","rater_nick":"TheDirtySerb","rated_nick":"BCB","created_at":"1359429082.21686","rating":"3","notes":null},
{"id":"20114","rater_nick":"mayan","rated_nick":"BCB","created_at":"1359492765.00262","rating":"1","notes":"paid me 1btc for losing a bet that BTC would hit 20$ by 3pm EST - IM RICH BITCH!"},
{"id":"20152","rater_nick":"v3","rated_nick":"BCB","created_at":"1361500288.3013","rating":"4","notes":"Another smooth PP buy - highly recommend!"},
{"id":"20153","rater_nick":"babbler","rated_nick":"BCB","created_at":"1365035429.4733","rating":"3","notes":"many ppusd->btc transactions always smooth"},
{"id":"20168","rater_nick":"komododragon","rated_nick":"BCB","created_at":"1360635883.20097","rating":"5","notes":"highly trusted for escrow. many trades"},
{"id":"20175","rater_nick":"nhaines","rated_nick":"BCB","created_at":"1359661101.95572","rating":"1","notes":"Sold me BTC for PPUSD. Very smooth and fast transaction. Very pleased. :)"},
{"id":"20182","rater_nick":"mikestone48","rated_nick":"BCB","created_at":"1359682666.02701","rating":"2","notes":"Excellent guy to work with PPUSD to BTC"},
{"id":"20190","rater_nick":"UNOE227","rated_nick":"BCB","created_at":"1359702322.91062","rating":"1","notes":"Purchased some PPUSD, I was in a bind, no hassle quick transfer"},
{"id":"20229","rater_nick":"KarmaBytes","rated_nick":"BCB","created_at":"1360102562.68056","rating":"3","notes":"Multiple Transactions"},
{"id":"20250","rater_nick":"senseless","rated_nick":"BCB","created_at":"1359923463.5879","rating":"1","notes":"bought coin for ppusd, ty"},
{"id":"20269","rater_nick":"occulta","rated_nick":"BCB","created_at":"1360019650.19804","rating":"2","notes":"Bought Amazon GC from me, quick transaction"},
{"id":"20271","rater_nick":"pyroarchy","rated_nick":"BCB","created_at":"1392415877.31125","rating":"5","notes":"many ppusd -> btc txn's, smooth as always"},
{"id":"20279","rater_nick":"pauliewog","rated_nick":"BCB","created_at":"1360052826.84921","rating":"1","notes":"Easy and fast. Will definitely do business again."},
{"id":"20285","rater_nick":"Surye","rated_nick":"BCB","created_at":"1360193256.71774","rating":"2","notes":"Multiple PPUSD transactions, No delay in delivery."},
{"id":"20296","rater_nick":"barbarousrelic","rated_nick":"BCB","created_at":"1361498879.60373","rating":"3","notes":"Two smooth significant transactions"},
{"id":"20309","rater_nick":"philth","rated_nick":"BCB","created_at":"1360197534.58477","rating":"1","notes":"Excellent Thanks for helping a newbie get a rating. :)"},
{"id":"20311","rater_nick":"trixisowned","rated_nick":"BCB","created_at":"1360199494.15601","rating":"1","notes":"super fast transaction, fantastic~"},
{"id":"20313","rater_nick":"kearm","rated_nick":"BCB","created_at":"1360202395.61991","rating":"1","notes":"Smooth paypal transaction"},
{"id":"20316","rater_nick":"caerian","rated_nick":"BCB","created_at":"1361238844.0905","rating":"4","notes":"multiple paypal to bitcoin trades. Always smooth."},
{"id":"20336","rater_nick":"baalm","rated_nick":"BCB","created_at":"1360287750.21946","rating":"1","notes":"paypal to bitcoin great trade"},
{"id":"20338","rater_nick":"ne0futur","rated_nick":"BCB","created_at":"1360289176.4585","rating":"1","notes":"paypal for BTC, everything good"},
{"id":"20354","rater_nick":"nyRednek","rated_nick":"BCB","created_at":"1369107787.11445","rating":"5","notes":"Very Reliable...Resolved only hiccup I've ever dealt with amicably"},
{"id":"20360","rater_nick":"JK2-OTC","rated_nick":"BCB","created_at":"1361313547.16375","rating":"3","notes":"multiple transactions, smooth as butter"},
{"id":"20365","rater_nick":"stqism","rated_nick":"BCB","created_at":"1458783791.65397","rating":"3","notes":"Goooood olllddd dayssss"},
{"id":"20388","rater_nick":"sal002","rated_nick":"BCB","created_at":"1360441549.85364","rating":"1","notes":"small Dwolla \/ BTC - fast"},
{"id":"20390","rater_nick":"Jmoney303","rated_nick":"BCB","created_at":"1360442809.69351","rating":"1","notes":"Small transaction, my Paypal for BTC. Fast trade"},
{"id":"20392","rater_nick":"DeLorean719","rated_nick":"BCB","created_at":"1360443336.16077","rating":"1","notes":"Bought 1 btc from him"},
{"id":"20398","rater_nick":"taskb4r","rated_nick":"BCB","created_at":"1362193177.56032","rating":"2","notes":"quick paypal transfer"},
{"id":"20422","rater_nick":"solca","rated_nick":"BCB","created_at":"1360637284.3977","rating":"2","notes":"Thx for the patience"},
{"id":"20424","rater_nick":"cardinalG","rated_nick":"BCB","created_at":"1360536281.30568","rating":"1","notes":"(Bought 2.5BTC via Paypal, fast transaction and very helpful.)"},
{"id":"20435","rater_nick":"Rawted","rated_nick":"BCB","created_at":"1361912038.87493","rating":"2","notes":"second trade, pp to btc, smooth as always."},
{"id":"20465","rater_nick":"BigTim","rated_nick":"BCB","created_at":"1360634741.51523","rating":"2","notes":"Bought a small amount of his btc smooth trade!"},
{"id":"20488","rater_nick":"Remption47","rated_nick":"BCB","created_at":"1360710192.68576","rating":"1","notes":null},
{"id":"20508","rater_nick":"markus","rated_nick":"BCB","created_at":"1363029055.19232","rating":"2","notes":"multi pp->btc transactions. <3"},
{"id":"20540","rater_nick":"dinosaur","rated_nick":"BCB","created_at":"1360887845.2905","rating":"1","notes":"smooth btc for dwolla."},
{"id":"20611","rater_nick":"MelMan2002","rated_nick":"BCB","created_at":"1361118408.33852","rating":"4","notes":"Have done a couple large exchanges - always fast & easy!"},
{"id":"20624","rater_nick":"cuziamninja","rated_nick":"BCB","created_at":"1361151633.3773","rating":"2","notes":"Great trade."},
{"id":"20709","rater_nick":"TUK10","rated_nick":"BCB","created_at":"1361313935.26531","rating":"2","notes":"100% trusted, easy to work with simple transaction"},
{"id":"20711","rater_nick":"janesh","rated_nick":"BCB","created_at":"1361314289.53804","rating":"5","notes":"Trading went fine, help if needed, good guy"},
{"id":"20715","rater_nick":"klmist","rated_nick":"BCB","created_at":"1362066806.52396","rating":"2","notes":"smooth paypal. a++"},
{"id":"20749","rater_nick":"TIWizard","rated_nick":"BCB","created_at":"1361408835.69733","rating":"1","notes":"Quick transaction through PayPal. Thanks."},
{"id":"20750","rater_nick":"MBS","rated_nick":"BCB","created_at":"1362867999.01334","rating":"3","notes":"Sold him goxusd several times for serve and dwolla"},
{"id":"20772","rater_nick":"zewe_","rated_nick":"BCB","created_at":"1365785187.76278","rating":"3","notes":"btc for ppusd, smooth"},
{"id":"20832","rater_nick":"chronicaust","rated_nick":"BCB","created_at":"1361843176.62428","rating":"2","notes":"traded btc for paypal, very professional"},
{"id":"20835","rater_nick":"Metabank","rated_nick":"BCB","created_at":"1364684346.24754","rating":"5","notes":"gox -> pp, very pleased with service, recommended"},
{"id":"20837","rater_nick":"BenderCoin","rated_nick":"BCB","created_at":"1366323038.36461","rating":"1","notes":"Sold small amount of BTC for his bank transfer. Great service."},
{"id":"20839","rater_nick":"jrecursive","rated_nick":"BCB","created_at":"1363151253.74632","rating":"3","notes":"multiple btc via pp, smooth."},
{"id":"20862","rater_nick":"boyscoutdreams","rated_nick":"BCB","created_at":"1361941755.14062","rating":"2","notes":"Fast and easy, great business!"},
{"id":"20882","rater_nick":"genBTC","rated_nick":"BCB","created_at":"1362016127.7598","rating":"1","notes":"paypal to 1 BTC Worked out well."},
{"id":"20886","rater_nick":"uw","rated_nick":"BCB","created_at":"1362018467.802","rating":"1","notes":"Traded mtgox for dwolla. Works fast would surely trade again."},
{"id":"20896","rater_nick":"eleet89","rated_nick":"BCB","created_at":"1362152154.81834","rating":"10","notes":"excellent seller, i have buid for the 4th time by paypal A++++"},
{"id":"20908","rater_nick":"designdream","rated_nick":"BCB","created_at":"1370821295.9403","rating":"5","notes":"Great trader. Also helped recover some funds from scammer. A++ Guy"},
{"id":"21037","rater_nick":"osirisx11","rated_nick":"BCB","created_at":"1365455339.2277","rating":"4","notes":"wonderful as always"},
{"id":"21040","rater_nick":"MWNinja","rated_nick":"BCB","created_at":"1362263706.72328","rating":"1","notes":"Sold me my very first BTC for PP, Thanks."},
{"id":"21078","rater_nick":"franko11","rated_nick":"BCB","created_at":"1362371883.25922","rating":"3","notes":null},
{"id":"21212","rater_nick":"Appendage","rated_nick":"BCB","created_at":"1362622206.47158","rating":"4","notes":"Dwolla to BTC trade, plus was super helpful in explaining the otc registration process :)"},
{"id":"21234","rater_nick":"bad_duck","rated_nick":"BCB","created_at":"1362691850.09057","rating":"3","notes":"perfect"},
{"id":"21244","rater_nick":"mikey48","rated_nick":"BCB","created_at":"1362703701.2745","rating":"4","notes":"another great smooth transaction ppusd"},
{"id":"21246","rater_nick":"thegoat88","rated_nick":"BCB","created_at":"1362704066.9033","rating":"3","notes":"my btc for his usd. fast easy"},
{"id":"21248","rater_nick":"bitbrick","rated_nick":"BCB","created_at":"1362711319.19453","rating":"6","notes":"(Very helpful. Spent a lot of time helping me get set up. Honest transaction.)"},
{"id":"21250","rater_nick":"Aaron_TangCryp","rated_nick":"BCB","created_at":"1363738940.16581","rating":"3","notes":"little less than 1k in PP and One of my favorite traders here"},
{"id":"21252","rater_nick":"vite","rated_nick":"BCB","created_at":"1362711591.33917","rating":"1","notes":"easy fast deal"},
{"id":"21285","rater_nick":"colorado","rated_nick":"BCB","created_at":"1362958254.42806","rating":"2","notes":"another nice dwolla for 2.5 btc transaction with a nice guy"},
{"id":"21286","rater_nick":"needbtcc","rated_nick":"BCB","created_at":"1362764243.01651","rating":"10","notes":"5 BTC transaction via PayPal. Trust him to death for too long."},
{"id":"21289","rater_nick":"HellMind","rated_nick":"BCB","created_at":"1362766064.73063","rating":"1","notes":"my first trade paid with Paypal!"},
{"id":"21303","rater_nick":"jerbroch","rated_nick":"BCB","created_at":"1362786511.58839","rating":"1","notes":"Super fast PayPal transaction. Painless. Thanks!"},
{"id":"21305","rater_nick":"onryo","rated_nick":"BCB","created_at":"1362787021.79864","rating":"1","notes":"Really pleasant and quick transaction. Can recommend"},
{"id":"21315","rater_nick":"lucyDrop","rated_nick":"BCB","created_at":"1384491404.56503","rating":"10","notes":"GREATEST PERSON ON OTC ! NO ONE CAN EVER GO WRONG WITH BCB ! HES GENUINE LIKE JESUS ! I HAVE TRADED BTC WORTH OVER USD 10,000 FROM HIM SO FAR ! AND MAAN HE HAS DONE MORE THAN WHAT HES SUPPOSE TO ! MY BROTHER :D THANK YOU ! OUR BITCOIN JESUS ! HALLELUJAH !!! <3."},
{"id":"21338","rater_nick":"Daamstc11","rated_nick":"BCB","created_at":"1362888254.20218","rating":"3","notes":"as smooth as usaul"},
{"id":"21361","rater_nick":"Rallye","rated_nick":"BCB","created_at":"1362952130.56863","rating":"2","notes":"My PPUSD for his BTC. Very smoothe. Went out of his way to cover for my error!"},
{"id":"21366","rater_nick":"blackflash86","rated_nick":"BCB","created_at":"1363015385.59706","rating":"2","notes":"his 1 BTC for my PPUSD quick fast and helpful"},
{"id":"21369","rater_nick":"chedda","rated_nick":"BCB","created_at":"1363021653.15091","rating":"3","notes":"Very helpful and quick to deliver bitcoin via paypal A++"},
{"id":"21390","rater_nick":"jdrancor","rated_nick":"BCB","created_at":"1363969278.75827","rating":"2","notes":"smooth quick and easy transactions"},
{"id":"21412","rater_nick":"Synops","rated_nick":"BCB","created_at":"1363132785.06201","rating":"3","notes":"Exchanged my Dwolla for BTC. one of the best around!"},
{"id":"21440","rater_nick":"pacpac","rated_nick":"BCB","created_at":"1363150771.4302","rating":"1","notes":"easy ppusd transaction."},
{"id":"21455","rater_nick":"chewbacca111","rated_nick":"BCB","created_at":"1363190563.51933","rating":"3","notes":"Paypal to bitcoin trade. Fast and easy"},
{"id":"21464","rater_nick":"thekid8474895","rated_nick":"BCB","created_at":"1363296453.97221","rating":"4","notes":"multiple BTC for MG trades...fast, never any problems"},
{"id":"21477","rater_nick":"bitcoin_empire","rated_nick":"BCB","created_at":"1365873083.06695","rating":"3","notes":"multiple transactions great seller"},
{"id":"21485","rater_nick":"AGreyCrane","rated_nick":"BCB","created_at":"1363232146.2059","rating":"1","notes":"Sent BTC promptly on payment."},
{"id":"21519","rater_nick":"theY4Kman","rated_nick":"BCB","created_at":"1363290763.60857","rating":"7","notes":"So incredibly helpful, you should be giving him all your money."},
{"id":"21533","rater_nick":"guidebook","rated_nick":"BCB","created_at":"1363365773.52863","rating":"3","notes":"Ordered BTC for PPUSD, very fast, no problem."},
{"id":"21540","rater_nick":"segy","rated_nick":"BCB","created_at":"1363370478.23545","rating":"1","notes":"quick bitcoin for Dwolla trade."},
{"id":"21545","rater_nick":"alphaguru","rated_nick":"BCB","created_at":"1363377742.81954","rating":"1","notes":"bought his BTC with my paypal, worked out fast"},
{"id":"21548","rater_nick":"astanix","rated_nick":"BCB","created_at":"1363378108.22112","rating":"1","notes":"small dwolla transaction, super quick, thanks"},
{"id":"21555","rater_nick":"Pachy","rated_nick":"BCB","created_at":"1363382579.96197","rating":"1","notes":"Quick and easy"},
{"id":"21578","rater_nick":"CompulsiveConfig","rated_nick":"BCB","created_at":"1363479297.10158","rating":"1","notes":"His btc for my amazon. Smooth like Talcum Powder."},
{"id":"21582","rater_nick":"wikitopian","rated_nick":"BCB","created_at":"1363484033.3983","rating":"3","notes":"swift and pleasant"},
{"id":"21587","rater_nick":"vidkid","rated_nick":"BCB","created_at":"1363492193.25043","rating":"3","notes":"pypal to btc trade. very fast"},
{"id":"21589","rater_nick":"jtpatriot","rated_nick":"BCB","created_at":"1365881846.41161","rating":"3","notes":"A few trades, all successful. Easy PPUSD transfer. Would trade with him again."},
{"id":"21590","rater_nick":"simran","rated_nick":"BCB","created_at":"1363495362.91202","rating":"1","notes":"Traded LR for BTC"},
{"id":"21593","rater_nick":"Ryan2212012","rated_nick":"BCB","created_at":"1363495989.47507","rating":"3","notes":null},
{"id":"21626","rater_nick":"guruvan","rated_nick":"BCB","created_at":"1363628687.70958","rating":"2","notes":"quick trade, my PPUSD for his BTC - paid in full immediately. pleasure to trade with"},
{"id":"21637","rater_nick":"ibitcoins","rated_nick":"BCB","created_at":"1363677086.69177","rating":"2","notes":"very smooth transaction, I have bought 2 BTCs from PPUSD, thank you I will buy again!"},
{"id":"21661","rater_nick":"machiavellious","rated_nick":"BCB","created_at":"1363728595.45544","rating":"1","notes":"BTC for my Dwollars. Quick & easy."},
{"id":"21664","rater_nick":"Orbixx","rated_nick":"BCB","created_at":"1363739913.87794","rating":"1","notes":"Small transaction, but kindly obliged me."},
{"id":"21667","rater_nick":"_tetsuo_","rated_nick":"BCB","created_at":"1363971490.5342","rating":"3","notes":"Fast, easy smooth Paypal"},
{"id":"21690","rater_nick":"TradeFortress","rated_nick":"BCB","created_at":"1363779929.18303","rating":"1","notes":"thanks for contacting ATC for me"},
{"id":"21732","rater_nick":"tweeeaks","rated_nick":"BCB","created_at":"1392761200.12936","rating":"7","notes":"many trades, very trusted....get your MTL so we can move from peanuts to walnuts. BCB is in my crew fo sho."},
{"id":"21771","rater_nick":"TheLordOfTime","rated_nick":"BCB","created_at":"1372298634.87332","rating":"4","notes":"multiple transactions."},
{"id":"21776","rater_nick":"danielpbarron","rated_nick":"BCB","created_at":"1399259502.66349","rating":"2","notes":"have risked 1 BTC with this user"},
{"id":"21799","rater_nick":"dna6a","rated_nick":"BCB","created_at":"1363944055.70392","rating":"3","notes":"Brilliant and helpful! Highly Recommended!"},
{"id":"21800","rater_nick":"dkdanielkli","rated_nick":"BCB","created_at":"1363945302.55523","rating":"5","notes":"Top BTC trader +++"},
{"id":"21810","rater_nick":"IndieInc","rated_nick":"BCB","created_at":"1363972706.33062","rating":"3","notes":"Plenty of PPUSD -> BTC transactions. Quick, clean, concise. Thanks."},
{"id":"22494","rater_nick":"Nektarios","rated_nick":"BCB","created_at":"1364434291.53613","rating":"3","notes":"btc for paypal, very smooth and fast"},
{"id":"22496","rater_nick":"MmmmYah","rated_nick":"BCB","created_at":"1364435045.88157","rating":"1","notes":"bought btc for ppusd ... great transaction"},
{"id":"22500","rater_nick":"activemember","rated_nick":"BCB","created_at":"1364437545.63227","rating":"6","notes":"awesome escrow mang"},
{"id":"22508","rater_nick":"redeeman","rated_nick":"BCB","created_at":"1364473774.28379","rating":"2","notes":"Bought 3BTC via paypal, already there."},
{"id":"22604","rater_nick":"greenglue","rated_nick":"BCB","created_at":"1364691154.73089","rating":"3","notes":"Small transaction via PP. Smooth."},
{"id":"22657","rater_nick":"ssm","rated_nick":"BCB","created_at":"1364520222.54696","rating":"5","notes":"great communication, fast trade"},
{"id":"22705","rater_nick":"elargento","rated_nick":"BCB","created_at":"1364583718.40833","rating":"1","notes":"Happy to trade with you."},
{"id":"22706","rater_nick":"RBecker","rated_nick":"BCB","created_at":"1364584167.73639","rating":"1","notes":"My GOXUSD for his PPUSD"},
{"id":"22713","rater_nick":"diatonic","rated_nick":"BCB","created_at":"1370470080.87734","rating":"2","notes":"Have used him for escrow and sold him some BTC."},
{"id":"22721","rater_nick":"thekerstone","rated_nick":"BCB","created_at":"1365642198.85286","rating":"2","notes":"once again flawless escrow. thispersonrocks."},
{"id":"22746","rater_nick":"coolblade","rated_nick":"BCB","created_at":"1364661847.45342","rating":"2","notes":"bought 5 BTC using paypal, quick and easy"},
{"id":"22752","rater_nick":"nii236","rated_nick":"BCB","created_at":"1364674760.3595","rating":"1","notes":"Great! Helped me start out even though I used PP"},
{"id":"22759","rater_nick":"citra","rated_nick":"BCB","created_at":"1364677035.97855","rating":"1","notes":"bofa instant transfer for my btc"},
{"id":"22763","rater_nick":"Rozal","rated_nick":"BCB","created_at":"1364684140.71245","rating":"1","notes":"Great seller, fair and fast. BoA for BTC"},
{"id":"22767","rater_nick":"pRiVi","rated_nick":"BCB","created_at":"1364686406.84052","rating":"1","notes":"Perfectly!"},
{"id":"22769","rater_nick":"KoSoVaR","rated_nick":"BCB","created_at":"1364687598.85038","rating":"5","notes":"Smooth trade via Chase QuickPay, very helpful with beginner questions :)"},
{"id":"22772","rater_nick":"m0rning","rated_nick":"BCB","created_at":"1364689955.96007","rating":"4","notes":"'btc for paypal, easy and fast'"},
{"id":"22790","rater_nick":"d15__","rated_nick":"BCB","created_at":"1364777972.18331","rating":"2","notes":"multiple escrows, thanks."},
{"id":"22805","rater_nick":"silvercoin","rated_nick":"BCB","created_at":"1365470459.04548","rating":"4","notes":"Always there for a smooth transaction...thanks"},
{"id":"22808","rater_nick":"congregate","rated_nick":"BCB","created_at":"1365218881.08126","rating":"3","notes":"Great seller. PP for BTC"},
{"id":"22811","rater_nick":"wladston","rated_nick":"BCB","created_at":"1370362794.61725","rating":"5","notes":"Best Paypal seller. Multiple smooth transactions."},
{"id":"22815","rater_nick":"|aaron","rated_nick":"BCB","created_at":"1364773759.15585","rating":"1","notes":"bought two btc, received in less than a minute"},
{"id":"22819","rater_nick":"orthro","rated_nick":"BCB","created_at":"1385843288.24399","rating":"5","notes":"My PPUSD for his BTC. Always smooth!"},
{"id":"22824","rater_nick":"RetardedMonkey","rated_nick":"BCB","created_at":"1364783714.42392","rating":"1","notes":"First trade. BTC via PP. Very quick."},
{"id":"22893","rater_nick":"tonydtiger","rated_nick":"BCB","created_at":"1364926559.13073","rating":"2","notes":"smooth my PP USD for his BTC"},
{"id":"22976","rater_nick":"basselisk","rated_nick":"BCB","created_at":"1369176945.45457","rating":"2","notes":"my BTC for USD wired using citibank, trusted member will trade again!"},
{"id":"22979","rater_nick":"[NS]","rated_nick":"BCB","created_at":"1365014915.71957","rating":"1","notes":"Bitcoin4PP everything went smooth ty"},
{"id":"22985","rater_nick":"bigtip","rated_nick":"BCB","created_at":"1365786237.31758","rating":"10","notes":"Well i guess this is my last rating for BCB to bad ratings to go past 10, Excellent to do buissiness with"},
{"id":"23001","rater_nick":"Sigmund","rated_nick":"BCB","created_at":"1365035947.03017","rating":"5","notes":"Thanks for helping out a newb!"},
{"id":"23031","rater_nick":"exa","rated_nick":"BCB","created_at":"1365088899.06903","rating":"1","notes":"Paid me 0.96 BTC via PP, very quick transaction"},
{"id":"23057","rater_nick":"neeeeeeext","rated_nick":"BCB","created_at":"1365106874.3239","rating":"1","notes":"BTC for PayPal, delivered instantly, 10+ proffessional"},
{"id":"23061","rater_nick":"mastertheknife","rated_nick":"BCB","created_at":"1365108218.43665","rating":"1","notes":"good honest well rated seller. bought 2 BTC with ppusd"},
{"id":"23064","rater_nick":"alnkpa2","rated_nick":"BCB","created_at":"1365782885.7219","rating":"2","notes":"two small transaction PPUSD for BTC"},
{"id":"23153","rater_nick":"immelspin","rated_nick":"BCB","created_at":"1365267525.49694","rating":"1","notes":"pp to bitcoin. great transaction."},
{"id":"23155","rater_nick":"willphase","rated_nick":"BCB","created_at":"1365267610.68956","rating":"1","notes":"sold me btc. thanks"},
{"id":"23198","rater_nick":"Mikej0h","rated_nick":"BCB","created_at":"1365362710.18102","rating":"3","notes":"sell 2 BTC, excellent transaction"},
{"id":"23202","rater_nick":"skywalker594","rated_nick":"BCB","created_at":"1366924788.91581","rating":"4","notes":"the most honest guy I ve ever ever encountered"},
{"id":"23204","rater_nick":"DannyboyMT","rated_nick":"BCB","created_at":"1365451487.92353","rating":"5","notes":"smooth transaction"},
{"id":"23208","rater_nick":"viledly","rated_nick":"BCB","created_at":"1365373383.54627","rating":"1","notes":"my PPUSD for his 0.25 BTC, smooth and easy"},
{"id":"23240","rater_nick":"KingArthur","rated_nick":"BCB","created_at":"1365447712.35388","rating":"3","notes":"Smooth Transaction! :)"},
{"id":"23274","rater_nick":"mastyd","rated_nick":"BCB","created_at":"1365450133.66772","rating":"2","notes":"BTC via PayPal, great and quick transaction thanks a ton man!"},
{"id":"23293","rater_nick":"Sithis123","rated_nick":"BCB","created_at":"1365455329.11399","rating":"1","notes":null},
{"id":"23302","rater_nick":"tencevad","rated_nick":"BCB","created_at":"1369606717.87197","rating":"3","notes":"My BTC for BofA transfer, and my PPUSD for BTC. Smooth transactions."},
{"id":"23320","rater_nick":"BrokenCog","rated_nick":"BCB","created_at":"1365472025.57448","rating":"5","notes":"eased a noob through a PayPal buy. nicely done."},
{"id":"23329","rater_nick":"Sleepnbum","rated_nick":"BCB","created_at":"1368718451.93822","rating":"5","notes":"several transactions in BoA for BTC -> very fast!"},
{"id":"23331","rater_nick":"daevski","rated_nick":"BCB","created_at":"1365476365.76133","rating":"2","notes":"great help and fast sale using paypal :)"},
{"id":"23445","rater_nick":"abourget","rated_nick":"BCB","created_at":"1365517271.21395","rating":"2","notes":"Great experience, trusted me first, thanks a lot."},
{"id":"23479","rater_nick":"kidd0","rated_nick":"BCB","created_at":"1369190836.65138","rating":"8","notes":"smoooooooooth"},
{"id":"23553","rater_nick":"mailaddy","rated_nick":"BCB","created_at":"1374851707.9275","rating":"4","notes":"Multiple trades, my BTC for his MG\/WU"},
{"id":"23559","rater_nick":"phrog","rated_nick":"BCB","created_at":"1365796320.87373","rating":"2","notes":"We all have bad days. It is being able to make up for them that matters :)"},
{"id":"23563","rater_nick":"Mad7Scientist","rated_nick":"BCB","created_at":"1365818360.64312","rating":"-2","notes":"Bandwagon rating: User may not honor a lockin if the value of BTC being purchesed tanks. phrog sold 20 BTC (@$245) to BCB and BCB requested a price lock in. BTC tanked, BCB backed out leaving phrog with an $800 loss. $800 must have been worth less than the neg rating and they worked it out. The whole thing was a big ordeal that should have never happened."},
{"id":"23569","rater_nick":"Sparro","rated_nick":"BCB","created_at":"1365620492.45645","rating":"3","notes":"Anti-bandwagon. BCB was buying, asked if he could lock in, then backed out. It happens, people, that's why there was a time limit on the lock-in"},
{"id":"23608","rater_nick":"Josh","rated_nick":"BCB","created_at":"1365640539.87799","rating":"1","notes":"escrow for BTC-WU transfer"},
{"id":"23610","rater_nick":"DoctorRomeo","rated_nick":"BCB","created_at":"1372298065.27081","rating":"5","notes":"Several BTC for PayPal trades, ultra-smooth"},
{"id":"23611","rater_nick":"manic","rated_nick":"BCB","created_at":"1365645183.60662","rating":"3","notes":"mtgox -> bank quick and easy"},
{"id":"23621","rater_nick":"Ssateneth","rated_nick":"BCB","created_at":"1384677257.23565","rating":"3","notes":"Welcome to +1000 rating"},
{"id":"23654","rater_nick":"Ryuho","rated_nick":"BCB","created_at":"1365700178.30041","rating":"3","notes":"Paypal to Bitcoin trade. no issue."},
{"id":"23677","rater_nick":"giel_","rated_nick":"BCB","created_at":"1365718456.53969","rating":"5","notes":null},
{"id":"23683","rater_nick":"merx","rated_nick":"BCB","created_at":"1365723804.0875","rating":"1","notes":"sold small BTC amount for PPUSD purchase"},
{"id":"23705","rater_nick":"nomit","rated_nick":"BCB","created_at":"1365737146.04318","rating":"1","notes":"helped out as an escrow for a first time seller"},
{"id":"23739","rater_nick":"yoyoceramic","rated_nick":"BCB","created_at":"1365792775.09873","rating":"5","notes":"His Cash bank deposit for my bitcoin. Glad to finally do business! Thanks."},
{"id":"23745","rater_nick":"tmfing","rated_nick":"BCB","created_at":"1365794983.83692","rating":"1","notes":"Smooth transaction through PP. Thanks!"},
{"id":"23748","rater_nick":"jk9357","rated_nick":"BCB","created_at":"1365796779.26873","rating":"1","notes":"fast pp => btc transaction"},
{"id":"23750","rater_nick":"alecpap","rated_nick":"BCB","created_at":"1365883244.73375","rating":"1","notes":"my lr for his btc, another great trade"},
{"id":"23753","rater_nick":"amwt","rated_nick":"BCB","created_at":"1365992059.41058","rating":"3","notes":"Purchased with PPUSD on multiple transactions. All smooth\/fast."},
{"id":"23754","rater_nick":"keebler","rated_nick":"BCB","created_at":"1365881887.71759","rating":"3","notes":"correcting inadequate rating for cool doo.. ;)"},
{"id":"23759","rater_nick":"hackrobat","rated_nick":"BCB","created_at":"1365798588.07016","rating":"1","notes":"Good trade."},
{"id":"23772","rater_nick":"tyler01","rated_nick":"BCB","created_at":"1365805421.293","rating":"1","notes":"great trader, will use again. fast and smooth"},
{"id":"23774","rater_nick":"loulouxiv","rated_nick":"BCB","created_at":"1365807468.92378","rating":"3","notes":"smooth paypal to BTC :) thx"},
{"id":"23776","rater_nick":"powda","rated_nick":"BCB","created_at":"1365808784.73577","rating":"10","notes":"Thanks for popping my btc cherry!"},
{"id":"23841","rater_nick":"a215","rated_nick":"BCB","created_at":"1365873352.43638","rating":"5","notes":"muy bueno"},
{"id":"23844","rater_nick":"phungus","rated_nick":"BCB","created_at":"1365874124.33604","rating":"1","notes":"Good 1st transaction from a big trader, NOICE!"},
{"id":"23853","rater_nick":"sagata","rated_nick":"BCB","created_at":"1365880880.95165","rating":"5","notes":"Very smooth transactions over PP"},
{"id":"23857","rater_nick":"ezoteria","rated_nick":"BCB","created_at":"1365884964.86699","rating":"1","notes":"my paypal for his btc. fast & easy transaction."},
{"id":"23861","rater_nick":"Blitz-","rated_nick":"BCB","created_at":"1365889238.61273","rating":"2","notes":"very nice guy we traded ppusd to btc small amount went smooth."},
{"id":"23888","rater_nick":"SlingingStacks","rated_nick":"BCB","created_at":"1365911582.9373","rating":"1","notes":"small paypal to BTC Trade. All good."},
{"id":"23893","rater_nick":"bitme","rated_nick":"BCB","created_at":"1365917408.19258","rating":"10","notes":"Smooth; my usd via pp for btc."},
{"id":"23923","rater_nick":"godzilla123","rated_nick":"BCB","created_at":"1365959801.73892","rating":"2","notes":"bought btc via paypal"},
{"id":"23944","rater_nick":"mcilrain","rated_nick":"BCB","created_at":"1365981363.44917","rating":"1","notes":null},
{"id":"23998","rater_nick":"thinknow","rated_nick":"BCB","created_at":"1366035317.67428","rating":"2","notes":"Did escrow for us! Very trustworthy, will use him again if possible!! :)"},
{"id":"24005","rater_nick":"ryantw","rated_nick":"BCB","created_at":"1366041976.00997","rating":"1","notes":"bit coin trade. no problems"},
{"id":"24093","rater_nick":"x0cet","rated_nick":"BCB","created_at":"1366156074.55307","rating":"3","notes":"fast smooth transaction"},
{"id":"24137","rater_nick":"Bitexchanger","rated_nick":"BCB","created_at":"1372280390.85385","rating":"1","notes":"fast and easy transaction"},
{"id":"24257","rater_nick":"kadoban","rated_nick":"BCB","created_at":"1366497376.5233","rating":"1","notes":"escrow service for a few BTC, excellent service thanks!"},
{"id":"24321","rater_nick":"tesserajk","rated_nick":"BCB","created_at":"1366582956.94419","rating":"1","notes":"My chaseqp for BTC. Very smooth!"},
{"id":"24507","rater_nick":"Sekioh","rated_nick":"BCB","created_at":"1366928682.38891","rating":"2","notes":"6btc for BofA. No issues."},
{"id":"24509","rater_nick":"joeypotato","rated_nick":"BCB","created_at":"1366928850.9293","rating":"1","notes":"Received BTC for Chase QuickPay, smooth thx"},
{"id":"24686","rater_nick":"BigBitz","rated_nick":"BCB","created_at":"1383692450.1308","rating":"8","notes":"He's got the sexy bald head... and he loves me! <BCB> Samoi: BigBitz is a scamer"},
{"id":"24758","rater_nick":"zyxnxz","rated_nick":"BCB","created_at":"1367378315.32426","rating":"1","notes":"something cool because reasons (bought 0.2 btc via PPusd) because (bgb helped me with encryption)"},
{"id":"24861","rater_nick":"DoctorBTC","rated_nick":"BCB","created_at":"1367531971.19834","rating":"1","notes":"Dwolla >> BTC. Small TX. Smooth and quick."},
{"id":"24908","rater_nick":"ergofobe","rated_nick":"BCB","created_at":"1367602084.49114","rating":"1","notes":"Fast and easy transaction. A pleasure."},
{"id":"24913","rater_nick":"scrambledeggs","rated_nick":"BCB","created_at":"1367604131.75395","rating":"1","notes":"bit coin for dwolla"},
{"id":"25122","rater_nick":"lind","rated_nick":"BCB","created_at":"1368031331.62115","rating":"2","notes":"bought some coins"},
{"id":"25181","rater_nick":"djtrey","rated_nick":"BCB","created_at":"1368122744.41904","rating":"1","notes":"quick and painless transaction"},
{"id":"25453","rater_nick":"VigilanteP","rated_nick":"BCB","created_at":"1371659411.37634","rating":"4","notes":"Multiple smooth purchases of BTC via Chase quickpay \/ paypal"},
{"id":"25567","rater_nick":"cryptodechange","rated_nick":"BCB","created_at":"1369107917.75742","rating":"1","notes":"Provided a support medium for held funds, thanks for the assistance!"},
{"id":"25775","rater_nick":"fustookman","rated_nick":"BCB","created_at":"1371400497.55044","rating":"2","notes":"few smooth transcation. a real gentleman - highly recommended"},
{"id":"26002","rater_nick":"sc4rface","rated_nick":"BCB","created_at":"1370202443.43616","rating":"1","notes":"smooth PP->btc transaction, owed from past"},
{"id":"26099","rater_nick":"TigerGuy007","rated_nick":"BCB","created_at":"1371671201.46115","rating":"6","notes":"another 4 digit transaction. very trustworthy buyer. my btc for his usd"},
{"id":"26109","rater_nick":"Kruniac","rated_nick":"BCB","created_at":"1370490839.34291","rating":"4","notes":"Top notch - sold $1k BTC no problems."},
{"id":"26121","rater_nick":"pcity","rated_nick":"BCB","created_at":"1370522164.37331","rating":"1","notes":"MP>BTC exchange"},
{"id":"26180","rater_nick":"dundysf","rated_nick":"BCB","created_at":"1372159883.63941","rating":"2","notes":"My Chase qp for his BTC - smooth."},
{"id":"26185","rater_nick":"Convalescent","rated_nick":"BCB","created_at":"1370663613.28919","rating":"2","notes":"Awesome, easy to work with, highly recommened"},
{"id":"26225","rater_nick":"wlynn","rated_nick":"BCB","created_at":"1370748365.99522","rating":"1","notes":"sold me btw for pp, easy tx"},
{"id":"26228","rater_nick":"arashbahramnia","rated_nick":"BCB","created_at":"1370749301.57109","rating":"1","notes":"BTC to PPUSD"},
{"id":"26230","rater_nick":"elchespirito","rated_nick":"BCB","created_at":"1371657954.197","rating":"4","notes":"smooth operator"},
{"id":"26265","rater_nick":"xSubZer0x","rated_nick":"BCB","created_at":"1370810245.29271","rating":"1","notes":"my pp for his bitcoin"},
{"id":"26530","rater_nick":"wondercow11","rated_nick":"BCB","created_at":"1371655304.43682","rating":"4","notes":"another smooth transaction, my ppusd for his btc"},
{"id":"26547","rater_nick":"DingoRabiit","rated_nick":"BCB","created_at":"1371523798.47752","rating":"1","notes":"helped me out, Nice trader. Bought btc with PPusd"},
{"id":"26550","rater_nick":"eliteBoxes","rated_nick":"BCB","created_at":"1371523842.20608","rating":"1","notes":"Amazing seller, purchased BTC from him using QuickPay"},
{"id":"26600","rater_nick":"tehKitten","rated_nick":"BCB","created_at":"1371656876.1284","rating":"1","notes":"Good transaction!"},
{"id":"26602","rater_nick":"msmith","rated_nick":"BCB","created_at":"1371662610.30571","rating":"1","notes":"triple digit BTC for PPUSD"},
{"id":"26656","rater_nick":"gizborne","rated_nick":"BCB","created_at":"1371958262.6874","rating":"1","notes":"My PPUSD for his BTC, smooth"},
{"id":"26662","rater_nick":"drop1k","rated_nick":"BCB","created_at":"1371966205.07525","rating":"3","notes":"The best BTC trader EVER!"},
{"id":"26675","rater_nick":"bltrack","rated_nick":"BCB","created_at":"1371997096.4473","rating":"3","notes":"Awesome Trader!"},
{"id":"26855","rater_nick":"boonies4u","rated_nick":"BCB","created_at":"1372383591.94214","rating":"1","notes":"bought my BTC for DwollaUSD"},
{"id":"26882","rater_nick":"serp","rated_nick":"BCB","created_at":"1372426731.4183","rating":"1","notes":"Did some small work for him. All went well."},
{"id":"27096","rater_nick":"cryptonight","rated_nick":"BCB","created_at":"1374012099.65217","rating":"3","notes":"BTC\/PP perfect again"},
{"id":"27100","rater_nick":"bitthebullet","rated_nick":"BCB","created_at":"1373054006.18481","rating":"1","notes":"My Dwolla, His BTC. Smooth Transaction."},
{"id":"27103","rater_nick":"coolty","rated_nick":"BCB","created_at":"1373057275.15394","rating":"1","notes":"Great. my PPUSD for his BTC"},
{"id":"27105","rater_nick":"ggesnova","rated_nick":"BCB","created_at":"1373730761.70589","rating":"3","notes":"10 BTC Paypal"},
{"id":"27111","rater_nick":"oakwhiz","rated_nick":"BCB","created_at":"1373067268.31637","rating":"1","notes":"Traded PPUSD for BTC"},
{"id":"27382","rater_nick":"BTCOxygen","rated_nick":"BCB","created_at":"1378162740.37164","rating":"5","notes":"known him for a long time, trustworthy, Had a few trades with him too."},
{"id":"27439","rater_nick":"tim-tams","rated_nick":"BCB","created_at":"1373936641.14992","rating":"5","notes":"Several large Paypal trades, treats me quite well."},
{"id":"27471","rater_nick":"AnonCoin","rated_nick":"BCB","created_at":"1374010869.06805","rating":"2","notes":"I bought .03BTC from him for $3.50, I went first and it was a smooth trade A++ My Friend"},
{"id":"27566","rater_nick":"urza-btc","rated_nick":"BCB","created_at":"1374204651.66385","rating":"1","notes":null},
{"id":"27810","rater_nick":"AKAGuyver","rated_nick":"BCB","created_at":"1374546899.25628","rating":"1","notes":"another great transaction. my paypal for his bitcoins. thanks again"},
{"id":"27884","rater_nick":"moarrr","rated_nick":"BCB","created_at":"1374721020.83116","rating":"1","notes":"quick and easy transaction for 1 btc via paypal"},
{"id":"29553","rater_nick":"nanotube","rated_nick":"BCB","created_at":"1376689874.03304","rating":"1","notes":null},
{"id":"30072","rater_nick":"TrustedCoinHu","rated_nick":"BCB","created_at":"1378155173.95725","rating":"1","notes":"His BTC for my PP, smooth, thanks"},
{"id":"30176","rater_nick":"kingofsports","rated_nick":"BCB","created_at":"1378399988.72649","rating":"8","notes":"solid dude on forums"},
{"id":"30259","rater_nick":"AriGold","rated_nick":"BCB","created_at":"1389290433.09684","rating":"4","notes":"multiple transactions, all smooth"},
{"id":"30304","rater_nick":"therealNano","rated_nick":"BCB","created_at":"1392406902.58747","rating":"2","notes":"trade for 4btc, he sent first"},
{"id":"30311","rater_nick":"Blazed","rated_nick":"BCB","created_at":"1378951108.0812","rating":"1","notes":"My PayPal his BTC smooth"},
{"id":"30745","rater_nick":"mrkent","rated_nick":"BCB","created_at":"1380936724.60855","rating":"1","notes":"paid up on a 2btc bet"},
{"id":"31302","rater_nick":"ThePendulum","rated_nick":"BCB","created_at":"1383497997.73362","rating":"1","notes":"Quick and flawless PPUSD->BTC transaction. Comfortable interaction."},
{"id":"31390","rater_nick":"talisman","rated_nick":"BCB","created_at":"1383810363.53832","rating":"1","notes":"Smooth PPUSD trade 1BTC."},
{"id":"31528","rater_nick":"Anoxy","rated_nick":"BCB","created_at":"1384380264.14684","rating":"1","notes":"- bought 2 BTC via PPUSD - fast and realiable transaction"},
{"id":"31570","rater_nick":"anarchy5","rated_nick":"BCB","created_at":"1384487084.57442","rating":"2","notes":"BTC to PPUSD Thanks for the trust!! Very quick and easy :)"},
{"id":"31572","rater_nick":"sv99","rated_nick":"BCB","created_at":"1384487132.59828","rating":"1","notes":"my ppusd for small amount of btc. quick and easy."},
{"id":"31790","rater_nick":"hobodave","rated_nick":"BCB","created_at":"1386110682.54722","rating":"3","notes":"Paid my USD for his BTC for 3 separate seamless transactions now"},
{"id":"31796","rater_nick":"surge","rated_nick":"BCB","created_at":"1384998006.11543","rating":"1","notes":"small BTC to pp trade. great seller, great communication"},
{"id":"31800","rater_nick":"wahbaduck","rated_nick":"BCB","created_at":"1385344128.58092","rating":"2","notes":"His btc for my PP decent sized transactions"},
{"id":"31806","rater_nick":"dmzpkts","rated_nick":"BCB","created_at":"1385002044.02486","rating":"2","notes":"my wfp2p for his btc. Trusted as hell."},
{"id":"31866","rater_nick":"kork","rated_nick":"BCB","created_at":"1385166678.82679","rating":"1","notes":"smooth ppusd transaction. thanks."},
{"id":"31901","rater_nick":"canvex","rated_nick":"BCB","created_at":"1385262501.26359","rating":"1","notes":"ppusd for btc"},
{"id":"31902","rater_nick":"ur0pl","rated_nick":"BCB","created_at":"1385263094.93733","rating":"1","notes":"good seller"},
{"id":"31917","rater_nick":"danieldaniel","rated_nick":"BCB","created_at":"1385846583.76936","rating":"5","notes":"I dunno man."},
{"id":"31929","rater_nick":"joecool","rated_nick":"BCB","created_at":"1385504589.87275","rating":"2","notes":"2 small serve trades, did not die"},
{"id":"32049","rater_nick":"sovern","rated_nick":"BCB","created_at":"1385568825.083","rating":"1","notes":"My PPUSD for his BTC. Smooth(TM(TM)"},
{"id":"33301","rater_nick":"trilogy456","rated_nick":"BCB","created_at":"1390110438.68572","rating":"1","notes":"my Chase QP for his BTC"},
{"id":"33741","rater_nick":"Apocalyptic","rated_nick":"BCB","created_at":"1392337127.31502","rating":"1","notes":"Paypal, smooth"},
{"id":"33744","rater_nick":"broz","rated_nick":"BCB","created_at":"1392338984.04227","rating":"1","notes":"BTC for my ppusd, smooth"},
{"id":"33749","rater_nick":"odisa","rated_nick":"BCB","created_at":"1392342119.22217","rating":"1","notes":"First time ever buying BTC. Good price via PP; thanks!"},
{"id":"33750","rater_nick":"foist","rated_nick":"BCB","created_at":"1392342155.16806","rating":"1","notes":"He gave me my first transaction for PayPal. Thanks, BCB!"},
{"id":"34073","rater_nick":"csm","rated_nick":"BCB","created_at":"1403792652.60588","rating":"1","notes":"regular"},
{"id":"34283","rater_nick":"zeus93","rated_nick":"BCB","created_at":"1395713641.09884","rating":"1","notes":"Nice,fast 4 digit transaction,thanks"},
{"id":"34709","rater_nick":"peterl","rated_nick":"BCB","created_at":"1397700525.65513","rating":"1","notes":null},
{"id":"34710","rater_nick":"bingoboingo","rated_nick":"BCB","created_at":"1397701013.44775","rating":"1","notes":"Been around Bitcoin forever, investigates scamzors"}
]
