[
{"id":"10789","rater_nick":"ineededausername","rated_nick":"bdk_kluge","created_at":"1336258499.7442","rating":"5","notes":"I trust Kluge here very much, and owe him some money."},
{"id":"10795","rater_nick":"gigavps","rated_nick":"bdk_kluge","created_at":"1336260236.41153","rating":"5","notes":"awesome lender"},
{"id":"10796","rater_nick":"imsaguy","rated_nick":"bdk_kluge","created_at":"1336260354.43642","rating":"6","notes":null},
{"id":"10800","rater_nick":"Maged","rated_nick":"bdk_kluge","created_at":"1336331434.55121","rating":"1","notes":"Bought some delicious granola from Kluge and it arrived quickly and without issue."},
{"id":"11159","rater_nick":"brendio","rated_nick":"bdk_kluge","created_at":"1337886655.6019","rating":"8","notes":"large sums invested pleasure to deal with"},
{"id":"11563","rater_nick":"alexmat","rated_nick":"bdk_kluge","created_at":"1339192822.75213","rating":"4","notes":"deposited a large amount of bitcoins, great communication"},
{"id":"11802","rater_nick":"PatrickHarnett","rated_nick":"bdk_kluge","created_at":"1339907882.44224","rating":"4","notes":"Some decent sized transactions - reliable"},
{"id":"12129","rater_nick":"guruvan","rated_nick":"bdk_kluge","created_at":"1340744336.26053","rating":"1","notes":"invested in BDK - deinitely appreciate Kluge's attentiveness to details, and the transparency he offers investors."},
{"id":"16364","rater_nick":"Immuzikation","rated_nick":"bdk_kluge","created_at":"1350867641.61312","rating":"6","notes":"Rock solid lender. Great guy."},
{"id":"18643","rater_nick":"camolist","rated_nick":"bdk_kluge","created_at":"1355355037.09465","rating":"1","notes":"thanks for holding escrow. everything went very smooth and would highly recommend"},
{"id":"27536","rater_nick":"mircea_popescu","rated_nick":"bdk_kluge","created_at":"1374109002.80102","rating":"-10","notes":"long string of scams. one of bitcoin's worst."}
]
