[
{"id":"32682","rater_nick":"Apocalyptic","rated_nick":"BDKBDK","created_at":"1387182809.21121","rating":"-10","notes":"Shill"},
{"id":"32683","rater_nick":"KINGLILJAYYYYYYY","rated_nick":"BDKBDK","created_at":"1387182817.7196","rating":"10","notes":null},
{"id":"32692","rater_nick":"anduck","rated_nick":"BDKBDK","created_at":"1387182959.03918","rating":"-10","notes":"shill"},
{"id":"34316","rater_nick":"kyrio","rated_nick":"BDKBDK","created_at":"1395865405.54175","rating":"-10","notes":"Scammer\/shill accounts: toronto, chieff, robocope, fktheops, ASAPCA, KINGLILJAYYYYYYY, BDKBDK"}
]
