[
{"id":"23123","rater_nick":"higurashi","rated_nick":"beadlebitcoins","created_at":"1365189826.17207","rating":"5","notes":null},
{"id":"23126","rater_nick":"btcfaucet","rated_nick":"beadlebitcoins","created_at":"1365190544.27103","rating":"1","notes":"Verified bank details on BitBargain"},
{"id":"23268","rater_nick":"bitnumus","rated_nick":"beadlebitcoins","created_at":"1365448244.81643","rating":"1","notes":"Bought BTC for GBP"},
{"id":"25530","rater_nick":"dabble","rated_nick":"beadlebitcoins","created_at":"1369047656.61611","rating":"1","notes":"I bought BTC from him via BitBargain, thanks :)"},
{"id":"29837","rater_nick":"Delerium","rated_nick":"beadlebitcoins","created_at":"1377509562.5826","rating":"1","notes":"smooth 0.6BTC trade on bitbargain"}
]
