[
{"id":"1801","rater_nick":"Keefe","rated_nick":"bearbones","created_at":"1304565310.19314","rating":"1","notes":null},
{"id":"3156","rater_nick":"IanMaxwell","rated_nick":"bearbones","created_at":"1306473523.87628","rating":"1","notes":null},
{"id":"3387","rater_nick":"yrral86","rated_nick":"bearbones","created_at":"1306873207.1839","rating":"2","notes":"bitmunchies.com"},
{"id":"7091","rater_nick":"pigeons","rated_nick":"bearbones","created_at":"1315617875.44543","rating":"1","notes":"ginger"}
]
