[
{"id":"16448","rater_nick":"anduck","rated_nick":"beefsock","created_at":"1355331049.807","rating":"2","notes":"bought some artwork from him, nice n smooth! reliable guy"},
{"id":"16500","rater_nick":"aethero","rated_nick":"beefsock","created_at":"1351134890.67306","rating":"2","notes":"Trust rating is 2, but review of his work is 5\/5"},
{"id":"16661","rater_nick":"zapsoda","rated_nick":"beefsock","created_at":"1351820803.12155","rating":"3","notes":"did some graphics work for me, Very fast, Awesome ideas, Nice. Would highly suggest him for graphics work that need to be done."},
{"id":"16861","rater_nick":"senseless","rated_nick":"beefsock","created_at":"1351899938.07605","rating":"1","notes":"He did some light css work for me. No problems."},
{"id":"16966","rater_nick":"asa1024","rated_nick":"beefsock","created_at":"1352168071.67934","rating":"1","notes":"made two logos for my website and forum.\u00a0 happy with results."},
{"id":"17095","rater_nick":"wormsign","rated_nick":"beefsock","created_at":"1352343423.69921","rating":"1","notes":"did gfx design for me"},
{"id":"17167","rater_nick":"ElevatedDownfall","rated_nick":"beefsock","created_at":"1352676634.02467","rating":"2","notes":"gf design and essay. thank you!"},
{"id":"17556","rater_nick":"bitnumus","rated_nick":"beefsock","created_at":"1353262557.43217","rating":"1","notes":"Created a nice little text logo for me"},
{"id":"17709","rater_nick":"isokivi","rated_nick":"beefsock","created_at":"1363280070.39127","rating":"2","notes":"bought a logo for btctrinkets.com"},
{"id":"18109","rater_nick":"BitAurum","rated_nick":"beefsock","created_at":"1354203758.99943","rating":"2","notes":"Did a nice logo + banner for my website, nice to work with, very good rates."},
{"id":"18350","rater_nick":"weex","rated_nick":"beefsock","created_at":"1354759440.27519","rating":"2","notes":"made a logo super quick with great quality"},
{"id":"18514","rater_nick":"Synops","rated_nick":"beefsock","created_at":"1360682991.36063","rating":"5","notes":"Designed logo for bitfiservices.com and provided a few free versions to decide from and made a free revision later on, highly recommend."},
{"id":"19752","rater_nick":"wizkid057","rated_nick":"beefsock","created_at":"1358457615.67496","rating":"1","notes":"Some quick CSS work. Nice job. Would recommend!"},
{"id":"20952","rater_nick":"BitHub","rated_nick":"beefsock","created_at":"1362117734.40678","rating":"1","notes":"- did Graphics for my site, did a good job and adjustments."}
]
