[
{"id":"18624","rater_nick":"BCB","rated_nick":"beethoven8201","created_at":"1355276283.95334","rating":"1","notes":"Cash Deposit for BTC - Smooth, Patient"},
{"id":"18627","rater_nick":"Keefe","rated_nick":"beethoven8201","created_at":"1355284116.38018","rating":"1","notes":null},
{"id":"18697","rater_nick":"Michail1","rated_nick":"beethoven8201","created_at":"1355592678.89166","rating":"3","notes":"Several 4digit USD transactions for BTC. (Lisa!)"},
{"id":"18941","rater_nick":"aethero","rated_nick":"beethoven8201","created_at":"1356202239.1518","rating":"3","notes":"4 figure transaction for cash deposit. Good trader."},
{"id":"18949","rater_nick":"episking-","rated_nick":"beethoven8201","created_at":"1383253000.03983","rating":"7","notes":"large his cash for my BTC transaction(s). Thank you!"},
{"id":"19311","rater_nick":"Jamesonwa","rated_nick":"beethoven8201","created_at":"1357357383.60755","rating":"4","notes":"safe dealings have fairly large deals with member consisting of 1000$ and 300$"},
{"id":"19594","rater_nick":"ElevatedDownfall","rated_nick":"beethoven8201","created_at":"1357970647.89634","rating":"2","notes":"15 BTC for 7 days, due Friday January 18 at 11:59:59:000 PST"},
{"id":"20000","rater_nick":"carryon","rated_nick":"beethoven8201","created_at":"1359178523.09185","rating":"1","notes":"great buyer"},
{"id":"20184","rater_nick":"StabMe","rated_nick":"beethoven8201","created_at":"1359688803.25503","rating":"1","notes":"Bought $150 MP from the guy. Everything went nice and smoothly. Will come back again."},
{"id":"20395","rater_nick":"ATC","rated_nick":"beethoven8201","created_at":"1360452709.83497","rating":"2","notes":"His MP for my BTC. Smooth trade. Would trade again!"},
{"id":"20523","rater_nick":"Aaron_TangCryp","rated_nick":"beethoven8201","created_at":"1360814750.8794","rating":"2","notes":"Loaned me 2 BTC And everything went well was very clear on all exact details"},
{"id":"21754","rater_nick":"d15__","rated_nick":"beethoven8201","created_at":"1363899677.95147","rating":"2","notes":"Acted as escrow between edmontonreliable. worked well."},
{"id":"21770","rater_nick":"edmontonreliable","rated_nick":"beethoven8201","created_at":"1363899714.87649","rating":"1","notes":"Middle man - legit trustworthy guy, thanks."},
{"id":"22754","rater_nick":"Gladamas","rated_nick":"beethoven8201","created_at":"1364676196.37016","rating":"1","notes":"Did escrow for BTC\/Chase QP tx. Smooth :)"},
{"id":"22856","rater_nick":"yoyoceramic","rated_nick":"beethoven8201","created_at":"1365805624.03681","rating":"3","notes":"He has made many bank deposits to my chase account - always reliable!"},
{"id":"23741","rater_nick":"fluffhead","rated_nick":"beethoven8201","created_at":"1365793742.46822","rating":"1","notes":"very awesome guy, totlly helped me out"},
{"id":"26101","rater_nick":"TigerGuy007","rated_nick":"beethoven8201","created_at":"1370474089.38261","rating":"1","notes":"my btc for his $, 4 digit transaction. easy fast"},
{"id":"26244","rater_nick":"Ex0deus","rated_nick":"beethoven8201","created_at":"1370764752.1308","rating":"1","notes":null},
{"id":"27112","rater_nick":"d3former","rated_nick":"beethoven8201","created_at":"1373068084.73943","rating":"1","notes":"my BTC for Moneypak easy to work with!"},
{"id":"31370","rater_nick":"noself","rated_nick":"beethoven8201","created_at":"1383728216.56136","rating":"5","notes":"helped me set up gpg after multiple ragequits on my behalf, a true hero!."}
]
