[
{"id":"16699","rater_nick":"weenie77","rated_nick":"beeteecee","created_at":"1359614738.24545","rating":"5","notes":"Reliable and always available when I need some btc"},
{"id":"16707","rater_nick":"LRP","rated_nick":"beeteecee","created_at":"1351624540.78712","rating":"4","notes":"Exchanged WU to BTC, fast and efficient."},
{"id":"16829","rater_nick":"GlooBoy","rated_nick":"beeteecee","created_at":"1351826029.07465","rating":"1","notes":"Sm. BTC--->myLR - Answered his many questions. Welcome to OTC."},
{"id":"17175","rater_nick":"chmod755","rated_nick":"beeteecee","created_at":"1352455388.38502","rating":"1","notes":"sold LRUSD for BTC"},
{"id":"18364","rater_nick":"xempew","rated_nick":"beeteecee","created_at":"1354779370.4829","rating":"1","notes":"BTC as promised, thank you!"},
{"id":"18365","rater_nick":"TheButterZone","rated_nick":"beeteecee","created_at":"1354873251.2927","rating":"2","notes":"Paid me to sign up at beeteecee.com\u00a0forum and write articles there"},
{"id":"18419","rater_nick":"LocalBitcoins","rated_nick":"beeteecee","created_at":"1377251777.86835","rating":"1","notes":"Has 100% feedback score on LocalBitcoins.com with 63 confirmed trades. See: https:\/\/localbitcoins.com\/p\/beeteecee\/"},
{"id":"18774","rater_nick":"StygianX9","rated_nick":"beeteecee","created_at":"1359617672.81094","rating":"3","notes":"Another easy BTC purchase"},
{"id":"19634","rater_nick":"clearbox","rated_nick":"beeteecee","created_at":"1358128385.02807","rating":"1","notes":"first trade, helped me quite a bit, interac -> BTC"},
{"id":"19787","rater_nick":"pro2oman","rated_nick":"beeteecee","created_at":"1358571201.60982","rating":"1","notes":"I bought 1 btc for interac, very helpful, no problems, would recommend!"},
{"id":"20090","rater_nick":"xnw","rated_nick":"beeteecee","created_at":"1359418043.28048","rating":"1","notes":"trade of 7btc using interac xfer, easy trade"},
{"id":"23059","rater_nick":"asoltys","rated_nick":"beeteecee","created_at":"1365107701.64079","rating":"10","notes":"Have done dozens of IRL transactions.  Very reliable and friendly"},
{"id":"23077","rater_nick":"robbat2","rated_nick":"beeteecee","created_at":"1365111581.49332","rating":"10","notes":null},
{"id":"26996","rater_nick":"louong","rated_nick":"beeteecee","created_at":"1372721028.63387","rating":"7","notes":"Couple of BTC\/cash in-person deals already. Good guy - has the best rating on localbitcoins in our area."}
]
