[
{"id":"25595","rater_nick":"themartianist","rated_nick":"begmenowno","created_at":"1369269206.0507","rating":"4","notes":"bought btc with a moneypak, very quick and easy."},
{"id":"25842","rater_nick":"slybootz","rated_nick":"begmenowno","created_at":"1369779422.40354","rating":"-10","notes":"ran with my MP :("},
{"id":"25843","rater_nick":"TheLordOfTime","rated_nick":"begmenowno","created_at":"1369779938.86278","rating":"-5","notes":"this nickname is not registered, and can easily be squatted on. Please register your nickname ASAP."}
]
