[
{"id":"18796","rater_nick":"x0Jakeyboy0x","rated_nick":"BeholdGlow","created_at":"1355873230.42931","rating":"1","notes":"Bit of a wait, but things went great. Thanks."},
{"id":"19000","rater_nick":"siesatsu","rated_nick":"BeholdGlow","created_at":"1356406901.40304","rating":"1","notes":"Good seller!"},
{"id":"19043","rater_nick":"batteryfire","rated_nick":"BeholdGlow","created_at":"1356493575.88836","rating":"1","notes":"Sold wal-mart eGift card for BTC. Quick and smooth transaction. Thanks!"},
{"id":"19080","rater_nick":"adinxn","rated_nick":"BeholdGlow","created_at":"1357275746.21736","rating":"-10","notes":"Scammed me out of 20BTC. Do not loan to him."},
{"id":"19082","rater_nick":"GlooBoy","rated_nick":"BeholdGlow","created_at":"1357329358.76125","rating":"-2","notes":"Gots some explaning to do. See adinxn's rating."},
{"id":"19096","rater_nick":"Oldsport","rated_nick":"BeholdGlow","created_at":"1356634719.80921","rating":"1","notes":"lent him coins, paid back promptly"},
{"id":"19194","rater_nick":"nickware","rated_nick":"BeholdGlow","created_at":"1356815396.22931","rating":"1","notes":"purchased walmart GC for my BTC. Smooth transaction, thanks!"},
{"id":"19231","rater_nick":"TraderSam","rated_nick":"BeholdGlow","created_at":"1356924284.65358","rating":"1","notes":"sold bitcoin for eGift, everything went smoothly."},
{"id":"19306","rater_nick":"Ssateneth","rated_nick":"BeholdGlow","created_at":"1357183384.63103","rating":"-10","notes":"DO NOT TRADE! HE IS A SCAMMER! Stole a 200 moneypak from lookingtobuy and 20 bitcoins from adinxn"},
{"id":"19307","rater_nick":"jjjrmy","rated_nick":"BeholdGlow","created_at":"1357183687.5761","rating":"-1","notes":"Said to be a scammer"}
]
