[
{"id":"15984","rater_nick":"lurk_","rated_nick":"beirdo","created_at":"1349926231.83718","rating":"1","notes":"lended to me on btcjam"},
{"id":"16047","rater_nick":"ElevatedDownfall","rated_nick":"beirdo","created_at":"1352602088.31741","rating":"4","notes":"1. sold coffee (bitcoincoffee.com) 2. sold ppusd > btc 3 times"},
{"id":"16212","rater_nick":"lucidlepidoptera","rated_nick":"beirdo","created_at":"1351570724.67488","rating":"2","notes":"multiple bitpantry orders, nice guy"},
{"id":"16306","rater_nick":"dparrish","rated_nick":"beirdo","created_at":"1350704558.15401","rating":"1","notes":"BTC for my LTC"},
{"id":"16327","rater_nick":"fbastage","rated_nick":"beirdo","created_at":"1351192803.39391","rating":"2","notes":"multiple tx, sold him BTC for DWUSD."},
{"id":"16403","rater_nick":"Ex0deus","rated_nick":"beirdo","created_at":"1350945431.1665","rating":"1","notes":"bought my parts for btc :)"},
{"id":"16694","rater_nick":"darsie","rated_nick":"beirdo","created_at":"1351580720.72252","rating":"1","notes":"I bought Austrian stamps for him and sent them to him. He paid with btc."},
{"id":"16995","rater_nick":"Synops","rated_nick":"beirdo","created_at":"1352197058.30975","rating":"1","notes":"Good person, gave Namecoins to them."},
{"id":"17238","rater_nick":"bonks","rated_nick":"beirdo","created_at":"1352601123.05297","rating":"1","notes":"Sold him an X6500 FPGA bitcoin miner for BTC."},
{"id":"17815","rater_nick":"TheButterZone","rated_nick":"beirdo","created_at":"1353651730.56845","rating":"1","notes":"Relieved me of my LTC scamcoins for BTC."},
{"id":"18171","rater_nick":"ph0x","rated_nick":"beirdo","created_at":"1355378441.66562","rating":"-4","notes":"Neg rated me for talking to someone else about my coffee."},
{"id":"30670","rater_nick":"coingenuity","rated_nick":"beirdo","created_at":"1380652341.34496","rating":"1","notes":"Long time OTC user"}
]
