[
{"id":"921","rater_nick":"sturles","rated_nick":"Belkaar","created_at":"1302027410.92431","rating":"1","notes":null},
{"id":"1115","rater_nick":"coinpal","rated_nick":"Belkaar","created_at":"1305415402.61435","rating":"5","notes":"automated CoinPal rating"},
{"id":"14241","rater_nick":"OneEyed","rated_nick":"Belkaar","created_at":"1346448868.40138","rating":"1","notes":"Smooth and very quick transaction"},
{"id":"15416","rater_nick":"Luceo","rated_nick":"Belkaar","created_at":"1348876604.86118","rating":"1","notes":"Bought 3 raffle tickets off me for 0.9 BTC."},
{"id":"15896","rater_nick":"Michail1","rated_nick":"Belkaar","created_at":"1349811469.07839","rating":"1","notes":"NMC for BTC exchange. :)"}
]
