[
{"id":"34928","rater_nick":"therealNano","rated_nick":"Belsage","created_at":"1398408805.71733","rating":"1","notes":"his btc for my PP. so far so good"},
{"id":"35189","rater_nick":"TheKingOfPoon","rated_nick":"Belsage","created_at":"1399539635.53696","rating":"1","notes":"My Pexpeppers.com Hot Sauce for his PPUSD"},
{"id":"35191","rater_nick":"endless","rated_nick":"Belsage","created_at":"1399537970.9765","rating":"1","notes":null},
{"id":"35202","rater_nick":"bigtip","rated_nick":"Belsage","created_at":"1399670317.1442","rating":"1","notes":"my btc for their mp"},
{"id":"35876","rater_nick":"ThePendulum","rated_nick":"Belsage","created_at":"1404082916.29393","rating":"1","notes":"His BTC for my PPUSD. Carried by angels."},
{"id":"35900","rater_nick":"coin_trader","rated_nick":"Belsage","created_at":"1404175299.80426","rating":"1","notes":"Ran out to grab a MP for him. dmzpkts did the escrow. went off without a hitch"},
{"id":"36031","rater_nick":"aegis","rated_nick":"Belsage","created_at":"1405299026.50255","rating":"1","notes":"My MP for their BTC... Smooth and easy."},
{"id":"36216","rater_nick":"DoctorBTC","rated_nick":"Belsage","created_at":"1406777714.19806","rating":"1","notes":"His BTC for my Moneypak (~$450). All good."},
{"id":"36371","rater_nick":"boggle77","rated_nick":"Belsage","created_at":"1407800812.01644","rating":"1","notes":"Traded my GDMP for his BTC. Quick and easy. Thanks."},
{"id":"38415","rater_nick":"GlooBoy","rated_nick":"Belsage","created_at":"1469481243.09255","rating":"1","notes":"Fast and Easy - myBtc for PPmyCashCard"}
]
