[
{"id":"32318","rater_nick":"QG","rated_nick":"Belxjander","created_at":"1386186204.77169","rating":"1","notes":"Awesome!!"},
{"id":"36474","rater_nick":"Usagi","rated_nick":"Belxjander","created_at":"1408282787.80958","rating":"1","notes":"often performs selfless acts like lending a kid on the train his tablet to help him learn Japanese."},
{"id":"37573","rater_nick":"bigtip","rated_nick":"Belxjander","created_at":"1424230482.0876","rating":"1","notes":"Sold them a R Pi had tiny payment issue but Belxjander came through, thanks!"}
]
