[
{"id":"21345","rater_nick":"kakobrekla","rated_nick":"ben_vulpes","created_at":"1396125387.82953","rating":"2","notes":"socket hookup, runs bitcoin related blog (http:\/\/cascadianhacker.com)"},
{"id":"21472","rater_nick":"smickles","rated_nick":"ben_vulpes","created_at":"1363202239.80955","rating":"1","notes":null},
{"id":"22666","rater_nick":"Ssateneth","rated_nick":"ben_vulpes","created_at":"1364526112.62317","rating":"1","notes":"I sold him BTC for his Dwolla. High three-figure transaction."},
{"id":"31931","rater_nick":"thestringpuller","rated_nick":"ben_vulpes","created_at":"1395956071.30091","rating":"4","notes":"he stays icy-hot while all these niggas been gay."},
{"id":"33513","rater_nick":"mircea_popescu","rated_nick":"ben_vulpes","created_at":"1417078978.93857","rating":"3","notes":"Co-chair of Bitcoin Foundation."},
{"id":"33527","rater_nick":"jurov","rated_nick":"ben_vulpes","created_at":"1391309950.47606","rating":"1","notes":"good work on mpex missing manual"},
{"id":"34085","rater_nick":"bingoboingo","rated_nick":"ben_vulpes","created_at":"1407287745.06155","rating":"3","notes":"Ad Network Wizard"},
{"id":"34332","rater_nick":"moiety","rated_nick":"ben_vulpes","created_at":"1398212179.75591","rating":"2","notes":"good guy with a great troll radar; keeps me right"},
{"id":"34361","rater_nick":"pete_dushenski","rated_nick":"ben_vulpes","created_at":"1409389011.25785","rating":"3","notes":"runs van-ads live from the 504"},
{"id":"34507","rater_nick":"assbot","rated_nick":"ben_vulpes","created_at":"1397196382.86385","rating":"1","notes":"#bitcoin-assets"},
{"id":"34639","rater_nick":"dignork","rated_nick":"ben_vulpes","created_at":"1397500467.94205","rating":"1","notes":"#bitcoin-assets"},
{"id":"34698","rater_nick":"Josh_Rossi","rated_nick":"ben_vulpes","created_at":"1397666898.38336","rating":"1","notes":null},
{"id":"34718","rater_nick":"fluffypony","rated_nick":"ben_vulpes","created_at":"1397756265.49101","rating":"1","notes":"best ben on freenode"},
{"id":"34925","rater_nick":"decimation","rated_nick":"ben_vulpes","created_at":"1398402582.11188","rating":"1","notes":"gave me a hand"},
{"id":"35081","rater_nick":"rye","rated_nick":"ben_vulpes","created_at":"1398976681.55478","rating":"2","notes":"upstanding fellow"},
{"id":"35108","rater_nick":"cgcardona","rated_nick":"ben_vulpes","created_at":"1399133911.42194","rating":"1","notes":"Seen often in #bitcoin-assets. Runs http:\/\/cascadianhacker.com\/"},
{"id":"35249","rater_nick":"Mats_cd03","rated_nick":"ben_vulpes","created_at":"1400008469.28955","rating":"1","notes":"web developer and #bitcoin-assets regular"},
{"id":"35348","rater_nick":"xmj","rated_nick":"ben_vulpes","created_at":"1400823623.65066","rating":"3","notes":"has mutual interests"},
{"id":"35770","rater_nick":"mats","rated_nick":"ben_vulpes","created_at":"1403494499.47228","rating":"1","notes":"semantic asshole"},
{"id":"36282","rater_nick":"OgNasty","rated_nick":"ben_vulpes","created_at":"1407360453.0271","rating":"-1","notes":"Abuses WOT rating system."},
{"id":"36328","rater_nick":"mod6","rated_nick":"ben_vulpes","created_at":"1417116386.01443","rating":"3","notes":"The Bitcoin Foundation Co-Chair"},
{"id":"36605","rater_nick":"midnightmagic","rated_nick":"ben_vulpes","created_at":"1409468253.01037","rating":"-1","notes":"Has trouble with logic; negrated likely in retaliation for a kickban; makes extensive demands when asked about it; pro-conformal cheering squad member #7; reinforces attack if you don't use the WoT the way he wants you to."},
{"id":"36673","rater_nick":"thickasthieves","rated_nick":"ben_vulpes","created_at":"1410026604.5286","rating":"2","notes":"Met IRL for drinks and neither of us murdered the other"},
{"id":"37063","rater_nick":"trinque","rated_nick":"ben_vulpes","created_at":"1414698240.88561","rating":"2","notes":"doing important work to deturd the client"},
{"id":"37136","rater_nick":"punkman","rated_nick":"ben_vulpes","created_at":"1415790298.67738","rating":"1","notes":"therealbitcoin.org"},
{"id":"37252","rater_nick":"PinkPosixPXE","rated_nick":"ben_vulpes","created_at":"1417456354.87532","rating":"1","notes":"Great work done for the Bitcoin Foundation : http:\/\/f9beb4d9.org\/ml\/btc-dev\/2014-December\/000015.html"},
{"id":"38406","rater_nick":"felipelalli","rated_nick":"ben_vulpes","created_at":"1468036410.31486","rating":"3","notes":"He is an awesome guy, he helped me with datomic."}
]
