[
{"id":"120","rater_nick":"nelisky","rated_nick":"bencoder","created_at":"1291157823.29216","rating":"1","notes":null},
{"id":"134","rater_nick":"lolcat","rated_nick":"bencoder","created_at":"1291515697.49227","rating":"1","notes":null},
{"id":"1135","rater_nick":"AtlasLGo","rated_nick":"bencoder","created_at":"1303055677.04459","rating":"2","notes":null},
{"id":"1185","rater_nick":"carpet","rated_nick":"bencoder","created_at":"1303252805.75341","rating":"1","notes":null},
{"id":"1642","rater_nick":"lyspooner","rated_nick":"bencoder","created_at":"1304364648.52537","rating":"1","notes":null},
{"id":"2129","rater_nick":"Lachesis","rated_nick":"bencoder","created_at":"1305065760.15827","rating":"2","notes":"Sold me some Zimbabwe notes for way too many Bitcoins a long time ago :)"},
{"id":"2360","rater_nick":"ribuck","rated_nick":"bencoder","created_at":"1305373271.57384","rating":"1","notes":"Smooth transaction using Clearcoin"},
{"id":"3554","rater_nick":"kevinmonk","rated_nick":"bencoder","created_at":"1307043440.8756","rating":"1","notes":"good trade for 7btc with GBP"},
{"id":"3568","rater_nick":"obfuscatr","rated_nick":"bencoder","created_at":"1307045224.58235","rating":"3","notes":"easy transaction, gbp for btc"},
{"id":"7690","rater_nick":"danieldaniel","rated_nick":"bencoder","created_at":"1320787629.48878","rating":"1","notes":"Seamless paypal trade\u2026 :)"},
{"id":"7692","rater_nick":"pirateat40","rated_nick":"bencoder","created_at":"1320791647.69601","rating":"1","notes":"Purchase BTC for PPUSD"},
{"id":"25496","rater_nick":"bitnumus","rated_nick":"bencoder","created_at":"1369337024.12478","rating":"1","notes":"Bought BTC for GBP"}
]
