[
{"id":"15860","rater_nick":"GlooBoy","rated_nick":"bendiken","created_at":"1349717472.12475","rating":"1","notes":"sm myAmazon--->BTC\/GOX. Welcome to OTC"},
{"id":"16596","rater_nick":"AnonX","rated_nick":"bendiken","created_at":"1351287953.52164","rating":"1","notes":"Traded around 30BTC for MB, he was very effiecent and pleasure to deal with"},
{"id":"16948","rater_nick":"bitcoinsinberlin","rated_nick":"bendiken","created_at":"1353571125.87487","rating":"5","notes":"multiple IRL transactions for BTC and Casascius, will repeat."},
{"id":"20162","rater_nick":"allkindsofshit","rated_nick":"bendiken","created_at":"1359633546.18866","rating":"5","notes":"many personal encounters, trustworthy and obviously deeply embedded in the bitcoin spirit"},
{"id":"28816","rater_nick":"LocalBitcoins","rated_nick":"bendiken","created_at":"1377250837.27599","rating":"1","notes":"Has 100% feedback score on LocalBitcoins.com with 12 confirmed trades. See: https:\/\/localbitcoins.com\/p\/Arto\/"}
]
