[
{"id":"20836","rater_nick":"BCB","rated_nick":"BenderCoin","created_at":"1365106138.14693","rating":"3","notes":"My Chase Transfer for his bitcoin"},
{"id":"21202","rater_nick":"genBTC","rated_nick":"BenderCoin","created_at":"1362613718.41657","rating":"1","notes":"Sent me the BTC first for paypal. Smooth & Recommended"},
{"id":"21263","rater_nick":"noitev","rated_nick":"BenderCoin","created_at":"1362720072.28395","rating":"1","notes":"easy pp trx thanks"},
{"id":"25718","rater_nick":"BigBitz","rated_nick":"BenderCoin","created_at":"1369497979.13053","rating":"1","notes":"His BTC for my PPUSD. He sent first! Smooth!"}
]
