[
{"id":"3438","rater_nick":"bou707","rated_nick":"benehsv","created_at":"1306963242.88784","rating":"1","notes":"first transaction PP"},
{"id":"3549","rater_nick":"kcinick","rated_nick":"benehsv","created_at":"1307039465.61756","rating":"1","notes":null},
{"id":"3562","rater_nick":"wayone","rated_nick":"benehsv","created_at":"1307044316.2063","rating":"10","notes":"good friend of mine. trustworthy"},
{"id":"3596","rater_nick":"gjs278","rated_nick":"benehsv","created_at":"1307058792.26528","rating":"2","notes":null},
{"id":"3682","rater_nick":"partyp","rated_nick":"benehsv","created_at":"1307115140.59387","rating":"1","notes":"large transaction fee in paypal due to international trade. Thus we split fee and we both got less than what we wanted. Would have been nice to know this before hand, Other than that, helpful person and fast transaction."},
{"id":"4013","rater_nick":"djoot","rated_nick":"benehsv","created_at":"1307294246.96399","rating":"2","notes":"smooth transaction"},
{"id":"5163","rater_nick":"sonba","rated_nick":"benehsv","created_at":"1308075459.43098","rating":"1","notes":null},
{"id":"5350","rater_nick":"tiner","rated_nick":"benehsv","created_at":"1308351105.78288","rating":"1","notes":null},
{"id":"6288","rater_nick":"zmcmoto1","rated_nick":"benehsv","created_at":"1311201627.07615","rating":"1","notes":"Great transaction with PPUSD to MTGUSD."},
{"id":"6456","rater_nick":"slothearn","rated_nick":"benehsv","created_at":"1312218378.99279","rating":"1","notes":"PP for MTGUSD, all good :)"},
{"id":"6463","rater_nick":"pirateat40","rated_nick":"benehsv","created_at":"1337874715.34788","rating":"3","notes":"Member - Multiple trades and\/or business."},
{"id":"6516","rater_nick":"akhan08","rated_nick":"benehsv","created_at":"1313189178.49645","rating":"5","notes":"multiple high btc and mtgoxusd transactions, very reliable"},
{"id":"16345","rater_nick":"fbastage","rated_nick":"benehsv","created_at":"1350845433.19938","rating":"-3","notes":"WARNING: this nick is not set to ENFORCE. a name squatter is sitting on this name conning people with this person's rating."},
{"id":"16353","rater_nick":"aethero","rated_nick":"benehsv","created_at":"1350852590.03923","rating":"-3","notes":"Nickname is not set to enforce. Whether or not the person using is the owner it shouldn't be trusted. Will remove upon ident."}
]
