[
{"id":"11911","rater_nick":"aethero","rated_nick":"benfenster","created_at":"1342738171.89634","rating":"2","notes":"3 transactions All smooth and effecient."},
{"id":"12247","rater_nick":"Elio19","rated_nick":"benfenster","created_at":"1341207794.42212","rating":"1","notes":"Bought BTCs"},
{"id":"12381","rater_nick":"Michail1","rated_nick":"benfenster","created_at":"1341527406.29748","rating":"1","notes":"Bought his MP for BTC. Thanks."},
{"id":"13082","rater_nick":"bonks","rated_nick":"benfenster","created_at":"1343933771.83357","rating":"2","notes":"Multiple large MP and ACH txns. Always smooth"},
{"id":"13401","rater_nick":"mike2381","rated_nick":"benfenster","created_at":"1344362157.85381","rating":"1","notes":"Bought 80 BTC for PP. Easy, thanks."}
]
