[
{"id":"1644","rater_nick":"Keefe","rated_nick":"benlake","created_at":"1304367720.99393","rating":"2","notes":null},
{"id":"1652","rater_nick":"PLATO","rated_nick":"benlake","created_at":"1304370687.40515","rating":"2","notes":"welcome to -otc, I sold 20 BTC for paypal, he GPG signed my contract"},
{"id":"3042","rater_nick":"astrohacker","rated_nick":"benlake","created_at":"1306336845.82222","rating":"1","notes":"one good transaction, would trade again"},
{"id":"3043","rater_nick":"sharkroman","rated_nick":"benlake","created_at":"1306336896.14566","rating":"2","notes":"very nice person, will trade again"},
{"id":"3044","rater_nick":"MichaelNightTime","rated_nick":"benlake","created_at":"1306337874.52076","rating":"1","notes":"small quick easy transaction"},
{"id":"3871","rater_nick":"Gekz","rated_nick":"benlake","created_at":"1307212922.75069","rating":"2","notes":"the perfect gentleman"},
{"id":"3891","rater_nick":"ErryDayImGenerating","rated_nick":"benlake","created_at":"1307561491.00056","rating":"9","notes":"several grand in transactions 0 problems, highly recomend :)"},
{"id":"3895","rater_nick":"bou707","rated_nick":"benlake","created_at":"1307298709.92306","rating":"2","notes":"multiple transaction cool dude, would trade again"},
{"id":"3934","rater_nick":"EricJ","rated_nick":"benlake","created_at":"1307259463.62501","rating":"1","notes":"First transaction, very helpful."},
{"id":"4038","rater_nick":"brocktice","rated_nick":"benlake","created_at":"1307730796.23098","rating":"2","notes":"2\/2 transactions very good, thanks!"},
{"id":"4048","rater_nick":"sonba","rated_nick":"benlake","created_at":"1307306326.33784","rating":"2","notes":"good comms, no bs, 180PPUSD, MTBTC, very fast transaction"},
{"id":"4160","rater_nick":"kork","rated_nick":"benlake","created_at":"1307365942.19573","rating":"1","notes":"swift and smooth trade"},
{"id":"4174","rater_nick":"Azi`","rated_nick":"benlake","created_at":"1307370434.1634","rating":"1","notes":"Very patient and fair trader."},
{"id":"21643","rater_nick":"fbastage","rated_nick":"benlake","created_at":"1363695453.38444","rating":"-3","notes":"WARNING: this nick is not set to ENFORCE. a name squatter is sitting on this name conning people with this person's rating."}
]
